shobi_code,prestashop_product_id,shobi_inspired_by,classification,reason,match_type,corpus_status,candidate_count,candidate_fids,candidate_urls,refined_status,refined_candidates,refined_urls
130-LEL,1949,SANTAL 26 - LE LABO,NOT_FOUND,NO_FOUND_ID_FOR_CODE,EXACT_NAME_MULTIPLE_CANDIDATES,NO_MATCH,0,,,REFINED_REVIEW,8801:0.940|40205:0.940|75424:0.940|68873:0.940|56395:0.940,https://www.fragrantica.com/perfume/DS-Durga/-8801.html|https://www.fragrantica.com/perfume/L-Artisan-Parfumeur/Santal-40205.html|https://www.fragrantica.com/perfume/Toskovat/A-75424.html|https://www.fragrantica.com/perfume/Abaco-Paris/Labo-68873.html|https://www.fragrantica.com/perfume/Ajmal/Santal-56395.html
184-YAS,,HUBOOB,NOT_FOUND,NO_CORPUS_CODE_MATCH,,NO_MATCH,0,,,REFINED_REVIEW,8801:0.940|9790:0.940|9791:0.940|6468:0.940|17167:0.940,https://www.fragrantica.com/perfume/DS-Durga/-8801.html|https://www.fragrantica.com/perfume/Adolfo-Dominguez/U-9790.html|https://www.fragrantica.com/perfume/Adolfo-Dominguez/U-9791.html|https://www.fragrantica.com/perfume/Agustin-Davila/Hub-6468.html|https://www.fragrantica.com/perfume/Agustin-Davila/Hub-17167.html
200-CIR,,ERNESTO CHE GUEVARA,NOT_FOUND,NO_FOUND_ID_FOR_CODE,,NO_MATCH,0,,,REFINED_REVIEW,1734:0.940|8801:0.940|56381:0.940|771:0.940|75424:0.940,https://www.fragrantica.com/perfume/Carolina-Herrera/CH-1734.html|https://www.fragrantica.com/perfume/DS-Durga/-8801.html|https://www.fragrantica.com/perfume/Lush/V-56381.html|https://www.fragrantica.com/perfume/Valentino/V-771.html|https://www.fragrantica.com/perfume/Toskovat/A-75424.html
222-DIP,1125,AMBRE,NOT_FOUND,NO_FOUND_ID_FOR_CODE,EXACT_NAME_MULTIPLE_CANDIDATES,NO_MATCH,0,,,HOME_NO_PERFUME,,
223-DIP,1126,BAIES,NOT_FOUND,NO_FOUND_ID_FOR_CODE,,NO_MATCH,0,,,HOME_NO_PERFUME,,
227-DIP,1130,FEU DE BOIS / WOOD FIRE,NOT_FOUND,NO_FOUND_ID_FOR_CODE,,NO_MATCH,0,,,HOME_NO_PERFUME,,
228-DIP,1131,FEUILLE DE LAVANDE,NOT_FOUND,NO_FOUND_ID_FOR_CODE,,NO_MATCH,0,,,HOME_NO_PERFUME,,
230-DIP,1133,OPOPANAX,NOT_FOUND,NO_FOUND_ID_FOR_CODE,,NO_MATCH,0,,,HOME_NO_PERFUME,,
258-JOM,1164,GREEN TOMATO LEAF - JO MALONE,NOT_FOUND,NO_FOUND_ID_FOR_CODE,,NO_MATCH,0,,,REFINED_REVIEW,3574:0.940|15240:0.940|8801:0.940|14919:0.940|14918:0.940,https://www.fragrantica.com/perfume/Byredo/Green-3574.html|https://www.fragrantica.com/perfume/Comme-des-Garcons/Green-15240.html|https://www.fragrantica.com/perfume/DS-Durga/-8801.html|https://www.fragrantica.com/perfume/Demeter-Fragrance/Green-Tomato-14919.html|https://www.fragrantica.com/perfume/Demeter-Fragrance/Tomato-14918.html
261-JOM,1167,INCENSE & EMBERS - JO MALONE,NOT_FOUND,NO_FOUND_ID_FOR_CODE,,NO_MATCH,0,,,REFINED_REVIEW,8801:0.940|12188:0.940|75424:0.940|56391:0.940|110053:0.940,https://www.fragrantica.com/perfume/DS-Durga/-8801.html|https://www.fragrantica.com/perfume/Demeter-Fragrance/Incense-12188.html|https://www.fragrantica.com/perfume/Toskovat/A-75424.html|https://www.fragrantica.com/perfume/Ajmal/Incense-56391.html|https://www.fragrantica.com/perfume/Al-Mu-Attar/Embers-110053.html
289-JOM,1190,SWEET ALMON & MACARRON - JO MALONE,NOT_FOUND,NO_FOUND_ID_FOR_CODE,,NO_MATCH,0,,,REFINED_REVIEW,8801:0.940|16570:0.940|75424:0.940|13169:0.940|139004:0.940,https://www.fragrantica.com/perfume/DS-Durga/-8801.html|https://www.fragrantica.com/perfume/Zara/Sweet-16570.html|https://www.fragrantica.com/perfume/Toskovat/A-75424.html|https://www.fragrantica.com/perfume/Alfred-Dunhill/D-13169.html|https://www.fragrantica.com/perfume/ALT-Fragrances/A-139004.html
310-MIL,,FEUILLES DE TABAC,NOT_FOUND,NO_CORPUS_CODE_MATCH,,NO_MATCH,0,,,REFINED_REVIEW,8801:0.940|95637:0.940|75424:0.940|113829:0.940|19389:0.940,https://www.fragrantica.com/perfume/DS-Durga/-8801.html|https://www.fragrantica.com/perfume/Maison-Alhambra/Tabac-95637.html|https://www.fragrantica.com/perfume/Toskovat/A-75424.html|https://www.fragrantica.com/perfume/Aaron-Terence-Hughes/Tabac-113829.html|https://www.fragrantica.com/perfume/Abdes-Salaam-Attars-Perfumes/Tabac-19389.html
311-MOL,1208,amber cocoon-mol,NOT_FOUND,NO_FOUND_ID_FOR_CODE,,NO_MATCH,0,,,REFINED_REVIEW,21779:0.940|20489:0.940|8801:0.940|12801:0.940|27530:0.940,https://www.fragrantica.com/perfume/Al-Haramain-Perfumes/Amber-21779.html|https://www.fragrantica.com/perfume/Amouage/Amber-20489.html|https://www.fragrantica.com/perfume/DS-Durga/-8801.html|https://www.fragrantica.com/perfume/Demeter-Fragrance/Amber-12801.html|https://www.fragrantica.com/perfume/Roja-Dove/Amber-27530.html
313-MOL,1210,thai vert-mol,NOT_FOUND,NO_FOUND_ID_FOR_CODE,,NO_MATCH,0,,,REFINED_REVIEW,8801:0.940|101734:0.940|56381:0.940|43649:0.940|771:0.940,https://www.fragrantica.com/perfume/DS-Durga/-8801.html|https://www.fragrantica.com/perfume/Lush/AI-101734.html|https://www.fragrantica.com/perfume/Lush/V-56381.html|https://www.fragrantica.com/perfume/O-Boticario/Vert-43649.html|https://www.fragrantica.com/perfume/Valentino/V-771.html
314-MOL,1904,ZIAO JAO - MOLTON BROWN,NOT_FOUND,NO_FOUND_ID_FOR_CODE,,NO_MATCH,0,,,REFINED_REVIEW,8801:0.940|63224:0.940|34189:0.940|118715:0.940|75424:0.940,https://www.fragrantica.com/perfume/DS-Durga/-8801.html|https://www.fragrantica.com/perfume/Lush/Brown-63224.html|https://www.fragrantica.com/perfume/Natura/Z-34189.html|https://www.fragrantica.com/perfume/Ahmed-Al-Maghribi/Brown-118715.html|https://www.fragrantica.com/perfume/Toskovat/A-75424.html
326-PECK,1221,CALM - PECKSNIFF'S,NOT_FOUND,NO_FOUND_ID_FOR_CODE,,NO_MATCH,0,,,REFINED_REVIEW,77737:0.940|8801:0.940|46843:0.940|74513:0.940|75424:0.940,https://www.fragrantica.com/perfume/Avon/Calm-77737.html|https://www.fragrantica.com/perfume/DS-Durga/-8801.html|https://www.fragrantica.com/perfume/Natura/K-46843.html|https://www.fragrantica.com/perfume/Victoria-s-Secret/Calm-74513.html|https://www.fragrantica.com/perfume/Toskovat/A-75424.html
330-PG,,ORIENTAL BLOSSOM,NOT_FOUND,NO_FOUND_ID_FOR_CODE,,NO_MATCH,0,,,REFINED_REVIEW,20063:0.940|8801:0.940|4522:0.940|16574:0.940|75424:0.940,https://www.fragrantica.com/perfume/Al-Rehab/Orient-20063.html|https://www.fragrantica.com/perfume/DS-Durga/-8801.html|https://www.fragrantica.com/perfume/Etat-Libre-d-Orange/Rien-4522.html|https://www.fragrantica.com/perfume/Zara/Oriental-16574.html|https://www.fragrantica.com/perfume/Toskovat/A-75424.html
331-PG,,CRYSTAL WATER & WATER LILY,NOT_FOUND,NO_FOUND_ID_FOR_CODE,,NO_MATCH,0,,,REFINED_REVIEW,20138:0.940|82210:0.940|8801:0.940|2002:0.940|34188:0.940,https://www.fragrantica.com/perfume/Al-Rehab/Crystal-20138.html|https://www.fragrantica.com/perfume/Avon/Lily-82210.html|https://www.fragrantica.com/perfume/DS-Durga/-8801.html|https://www.fragrantica.com/perfume/Dior/Lily-2002.html|https://www.fragrantica.com/perfume/Natura/Y-34188.html
334-SHI,,SHIRLEY MAY,NOT_FOUND,NO_FOUND_ID_FOR_CODE,,NO_MATCH,0,,,REFINED_REVIEW,8801:0.940|34188:0.940|100:0.940|75424:0.940|1638:0.940,https://www.fragrantica.com/perfume/DS-Durga/-8801.html|https://www.fragrantica.com/perfume/Natura/Y-34188.html|https://www.fragrantica.com/perfume/Yves-Saint-Laurent/Y-100.html|https://www.fragrantica.com/perfume/Toskovat/A-75424.html|https://www.fragrantica.com/perfume/Alfred-Sung/Shi-1638.html
335-THCO,1231,CASHMERE BLANC - THE WHITE COMPANY,NOT_FOUND,NO_FOUND_ID_FOR_CODE,,NO_MATCH,0,,,HOME_NO_PERFUME,,
336-THCO,1232,NARCISSUS NOIR - THE WHITE COMPANY,NOT_FOUND,NO_FOUND_ID_FOR_CODE,,NO_MATCH,0,,,HOME_NO_PERFUME,,
379-YAN,1263,CLEAN COTTON - YANKEE CANDLES,NOT_FOUND,NO_FOUND_ID_FOR_CODE,,NO_MATCH,0,,,HOME_NO_PERFUME,,
380-YAN,1264,FALL FESTIVAL - YANKEE CANDLES,NOT_FOUND,NO_FOUND_ID_FOR_CODE,,NO_MATCH,0,,,HOME_NO_PERFUME,,
381-YAN,1265,FRESH CUT ROSES - YANKEE CANDLES,NOT_FOUND,NO_FOUND_ID_FOR_CODE,,NO_MATCH,0,,,HOME_NO_PERFUME,,
382-YAN,1266,POMEGRANATE CIDER - YANKEE CANDLES,NOT_FOUND,NO_FOUND_ID_FOR_CODE,,NO_MATCH,0,,,HOME_NO_PERFUME,,
383-YAN,2105,WEDDING DAY - YANKEE,NOT_FOUND,NO_FOUND_ID_FOR_CODE,,NO_MATCH,0,,,HOME_NO_PERFUME,,
564-DOL,1937,SEXY CHOCLATE,NOT_FOUND,NO_FOUND_ID_FOR_CODE,,NO_MATCH,0,,,STILL_NO_MATCH,,
720-GUL,,CLASSIQUE,NOT_FOUND,NO_CORPUS_CODE_MATCH,,MULTIPLE_EXACT,2,427|98893,https://www.fragrantica.com/perfume/Jean-Paul-Gaultier/Classique-427.html|https://www.fragrantica.com/perfume/Athoor-Al-Alam/Classique-98893.html,REFINED_REVIEW,427:1.000|98893:1.000|116397:0.940|8801:0.940|108868:0.940,https://www.fragrantica.com/perfume/Jean-Paul-Gaultier/Classique-427.html|https://www.fragrantica.com/perfume/Athoor-Al-Alam/Classique-98893.html|https://www.fragrantica.com/perfume/Comme-des-Garcons/Classique-Perdu-116397.html|https://www.fragrantica.com/perfume/DS-Durga/-8801.html|https://www.fragrantica.com/perfume/Fragrance-World/Pur-Classique-108868.html
900-ROG,,FLEUR DE FIGUIER,NOT_FOUND,NO_CORPUS_CODE_MATCH,,NO_MATCH,0,,,STILL_NO_MATCH,,
995-ZAR,,POUR FEMME,NOT_FOUND,NO_CORPUS_CODE_MATCH,,MULTIPLE_EXACT,2,117994|87316,https://www.fragrantica.com/perfume/Amoret/Pour-Femme-117994.html|https://www.fragrantica.com/perfume/Camille-Rochelle/Pour-Femme-87316.html,REFINED_REVIEW,117994:1.000|87316:1.000|71177:0.940|78541:0.940|78544:0.940,https://www.fragrantica.com/perfume/Amoret/Pour-Femme-117994.html|https://www.fragrantica.com/perfume/Camille-Rochelle/Pour-Femme-87316.html|https://www.fragrantica.com/perfume/Afnan/Ornament-Pour-Femme-71177.html|https://www.fragrantica.com/perfume/Afnan/9am-pour-Femme-78541.html|https://www.fragrantica.com/perfume/Afnan/9pm-pour-Femme-78544.html
1076-DRC,,FAHRENEIT,NOT_FOUND,NO_CORPUS_CODE_MATCH,,NO_MATCH,0,,,REFINED_REVIEW,228:1.000|11388:0.940|2609:0.940|987:0.940|6555:0.940,https://www.fragrantica.com/perfume/Dior/Fahrenheit-228.html|https://www.fragrantica.com/perfume/Dior/Aqua-Fahrenheit-11388.html|https://www.fragrantica.com/perfume/Dior/Fahrenheit-0-Degree-2609.html|https://www.fragrantica.com/perfume/Dior/Fahrenheit-32-987.html|https://www.fragrantica.com/perfume/Dior/Fahrenheit-Absolute-6555.html
1121-GFE,,FERRE MAN,NOT_FOUND,NO_CORPUS_CODE_MATCH,,NO_MATCH,0,,,STILL_NO_MATCH,,
1196-LAC,,L.12.12 MAGNETIC,NOT_FOUND,NO_CORPUS_CODE_MATCH,,NO_MATCH,0,,,STILL_NO_MATCH,,
1494-BOD,,RED MUSK OUD,NOT_FOUND,NO_CORPUS_CODE_MATCH,,NO_MATCH,0,,,STILL_NO_MATCH,,
1526-AL HAR,,MUKHALLAT AL EMIRATES,NOT_FOUND,NO_CORPUS_CODE_MATCH,,NO_MATCH,0,,,STILL_NO_MATCH,,
1534-SWI,,SWISS ARMY VICTORINOX,NOT_FOUND,NO_CORPUS_CODE_MATCH,,NO_MATCH,0,,,STILL_NO_MATCH,,
1550-YAN,2331,HOME SWEET HOME - YANKEE,NOT_FOUND,NO_FOUND_ID_FOR_CODE,,NO_MATCH,0,,,HOME_NO_PERFUME,,
1629-AL HAR,,MUSK MALIKI,NOT_FOUND,NO_CORPUS_CODE_MATCH,,MULTIPLE_EXACT,2,48224|70385,https://www.fragrantica.com/perfume/Al-Haramain-Perfumes/Musk-Maliki-48224.html|https://www.fragrantica.com/perfume/Al-Haramain-Perfumes/Musk-Maliki-70385.html,REFINED_REVIEW,48224:1.000|70385:1.000|19953:0.940|3902:0.769|3904:0.741,https://www.fragrantica.com/perfume/Al-Haramain-Perfumes/Musk-Maliki-48224.html|https://www.fragrantica.com/perfume/Al-Haramain-Perfumes/Musk-Maliki-70385.html|https://www.fragrantica.com/perfume/Al-Haramain-Perfumes/Musk-19953.html|https://www.fragrantica.com/perfume/Al-Haramain-Perfumes/Mubakhar-Maliki-3902.html|https://www.fragrantica.com/perfume/Al-Haramain-Perfumes/Mukhamria-Maliki-3904.html
1748-BYR,2602,Marijuana,NOT_FOUND,NO_FOUND_ID_FOR_CODE,,NO_MATCH,0,,,REFINED_REVIEW,31661:0.940|8801:0.940|75424:0.940|9790:0.940|9791:0.940,https://www.fragrantica.com/perfume/Ariana-Grande/Ari-31661.html|https://www.fragrantica.com/perfume/DS-Durga/-8801.html|https://www.fragrantica.com/perfume/Toskovat/A-75424.html|https://www.fragrantica.com/perfume/Adolfo-Dominguez/U-9790.html|https://www.fragrantica.com/perfume/Adolfo-Dominguez/U-9791.html
1781-LAC,,TOUCH OF SUN,NOT_FOUND,NO_CORPUS_CODE_MATCH,,NO_MATCH,0,,,STILL_NO_MATCH,,
1869-DOL,,BY,NOT_FOUND,NO_CORPUS_CODE_MATCH,,MULTIPLE_EXACT,2,489|490,https://www.fragrantica.com/perfume/Dolce-Gabbana/By-489.html|https://www.fragrantica.com/perfume/Dolce-Gabbana/By-490.html,REFINED_REVIEW,489:1.000|490:1.000|56358:0.940|62311:0.940|89373:0.940,https://www.fragrantica.com/perfume/Dolce-Gabbana/By-489.html|https://www.fragrantica.com/perfume/Dolce-Gabbana/By-490.html|https://www.fragrantica.com/perfume/Dolce-Gabbana/K-by-Dolce-Gabbana-56358.html|https://www.fragrantica.com/perfume/Dolce-Gabbana/K-by-Dolce-Gabbana-Eau-de-Parfum-62311.html|https://www.fragrantica.com/perfume/Dolce-Gabbana/K-by-Dolce-Gabbana-Eau-de-Parfum-Intense-89373.html
1955-LAP,,CELLULAR ENERGIZING,NOT_FOUND,NO_CORPUS_CODE_MATCH,,NO_MATCH,0,,,REFINED_REVIEW,8801:0.940|34189:0.940|75424:0.940|9790:0.940|9791:0.940,https://www.fragrantica.com/perfume/DS-Durga/-8801.html|https://www.fragrantica.com/perfume/Natura/Z-34189.html|https://www.fragrantica.com/perfume/Toskovat/A-75424.html|https://www.fragrantica.com/perfume/Adolfo-Dominguez/U-9790.html|https://www.fragrantica.com/perfume/Adolfo-Dominguez/U-9791.html
2085-CLIV,3455,X NEROLI LIMITED EDITION - CLIVE CHRISTIAN,NOT_FOUND,NO_FOUND_ID_FOR_CODE,,NO_MATCH,0,,,STILL_NO_MATCH,,
2133-FRE,3567,Lipstick Rose Eau de Parfum,NOT_FOUND,NO_CORPUS_CODE_MATCH,,NO_MATCH,0,,,REFINED_REVIEW,2799:1.000|2799:1.000|52127:0.940|52127:0.940|126845:0.940,https://www.fragrantica.com/perfume/Frederic-Malle/Lipstick-Rose-2799.html|https://www.fragrantica.com/perfume/Frederic-Malle-Editions-de-Parfums/Lipstick-Rose-2799.html|https://www.fragrantica.com/perfume/Frederic-Malle/Lipstick-Rose-Limited-Edition-2018-52127.html|https://www.fragrantica.com/perfume/Frederic-Malle-Editions-de-Parfums/Lipstick-Rose-Limited-Edition-2018-52127.html|https://www.fragrantica.com/perfume/Frederic-Malle-Editions-de-Parfums/Lipstick-Rose-Hair-Mist-126845.html
2172-SWISA,,KASHKHA,NOT_FOUND,NO_CORPUS_CODE_MATCH,,MULTIPLE_EXACT,2,19456|21625,https://www.fragrantica.com/perfume/Swiss-Arabian/Kashkha-19456.html|https://www.fragrantica.com/perfume/Arabian-Oud/Kashkha-21625.html,REFINED_REVIEW,19456:1.000|21625:1.000|8801:0.940|46843:0.940|54144:0.940,https://www.fragrantica.com/perfume/Swiss-Arabian/Kashkha-19456.html|https://www.fragrantica.com/perfume/Arabian-Oud/Kashkha-21625.html|https://www.fragrantica.com/perfume/DS-Durga/-8801.html|https://www.fragrantica.com/perfume/Natura/K-46843.html|https://www.fragrantica.com/perfume/Swiss-Arabian/Kashkha-CPO-54144.html
2282-DRC,3915,Dioriviera Eau de Parfum,NOT_FOUND,NO_CORPUS_CODE_MATCH,,NO_MATCH,0,,,REFINED_STRONG,81847:1.000|29353:0.778,https://www.fragrantica.com/perfume/Dior/Dioriviera-81847.html|https://www.fragrantica.com/perfume/Dior/Diorever-29353.html
2313-DRC,,SAUVAGE PARFUM 2019,NOT_FOUND,NO_CORPUS_CODE_MATCH,,NO_MATCH,0,,,REFINED_REVIEW,56324:1.000|14811:0.940|43977:0.940|31861:0.940|114984:0.940,https://www.fragrantica.com/perfume/Dior/Sauvage-Parfum-56324.html|https://www.fragrantica.com/perfume/Dior/Eau-Sauvage-Parfum-14811.html|https://www.fragrantica.com/perfume/Dior/Eau-Sauvage-Parfum-2017-43977.html|https://www.fragrantica.com/perfume/Dior/Sauvage-31861.html|https://www.fragrantica.com/perfume/Dior/Sauvage-Parfum-Into-The-Wild-114984.html
2438-KYLJE,,COSMIC,NOT_FOUND,NO_CORPUS_CODE_MATCH,,NO_MATCH,0,,,REFINED_REVIEW,55451:1.000|12288:0.940|8801:0.940|32535:0.940|106866:0.940,https://www.fragrantica.com/perfume/Agent-Provocateur/Cosmic-55451.html|https://www.fragrantica.com/perfume/Britney-Spears/Cosmic-Radiance-12288.html|https://www.fragrantica.com/perfume/DS-Durga/-8801.html|https://www.fragrantica.com/perfume/DS-Durga/El-Cosmico-32535.html|https://www.fragrantica.com/perfume/French-Avenue/COSMIC-TONKA-106866.html
2586-DIP,4367,Biscuit DIP,NOT_FOUND,NO_FOUND_ID_FOR_CODE,,NO_MATCH,0,,,HOME_NO_PERFUME,,
2701-DIP,4640,Cafe Verlet,NOT_FOUND,NO_FOUND_ID_FOR_CODE,,NO_MATCH,0,,,HOME_NO_PERFUME,,
2816-MOOD,5083,Blonde Maracuja Mood London,NOT_FOUND,NO_FOUND_ID_FOR_CODE,CONFIRMED_MAPPING_ONLY,NO_MATCH,0,,,REFINED_REVIEW,813:0.940|8801:0.940|45886:0.940|18883:0.940|1412:0.940,https://www.fragrantica.com/perfume/Burberry/London-813.html|https://www.fragrantica.com/perfume/DS-Durga/-8801.html|https://www.fragrantica.com/perfume/Roja-Dove/London-45886.html|https://www.fragrantica.com/perfume/Tom-Ford/London-18883.html|https://www.fragrantica.com/perfume/Versace/Blonde-1412.html
,2688,Danat Al Duniya Eau de Parfum,NOT_FOUND,NO_CORPUS_CODE_MATCH,,NO_MATCH,0,,,REFINED_REVIEW,8801:0.940|34188:0.940|100:0.940|75424:0.940|9790:0.940,https://www.fragrantica.com/perfume/DS-Durga/-8801.html|https://www.fragrantica.com/perfume/Natura/Y-34188.html|https://www.fragrantica.com/perfume/Yves-Saint-Laurent/Y-100.html|https://www.fragrantica.com/perfume/Toskovat/A-75424.html|https://www.fragrantica.com/perfume/Adolfo-Dominguez/U-9790.html
