shobi_code,shobi_name,old_classification,old_brand_hint,old_brand_source,old_cand1_id,fallback_classification,fallback_margin,cand1_id,cand1_brand,cand1_name,cand1_score,cand1_url,cand2_id,cand2_brand,cand2_name,cand2_score,cand2_url,cand3_id,cand3_brand,cand3_name,cand3_score,cand3_url,cand4_id,cand4_brand,cand4_name,cand4_score,cand4_url,cand5_id,cand5_brand,cand5_name,cand5_score,cand5_url
130-LEL,SANTAL 26 - LE LABO,WEAK_REVIEW,Le Labo,verified_suffix,12201,GLOBAL_WEAK,0.0000,45006,Allen Shaw,Santal,0.8000,https://www.fragrantica.com/perfume/Allen-Shaw/Santal-45006.html,140562,Celio,Santal,0.8000,https://www.fragrantica.com/perfume/Celio/Santal-140562.html,56395,Ajmal,Santal,0.8000,https://www.fragrantica.com/perfume/Ajmal/Santal-56395.html,40205,L Artisan Parfumeur,Santal,0.8000,https://www.fragrantica.com/perfume/L-Artisan-Parfumeur/Santal-40205.html,12201,Le Labo,Santal 33,0.7778,https://www.fragrantica.com/perfume/Le-Labo/Santal-33-12201.html
133-MICA,YLANG IN GOLD - M,WEAK_REVIEW,,,46469,GLOBAL_WEAK,0.0000,46469,By Kilian,Woman in Gold,0.8000,https://www.fragrantica.com/perfume/By-Kilian/Woman-in-Gold-46469.html,36874,City Parfum,In Gold,0.8000,https://www.fragrantica.com/perfume/City-Parfum/In-Gold-36874.html,32693,Victoria s Secret,Angel Gold,0.6957,https://www.fragrantica.com/perfume/Victoria-s-Secret/Angel-Gold-32693.html,7315,O Boticario,Floratta in Gold,0.6897,https://www.fragrantica.com/perfume/O-Boticario/Floratta-in-Gold-7315.html,78617,Lattafa Perfumes,Najdia in Gold,0.6667,https://www.fragrantica.com/perfume/Lattafa-Perfumes/Najdia-in-Gold-78617.html
166-AZ,Sequoia Wood Eau de Parfum,WEAK_REVIEW,,,39790,GLOBAL_WEAK,0.0000,39790,Abbott New York City,Sequoia,0.6667,https://www.fragrantica.com/perfume/Abbott-New-York-City/Sequoia-39790.html,86184,The Dua Brand,Femme Wood,0.6667,https://www.fragrantica.com/perfume/The-Dua-Brand/Femme-Wood-86184.html,66174,DSQUARED2,2 Wood,0.6667,https://www.fragrantica.com/perfume/DSQUARED2/2-Wood-66174.html,90631,d grayi,Wood,0.6667,https://www.fragrantica.com/perfume/d-grayi/Wood-90631.html,13417,Bill Blass,Wood,0.6667,https://www.fragrantica.com/perfume/Bill-Blass/Wood-13417.html
171-DUP,Souvenirs De Malles Oud Oriental,WEAK_REVIEW,,,27483,GLOBAL_WEAK,0.0000,27483,Al Musbah,Oud Oriental,0.6667,https://www.fragrantica.com/perfume/Al-Musbah/Oud-Oriental-27483.html,61628,Alexandria Fragrances,Oriental Oud,0.6667,https://www.fragrantica.com/perfume/Alexandria-Fragrances/Oriental-Oud-61628.html,127633,Arabian Oud,Oriental Oud,0.6667,https://www.fragrantica.com/perfume/Arabian-Oud/Oriental-Oud-127633.html,119772,Al Ambra,Oriental Oud,0.6667,https://www.fragrantica.com/perfume/Al-Ambra/Oriental-Oud-119772.html,137619,Dar El Ward,Oriental Oud,0.6667,https://www.fragrantica.com/perfume/Dar-El-Ward/Oriental-Oud-137619.html
172-SHALM,Moroccan-musk,WEAK_REVIEW,,,21135,GLOBAL_WEAK,0.0000,20159,Al Rehab,Moroccan Rose,0.7692,https://www.fragrantica.com/perfume/Al-Rehab/Moroccan-Rose-20159.html,21135,Angela Flanders,Moroccan Rose,0.7692,https://www.fragrantica.com/perfume/Angela-Flanders/Moroccan-Rose-21135.html,20159,ALREHAB PERFUMES,Moroccan Rose,0.7692,https://www.fragrantica.com/perfume/ALREHAB-PERFUMES/Moroccan-Rose-20159.html,113688,Azari Parfumery,Moroccan Rose,0.7692,https://www.fragrantica.com/perfume/Azari-Parfumery/Moroccan-Rose-113688.html,37615,Bohdidharma,Moroccan Mint,0.7692,https://www.fragrantica.com/perfume/Bohdidharma/Moroccan-Mint-37615.html
222-DIP,AMBRE,NO_CANDIDATE,Diptyque,verified_suffix,14214,GLOBAL_WEAK,0.0000,41433,Ex Nihilo,Ambre,1.0000,https://www.fragrantica.com/perfume/Ex-Nihilo/Ambre-41433.html,11107,Charrier Parfums,Ambre,1.0000,https://www.fragrantica.com/perfume/Charrier-Parfums/Ambre-11107.html,797,Baldessarini,Ambre,1.0000,https://www.fragrantica.com/perfume/Baldessarini/Ambre-797.html,21958,Bastide Aix en Provence,Ambre,1.0000,https://www.fragrantica.com/perfume/Bastide-Aix-en-Provence/Ambre-21958.html,135714,Dyrose,Ambre 9,1.0000,https://www.fragrantica.com/perfume/Dyrose/Ambre-9-135714.html
223-DIP,BAIES,NO_CANDIDATE,Diptyque,verified_suffix,96739,GLOBAL_WEAK,0.0000,24169,Candora,Baies Roses,0.6667,https://www.fragrantica.com/perfume/Candora/Baies-Roses-24169.html,8457,Acorelle,Baies Sauvages,0.6667,https://www.fragrantica.com/perfume/Acorelle/Baies-Sauvages-8457.html,48879,L Artisan Parfumeur,Champ de Baies,0.6667,https://www.fragrantica.com/perfume/L-Artisan-Parfumeur/Champ-de-Baies-48879.html,13791,Darphin,Baies Sauvages,0.6667,https://www.fragrantica.com/perfume/Darphin/Baies-Sauvages-13791.html,81446,Durance en Provence,Eau de Parfum Baies Exquises,0.6667,https://www.fragrantica.com/perfume/Durance-en-Provence/Eau-de-Parfum-Baies-Exquises-81446.html
228-DIP,FEUILLE DE LAVANDE,WEAK_REVIEW,Diptyque,verified_suffix,24917,GLOBAL_WEAK,0.0000,24917,Diptyque,Eau de Lavande,0.8125,https://www.fragrantica.com/perfume/Diptyque/Eau-de-Lavande-24917.html,122528,Dzintars,Eau de Lavande,0.8125,https://www.fragrantica.com/perfume/Dzintars/Eau-de-Lavande-122528.html,113898,Christian Louboutin,Fetiche Lavande,0.7273,https://www.fragrantica.com/perfume/Christian-Louboutin/Fetiche-Lavande-113898.html,13277,Serge Lutens,Encens et Lavande,0.6857,https://www.fragrantica.com/perfume/Serge-Lutens/Encens-et-Lavande-13277.html,57025,Domaine Prive Parfums,Lavande,0.6667,https://www.fragrantica.com/perfume/Domaine-Prive-Parfums/Lavande-57025.html
230-DIP,OPOPANAX,WEAK_REVIEW,Diptyque,verified_suffix,3959,GLOBAL_ALTERNATIVE,0.8000,3222,Prada,No8 Opopanax,0.8000,https://www.fragrantica.com/perfume/Prada/No8-Opopanax-3222.html,,,,,,,,,,,,,,,,,,,,
233-ESCE,Molecule 02,WEAK_REVIEW,,,75615,GLOBAL_WEAK,0.0333,75615,BLAK,Molecule B 01,0.8333,https://www.fragrantica.com/perfume/BLAK/Molecule-B-01-75615.html,75616,BLAK,Molecule Ziemia B 02,0.8000,https://www.fragrantica.com/perfume/BLAK/Molecule-Ziemia-B-02-75616.html,99691,Angeline,X Molecule,0.7619,https://www.fragrantica.com/perfume/Angeline/X-Molecule-99691.html,86787,The Dua Brand,Orchid Molecule 7 0,0.6667,https://www.fragrantica.com/perfume/The-Dua-Brand/Orchid-Molecule-7-0-86787.html,86763,The Dua Brand,Ginger Molecule 1 0,0.6667,https://www.fragrantica.com/perfume/The-Dua-Brand/Ginger-Molecule-1-0-86763.html
235-HOLL,SOCAL,WEAK_REVIEW,,,70794,GLOBAL_WEAK,0.6667,70794,Abercrombie Fitch,SoCal Sunset,0.6667,https://www.fragrantica.com/perfume/Abercrombie-Fitch/SoCal-Sunset-70794.html,,,,,,,,,,,,,,,,,,,,
236-IND,ZUM FRANKINCENSE & MYRRH,WEAK_REVIEW,,,6425,GLOBAL_WEAK,0.0000,6425,Czech Speake,Frankincense and Myrrh Cologne,0.8000,https://www.fragrantica.com/perfume/Czech-Speake/Frankincense-and-Myrrh-Cologne-6425.html,72255,Czech Speake,Frankincense Myrrh Eau de Parfum,0.8000,https://www.fragrantica.com/perfume/Czech-Speake/Frankincense-Myrrh-Eau-de-Parfum-72255.html,30758,Demeter Fragrance,Frankincense,0.7059,https://www.fragrantica.com/perfume/Demeter-Fragrance/Frankincense-30758.html,125887,Ahmed Soliman,Frankincense,0.7059,https://www.fragrantica.com/perfume/Ahmed-Soliman/Frankincense-125887.html,60306,Atelier Segall Barutti,Myrrhe Frankincense,0.6829,https://www.fragrantica.com/perfume/Atelier-Segall-Barutti/Myrrhe-Frankincense-60306.html
254-JOM,GARDENIA - JO MALONE,WEAK_REVIEW,Jo Malone London,verified_suffix,2289,GLOBAL_WEAK,0.0000,140437,AlBidaa,Gardenia,1.0000,https://www.fragrantica.com/perfume/AlBidaa/Gardenia-140437.html,67297,Amerigo,Gardenia,1.0000,https://www.fragrantica.com/perfume/Amerigo/Gardenia-67297.html,16154,Roja Dove,Gardenia,1.0000,https://www.fragrantica.com/perfume/Roja-Dove/Gardenia-16154.html,936,Chanel,Gardenia,1.0000,https://www.fragrantica.com/perfume/Chanel/Gardenia-936.html,17898,Demeter Fragrance,Gardenia,1.0000,https://www.fragrantica.com/perfume/Demeter-Fragrance/Gardenia-17898.html
257-JOM,GREEN ORANGE & CORIANDER - JO MALONE,WEAK_REVIEW,Jo Malone London,verified_suffix,35882,GLOBAL_WEAK,0.0167,134561,biblioteka aromatov,Red Orange Blood Orange,0.6667,https://www.fragrantica.com/perfume/biblioteka-aromatov/Red-Orange-Blood-Orange-134561.html,35882,Jo Malone London,Lavender Coriander,0.6500,https://www.fragrantica.com/perfume/Jo-Malone-London/Lavender-Coriander-35882.html,19892,Demeter Fragrance,Orange Rim Cleaner,0.6500,https://www.fragrantica.com/perfume/Demeter-Fragrance/Orange-Rim-Cleaner-19892.html,,,,,,,,,,
258-JOM,GREEN TOMATO LEAF - JO MALONE,WEAK_REVIEW,Jo Malone London,verified_suffix,11489,GLOBAL_ALTERNATIVE,0.0534,14919,Demeter Fragrance,Green Tomato,0.8276,https://www.fragrantica.com/perfume/Demeter-Fragrance/Green-Tomato-14919.html,140555,Dilis Parfum,10 Tomato Leaf,0.7742,https://www.fragrantica.com/perfume/Dilis-Parfum/10-Tomato-Leaf-140555.html,116062,Damask Haus,Green Tea,0.6923,https://www.fragrantica.com/perfume/Damask-Haus/Green-Tea-116062.html,40331,Amygdala,Green Tea,0.6923,https://www.fragrantica.com/perfume/Amygdala/Green-Tea-40331.html,117009,Damask Haus,Green Tea,0.6923,https://www.fragrantica.com/perfume/Damask-Haus/Green-Tea-117009.html
261-JOM,INCENSE & EMBERS - JO MALONE,WEAK_REVIEW,Jo Malone London,verified_suffix,29737,GLOBAL_WEAK,0.0179,83818,Atelier Rebul,Incense Vetiver,0.7586,https://www.fragrantica.com/perfume/Atelier-Rebul/Incense-Vetiver-83818.html,100482,Maison Alhambra,Incense Ebony,0.7407,https://www.fragrantica.com/perfume/Maison-Alhambra/Incense-Ebony-100482.html,96260,D ORSAY,Incense Crush,0.7407,https://www.fragrantica.com/perfume/D-ORSAY/Incense-Crush-96260.html,13514,Compagnie de Provence,Incense Lavender,0.7333,https://www.fragrantica.com/perfume/Compagnie-de-Provence/Incense-Lavender-13514.html,29737,Jo Malone London,Incense Cedrat,0.7143,https://www.fragrantica.com/perfume/Jo-Malone-London/Incense-Cedrat-29737.html
279-JOM,PINK VETIVER - JO MALONE,WEAK_REVIEW,Jo Malone London,verified_suffix,2291,GLOBAL_WEAK,0.0174,50226,Banana Republic,Linen Vetiver,0.8000,https://www.fragrantica.com/perfume/Banana-Republic/Linen-Vetiver-50226.html,50788,Essential Parfums,Mon Vetiver,0.7826,https://www.fragrantica.com/perfume/Essential-Parfums/Mon-Vetiver-50788.html,96837,Maison Alhambra,Pink Velvet,0.7826,https://www.fragrantica.com/perfume/Maison-Alhambra/Pink-Velvet-96837.html,9015,Anthousa,Fig Vetiver,0.7826,https://www.fragrantica.com/perfume/Anthousa/Fig-Vetiver-9015.html,86325,The Dua Brand,King s Vetiver,0.7692,https://www.fragrantica.com/perfume/The-Dua-Brand/King-s-Vetiver-86325.html
282-JOM,POMELO - JO MALONE,NO_CANDIDATE,Jo Malone London,verified_suffix,14135,GLOBAL_WEAK,0.0000,56174,Amberfig,Pomelo,1.0000,https://www.fragrantica.com/perfume/Amberfig/Pomelo-56174.html,131270,ARKET,Pomelo,1.0000,https://www.fragrantica.com/perfume/ARKET/Pomelo-131270.html,120011,Butterfly Thai Perfume,Pomelo,1.0000,https://www.fragrantica.com/perfume/Butterfly-Thai-Perfume/Pomelo-120011.html,20775,Arte Profumi,Pomelo,1.0000,https://www.fragrantica.com/perfume/Arte-Profumi/Pomelo-20775.html,45520,Comptoir Sud Pacifique,Pomelo Fizz,0.7059,https://www.fragrantica.com/perfume/Comptoir-Sud-Pacifique/Pomelo-Fizz-45520.html
289-JOM,SWEET ALMON & MACARRON - JO MALONE,WEAK_REVIEW,Jo Malone London,verified_suffix,5031,GLOBAL_WEAK,0.0702,65744,Bath Body Works,Sweet Almond Honey,0.7368,https://www.fragrantica.com/perfume/Bath-Body-Works/Sweet-Almond-Honey-65744.html,5031,Jo Malone London,Sweet Lime Cedar,0.6667,https://www.fragrantica.com/perfume/Jo-Malone-London/Sweet-Lime-Cedar-5031.html,109849,Bath Body Works,Sweet on Paris,0.6471,https://www.fragrantica.com/perfume/Bath-Body-Works/Sweet-on-Paris-109849.html,11490,Jo Malone London,Sweet Lemon,0.6452,https://www.fragrantica.com/perfume/Jo-Malone-London/Sweet-Lemon-11490.html,14326,Donna Karan,DKNY Sweet Delicious Pink Macaron,0.6415,https://www.fragrantica.com/perfume/Donna-Karan/DKNY-Sweet-Delicious-Pink-Macaron-14326.html
304-KIE,ORIGINAL MUSK,WEAK_REVIEW,,,25286,GLOBAL_WEAK,0.0000,25286,Ava Luxe,Oriental Musk,0.8462,https://www.fragrantica.com/perfume/Ava-Luxe/Oriental-Musk-25286.html,110666,Al Ghaliyah,Oriental Musk,0.8462,https://www.fragrantica.com/perfume/Al-Ghaliyah/Oriental-Musk-110666.html,103653,Cupio,Original Sin,0.8000,https://www.fragrantica.com/perfume/Cupio/Original-Sin-103653.html,17324,Montale,Original Aoud,0.7692,https://www.fragrantica.com/perfume/Montale/Original-Aoud-17324.html,13291,Bronnley,Original,0.7619,https://www.fragrantica.com/perfume/Bronnley/Original-13291.html
307-LOC,PEONY - L' OCCITANE,NO_CANDIDATE,L Occitane en Provence,name_tail,87134,GLOBAL_WEAK,0.0000,43349,Amygdala,Peony,1.0000,https://www.fragrantica.com/perfume/Amygdala/Peony-43349.html,49900,Blue Scents,Peony,1.0000,https://www.fragrantica.com/perfume/Blue-Scents/Peony-49900.html,25395,DSH Perfumes,Peony,1.0000,https://www.fragrantica.com/perfume/DSH-Perfumes/Peony-25395.html,39993,Avon,Peony,1.0000,https://www.fragrantica.com/perfume/Avon/Peony-39993.html,73795,Zara,Peony,1.0000,https://www.fragrantica.com/perfume/Zara/Peony-73795.html
308-LOC,CITRUS VERBENA - L' OCCITANE,NO_CANDIDATE,L Occitane en Provence,name_tail,,GLOBAL_WEAK,0.0143,85919,The Dua Brand,Citrange Verbena,0.8000,https://www.fragrantica.com/perfume/The-Dua-Brand/Citrange-Verbena-85919.html,61925,BDK Parfums,Citrus Riviera,0.7857,https://www.fragrantica.com/perfume/BDK-Parfums/Citrus-Riviera-61925.html,85932,The Dua Brand,Citrus River,0.7692,https://www.fragrantica.com/perfume/The-Dua-Brand/Citrus-River-85932.html,80775,The Dua Brand,Citrus Cedre,0.7692,https://www.fragrantica.com/perfume/The-Dua-Brand/Citrus-Cedre-80775.html,116426,Dossier,Citrus Tea,0.7500,https://www.fragrantica.com/perfume/Dossier/Citrus-Tea-116426.html
309-LOC,MAGNOLIA & MURE - L' OCCITANE,NO_CANDIDATE,L Occitane en Provence,name_tail,87134,GLOBAL_WEAK,0.0186,78277,Angelique Paris,Magnolia Musk,0.8462,https://www.fragrantica.com/perfume/Angelique-Paris/Magnolia-Musk-78277.html,136947,Christian Provenzano Parfums,Magnolia Mystere,0.8276,https://www.fragrantica.com/perfume/Christian-Provenzano-Parfums/Magnolia-Mystere-136947.html,54193,Lancome,Magnolia Rosae,0.8148,https://www.fragrantica.com/perfume/Lancome/Magnolia-Rosae-54193.html,24513,Bottega Verde,Magnolia Nera,0.7692,https://www.fragrantica.com/perfume/Bottega-Verde/Magnolia-Nera-24513.html,73899,Granado,Magnolia,0.7619,https://www.fragrantica.com/perfume/Granado/Magnolia-73899.html
310-MIL,FEUILLES DE TABAC,WEAK_REVIEW,,,69465,GLOBAL_WEAK,0.0000,69465,Cherigan,Fleurs de Tabac,0.8125,https://www.fragrantica.com/perfume/Cherigan/Fleurs-de-Tabac-69465.html,41670,Cherigan,Fleurs de Tabac,0.8125,https://www.fragrantica.com/perfume/Cherigan/Fleurs-de-Tabac-41670.html,70364,Attar Al Has,Fleur De Tabac,0.7742,https://www.fragrantica.com/perfume/Attar-Al-Has/Fleur-De-Tabac-70364.html,34786,Adopt Parfums,Feuilles de Fraisier,0.7027,https://www.fragrantica.com/perfume/Adopt-Parfums/Feuilles-de-Fraisier-34786.html,8384,DSH Perfumes,Feuilles Leaves,0.6875,https://www.fragrantica.com/perfume/DSH-Perfumes/Feuilles-Leaves-8384.html
311-MOL,amber cocoon-mol,WEAK_REVIEW,,,19573,GLOBAL_WEAK,0.0200,19573,Abdes Salaam Attars Perfumes,Amber Chocolate,0.7097,https://www.fragrantica.com/perfume/Abdes-Salaam-Attars-Perfumes/Amber-Chocolate-19573.html,54485,Bortnikoff,Amber Cologne,0.6897,https://www.fragrantica.com/perfume/Bortnikoff/Amber-Cologne-54485.html,61756,Ajmal,Amber Wood Noir,0.6452,https://www.fragrantica.com/perfume/Ajmal/Amber-Wood-Noir-61756.html,86744,The Dua Brand,Amber Potion,0.6429,https://www.fragrantica.com/perfume/The-Dua-Brand/Amber-Potion-86744.html,105089,Fragrance World,Amber Neroli,0.6429,https://www.fragrantica.com/perfume/Fragrance-World/Amber-Neroli-105089.html
312-MOL,black pepper-molΞυλώδες Πικάντικο,WEAK_REVIEW,,,114140,GLOBAL_WEAK,0.0000,114140,Areej,Black Pepper,0.9600,https://www.fragrantica.com/perfume/Areej/Black-Pepper-114140.html,8863,Demeter Fragrance,Black Pepper,0.9600,https://www.fragrantica.com/perfume/Demeter-Fragrance/Black-Pepper-8863.html,85839,The Dua Brand,Black Pepper Vanilla,0.7778,https://www.fragrantica.com/perfume/The-Dua-Brand/Black-Pepper-Vanilla-85839.html,93667,Al Hunaidi,Black Oud Pepper,0.7500,https://www.fragrantica.com/perfume/Al-Hunaidi/Black-Oud-Pepper-93667.html,127533,Arabian Oud,Black Pearl,0.7407,https://www.fragrantica.com/perfume/Arabian-Oud/Black-Pearl-127533.html
313-MOL,thai vert-mol,WEAK_REVIEW,,,23446,GLOBAL_WEAK,0.6667,23446,Adopt Parfums,The Vert,0.6667,https://www.fragrantica.com/perfume/Adopt-Parfums/The-Vert-23446.html,,,,,,,,,,,,,,,,,,,,
325-PECK,BLACK OAK & CEDAR - PECKSNIFF'S,WEAK_REVIEW,,,9459,GLOBAL_WEAK,0.0000,9459,Dana,Black Lace,0.7200,https://www.fragrantica.com/perfume/Dana/Black-Lace-9459.html,83871,Zara,Black Dart,0.7200,https://www.fragrantica.com/perfume/Zara/Black-Dart-83871.html,34553,Antonio Visconti,Black Tear,0.7200,https://www.fragrantica.com/perfume/Antonio-Visconti/Black-Tear-34553.html,95808,Tom Ford,Black Lacquer,0.7143,https://www.fragrantica.com/perfume/Tom-Ford/Black-Lacquer-95808.html,36128,Clash,Black Earth,0.6923,https://www.fragrantica.com/perfume/Clash/Black-Earth-36128.html
326-PECK,CALM - PECKSNIFF'S,WEAK_REVIEW,,,49242,GLOBAL_WEAK,0.0000,77737,Avon,Calm,1.0000,https://www.fragrantica.com/perfume/Avon/Calm-77737.html,49242,Belsans,Calm,1.0000,https://www.fragrantica.com/perfume/Belsans/Calm-49242.html,74513,Victoria s Secret,Calm,1.0000,https://www.fragrantica.com/perfume/Victoria-s-Secret/Calm-74513.html,52444,Zara,Calm Lake,0.6667,https://www.fragrantica.com/perfume/Zara/Calm-Lake-52444.html,114700,Victoria s Secret,Calm Water,0.6667,https://www.fragrantica.com/perfume/Victoria-s-Secret/Calm-Water-114700.html
330-PG,ORIENTAL BLOSSOM,WEAK_REVIEW,,,111936,GLOBAL_WEAK,0.0000,111936,CULT,Floral Blossom,0.8000,https://www.fragrantica.com/perfume/CULT/Floral-Blossom-111936.html,115113,Victoria s Secret,Santal Blossom,0.8000,https://www.fragrantica.com/perfume/Victoria-s-Secret/Santal-Blossom-115113.html,137829,Ard Al Zaafaran,Eternal Blossom,0.7742,https://www.fragrantica.com/perfume/Ard-Al-Zaafaran/Eternal-Blossom-137829.html,86438,The Dua Brand,Opulent Blossom,0.7742,https://www.fragrantica.com/perfume/The-Dua-Brand/Opulent-Blossom-86438.html,67014,Amjad,Oriental Wood,0.7586,https://www.fragrantica.com/perfume/Amjad/Oriental-Wood-67014.html
331-PG,CRYSTAL WATER & WATER LILY,WEAK_REVIEW,,,16577,GLOBAL_WEAK,0.0000,16577,Zara,Textures Water Lily,0.6667,https://www.fragrantica.com/perfume/Zara/Textures-Water-Lily-16577.html,102228,Acca Kappa,Jasmine Water Lily,0.6667,https://www.fragrantica.com/perfume/Acca-Kappa/Jasmine-Water-Lily-102228.html,122458,Victoria s Secret,Jasmine Water Lily,0.6667,https://www.fragrantica.com/perfume/Victoria-s-Secret/Jasmine-Water-Lily-122458.html,129372,Captivating Essences,Water Lily Fig,0.6667,https://www.fragrantica.com/perfume/Captivating-Essences/Water-Lily-Fig-129372.html,91504,Bath Body Works,Water Lily Springs,0.6667,https://www.fragrantica.com/perfume/Bath-Body-Works/Water-Lily-Springs-91504.html
334-SHI,SHIRLEY MAY,WEAK_REVIEW,,,45433,GLOBAL_WEAK,0.6667,45433,Crop,V May,0.6667,https://www.fragrantica.com/perfume/Crop/V-May-45433.html,,,,,,,,,,,,,,,,,,,,
335-THCO,CASHMERE BLANC - THE WHITE COMPANY,WEAK_REVIEW,,,99295,GLOBAL_WEAK,0.0276,99295,Bey Parfum,Cachemire Blanc,0.8276,https://www.fragrantica.com/perfume/Bey-Parfum/Cachemire-Blanc-99295.html,49175,Compagnie Royale Des Indes Orientales,Cedre Blanc,0.8000,https://www.fragrantica.com/perfume/Compagnie-Royale-Des-Indes-Orientales/Cedre-Blanc-49175.html,24781,Creed,Cedre Blanc,0.8000,https://www.fragrantica.com/perfume/Creed/Cedre-Blanc-24781.html,134864,Aphorismes by Dominique Ropion,Cashmere Clash,0.7857,https://www.fragrantica.com/perfume/Aphorismes-by-Dominique-Ropion/Cashmere-Clash-134864.html,87372,Algorithmic Perfumery,Cashmere Tea,0.7692,https://www.fragrantica.com/perfume/Algorithmic-Perfumery/Cashmere-Tea-87372.html
336-THCO,NARCISSUS NOIR - THE WHITE COMPANY,WEAK_REVIEW,,,53072,GLOBAL_WEAK,0.0000,53072,Caron,Narcisse Noir,0.8889,https://www.fragrantica.com/perfume/Caron/Narcisse-Noir-53072.html,52230,Caron,Narcisse Noir,0.8889,https://www.fragrantica.com/perfume/Caron/Narcisse-Noir-52230.html,23229,CB I Hate Perfume,Narcissus,0.7826,https://www.fragrantica.com/perfume/CB-I-Hate-Perfume/Narcissus-23229.html,58547,Aaron Terence Hughes,Narcissus,0.7826,https://www.fragrantica.com/perfume/Aaron-Terence-Hughes/Narcissus-58547.html,125900,Ahmed Soliman,Narcissus,0.7826,https://www.fragrantica.com/perfume/Ahmed-Soliman/Narcissus-125900.html
337-TIFF,Tiffany  Co Sheer,WEAK_REVIEW,,,69385,GLOBAL_WEAK,0.0230,69385,Britney Spears,Fantasy Sheer,0.6897,https://www.fragrantica.com/perfume/Britney-Spears/Fantasy-Sheer-69385.html,1046,Giorgio Armani,Armani Code Sheer,0.6667,https://www.fragrantica.com/perfume/Giorgio-Armani/Armani-Code-Sheer-1046.html,,,,,,,,,,,,,,,
379-YAN,CLEAN COTTON - YANKEE CANDLES,WEAK_REVIEW,,,3024,GLOBAL_WEAK,0.0450,3024,Clean,Clean Warm Cotton,0.8276,https://www.fragrantica.com/perfume/Clean/Clean-Warm-Cotton-3024.html,23032,Clean,Cool Cotton,0.7826,https://www.fragrantica.com/perfume/Clean/Cool-Cotton-23032.html,135568,Atelier Faye,Blue Cotton,0.7826,https://www.fragrantica.com/perfume/Atelier-Faye/Blue-Cotton-135568.html,49990,Dofta,Cool Cotton,0.7826,https://www.fragrantica.com/perfume/Dofta/Cool-Cotton-49990.html,111327,Deraah Private,Velvet Cotton,0.7200,https://www.fragrantica.com/perfume/Deraah-Private/Velvet-Cotton-111327.html
380-YAN,FALL FESTIVAL - YANKEE CANDLES,WEAK_REVIEW,,,116047,GLOBAL_WEAK,0.0529,116047,Damask Haus,Apple Festival,0.8148,https://www.fragrantica.com/perfume/Damask-Haus/Apple-Festival-116047.html,38783,Bourbon French Parfums,Festival,0.7619,https://www.fragrantica.com/perfume/Bourbon-French-Parfums/Festival-38783.html,26755,Alan Bray,Festival,0.7619,https://www.fragrantica.com/perfume/Alan-Bray/Festival-26755.html,74094,Zara,Candy Festival,0.7407,https://www.fragrantica.com/perfume/Zara/Candy-Festival-74094.html,1289,Yves Saint Laurent,Cinema Festival,0.7143,https://www.fragrantica.com/perfume/Yves-Saint-Laurent/Cinema-Festival-1289.html
381-YAN,FRESH CUT ROSES - YANKEE CANDLES,WEAK_REVIEW,,,32393,GLOBAL_WEAK,0.0760,32393,Moschino,Fresh Couture,0.7857,https://www.fragrantica.com/perfume/Moschino/Fresh-Couture-32393.html,77748,Bath Body Works,Fresh Cut Lilacs,0.7097,https://www.fragrantica.com/perfume/Bath-Body-Works/Fresh-Cut-Lilacs-77748.html,126376,Victoria s Secret,Fresh Clean Frosted,0.7059,https://www.fragrantica.com/perfume/Victoria-s-Secret/Fresh-Clean-Frosted-126376.html,40169,Avon,Roses Roses,0.6923,https://www.fragrantica.com/perfume/Avon/Roses-Roses-40169.html,95806,AXE,Skateboard Fresh Roses,0.6667,https://www.fragrantica.com/perfume/AXE/Skateboard-Fresh-Roses-95806.html
382-YAN,POMEGRANATE CIDER - YANKEE CANDLES,WEAK_REVIEW,,,5581,GLOBAL_GOOD,0.0485,5581,Jo Malone London,Pomegranate Noir,0.8485,https://www.fragrantica.com/perfume/Jo-Malone-London/Pomegranate-Noir-5581.html,62050,Blue Scents,Pomegranate Violet,0.8000,https://www.fragrantica.com/perfume/Blue-Scents/Pomegranate-Violet-62050.html,49901,Blue Scents,Pomegranate,0.7857,https://www.fragrantica.com/perfume/Blue-Scents/Pomegranate-49901.html,15601,Demeter Fragrance,Pomegranate,0.7857,https://www.fragrantica.com/perfume/Demeter-Fragrance/Pomegranate-15601.html,87734,Arabian Wind,Pomegranate,0.7857,https://www.fragrantica.com/perfume/Arabian-Wind/Pomegranate-87734.html
383-YAN,WEDDING DAY - YANKEE,NO_CANDIDATE,Daddy Yankee,name_tail,5056,GLOBAL_ALTERNATIVE,0.1077,132743,Body Fantasies,Wedding Day Fantasy,0.8000,https://www.fragrantica.com/perfume/Body-Fantasies/Wedding-Day-Fantasy-132743.html,49712,Aqaba,The Wedding Red,0.6923,https://www.fragrantica.com/perfume/Aqaba/The-Wedding-Red-49712.html,103403,Bujairami,G DAY,0.6667,https://www.fragrantica.com/perfume/Bujairami/G-DAY-103403.html,97598,Rasasi,Day,0.6667,https://www.fragrantica.com/perfume/Rasasi/Day-97598.html,49711,Aqaba,The Wedding Black,0.6429,https://www.fragrantica.com/perfume/Aqaba/The-Wedding-Black-49711.html
387-,CIGAR,WEAK_REVIEW,,,94996,GLOBAL_WEAK,0.0000,94996,Alexandria Fragrances,Hafez s Cigar,0.6667,https://www.fragrantica.com/perfume/Alexandria-Fragrances/Hafez-s-Cigar-94996.html,83332,ABD Malik,Cigar Bergamot,0.6667,https://www.fragrantica.com/perfume/ABD-Malik/Cigar-Bergamot-83332.html,,,,,,,,,,,,,,,
410-BOD,BLACK MUSK,WEAK_REVIEW,,,100181,GLOBAL_WEAK,0.0000,100181,Al Haramain Perfumes,Black Musk,1.0000,https://www.fragrantica.com/perfume/Al-Haramain-Perfumes/Black-Musk-100181.html,102041,Delroba,Black Musk,1.0000,https://www.fragrantica.com/perfume/Delroba/Black-Musk-102041.html,12298,Montale,Black Musk,1.0000,https://www.fragrantica.com/perfume/Montale/Black-Musk-12298.html,126384,AMD Perfumes,Musk Black,1.0000,https://www.fragrantica.com/perfume/AMD-Perfumes/Musk-Black-126384.html,135317,Bruno Acampora,Black Musc,0.9000,https://www.fragrantica.com/perfume/Bruno-Acampora/Black-Musc-135317.html
411-BOD,WHITE MUSK,WEAK_REVIEW,,,3770,GLOBAL_WEAK,0.0000,3770,Montale,White Musk,1.0000,https://www.fragrantica.com/perfume/Montale/White-Musk-3770.html,21668,Arabian Oud,White Musk,1.0000,https://www.fragrantica.com/perfume/Arabian-Oud/White-Musk-21668.html,20150,Al Rehab,White Musk,1.0000,https://www.fragrantica.com/perfume/Al-Rehab/White-Musk-20150.html,20150,ALREHAB PERFUMES,White Musk,1.0000,https://www.fragrantica.com/perfume/ALREHAB-PERFUMES/White-Musk-20150.html,5783,Alyssa Ashley,White Musk,1.0000,https://www.fragrantica.com/perfume/Alyssa-Ashley/White-Musk-5783.html
502-CHA,No 5,WEAK_REVIEW,Chanel,verified_suffix,38543,GLOBAL_WEAK,0.0000,40671,Aromatologic,No 5,1.0000,https://www.fragrantica.com/perfume/Aromatologic/No-5-40671.html,42378,Allen Shaw,No 5,1.0000,https://www.fragrantica.com/perfume/Allen-Shaw/No-5-42378.html,40630,Aromatologic,No 1,1.0000,https://www.fragrantica.com/perfume/Aromatologic/No-1-40630.html,40637,Aromatologic,No 2,1.0000,https://www.fragrantica.com/perfume/Aromatologic/No-2-40637.html,40644,Aromatologic,No 3,1.0000,https://www.fragrantica.com/perfume/Aromatologic/No-3-40644.html
508-CHA,the fragrance Coco Black,WEAK_REVIEW,Chanel,verified_suffix,114251,GLOBAL_WEAK,0.0658,1672,Bill Blass,The Fragrance from Bill Blass,0.7170,https://www.fragrantica.com/perfume/Bill-Blass/The-Fragrance-from-Bill-Blass-1672.html,112070,Christine Lavoisier Parfums,San Francisco Black,0.6512,https://www.fragrantica.com/perfume/Christine-Lavoisier-Parfums/San-Francisco-Black-112070.html,,,,,,,,,,,,,,,
564-DOL,SEXY CHOCLATE,NO_CANDIDATE,Dolce Gabbana,verified_suffix,6461,GLOBAL_WEAK,0.0000,118690,Beverly Hills Polo Club,Sexy,0.6667,https://www.fragrantica.com/perfume/Beverly-Hills-Polo-Club/Sexy-118690.html,26571,City Parfum,Sexy,0.6667,https://www.fragrantica.com/perfume/City-Parfum/Sexy-26571.html,,,,,,,,,,,,,,,
570-DOL,(RED CUP),NO_CANDIDATE,Dolce Gabbana,verified_suffix,,GLOBAL_WEAK,0.0441,73834,Al Jazeera Perfumes,World Cup,0.7500,https://www.fragrantica.com/perfume/Al-Jazeera-Perfumes/World-Cup-73834.html,114918,MAISON ASRAR,Red Carpet,0.7059,https://www.fragrantica.com/perfume/MAISON-ASRAR/Red-Carpet-114918.html,28131,Addy van den Krommenacker,Red Carpet,0.7059,https://www.fragrantica.com/perfume/Addy-van-den-Krommenacker/Red-Carpet-28131.html,27064,Apple Parfums,Red,0.6667,https://www.fragrantica.com/perfume/Apple-Parfums/Red-27064.html,15239,Comme des Garcons,Red,0.6667,https://www.fragrantica.com/perfume/Comme-des-Garcons/Red-15239.html
589-ELI,Girl of Now,WEAK_REVIEW,,,34911,GLOBAL_WEAK,0.0290,34911,Derbe,Girl Profumo,0.6957,https://www.fragrantica.com/perfume/Derbe/Girl-Profumo-34911.html,101190,Don Algodon,Girl Power,0.6667,https://www.fragrantica.com/perfume/Don-Algodon/Girl-Power-101190.html,106345,Lancome,Off Now,0.6667,https://www.fragrantica.com/perfume/Lancome/Off-Now-106345.html,86993,ALT Fragrances,Girl Gone Wild,0.6400,https://www.fragrantica.com/perfume/ALT-Fragrances/Girl-Gone-Wild-86993.html,,,,,
598-ESC,CELEBRATE NOW - ESCADA,NO_CANDIDATE,Damien Escobar,code_signature,122599,GLOBAL_WEAK,0.0000,29171,Lush,Celebrate,0.8182,https://www.fragrantica.com/perfume/Lush/Celebrate-29171.html,65417,Lush,Celebrate,0.8182,https://www.fragrantica.com/perfume/Lush/Celebrate-65417.html,25460,Coty,Celebrate,0.8182,https://www.fragrantica.com/perfume/Coty/Celebrate-25460.html,117125,We Pink,Celebrate Sunset,0.7586,https://www.fragrantica.com/perfume/We-Pink/Celebrate-Sunset-117125.html,79238,Douglas,Celebrate Life,0.7407,https://www.fragrantica.com/perfume/Douglas/Celebrate-Life-79238.html
601-ESC,Flor-del-sol,NO_CANDIDATE,Damien Escobar,code_signature,122599,GLOBAL_WEAK,0.0134,54718,Natura,Flor de Lis,0.7826,https://www.fragrantica.com/perfume/Natura/Flor-de-Lis-54718.html,93107,Casamorati 1888,Levar del Sole,0.7692,https://www.fragrantica.com/perfume/Casamorati-1888/Levar-del-Sole-93107.html,75537,ArteOlfatto,Calar del Sole,0.7692,https://www.fragrantica.com/perfume/ArteOlfatto/Calar-del-Sole-75537.html,93107,Xerjoff,Levar del Sole,0.7692,https://www.fragrantica.com/perfume/Xerjoff/Levar-del-Sole-93107.html,128278,Alvarez Gomez,Flor de Iris,0.7500,https://www.fragrantica.com/perfume/Alvarez-Gomez/Flor-de-Iris-128278.html
605-ESC,Miami Blossom,NO_CANDIDATE,Damien Escobar,code_signature,122599,GLOBAL_GOOD,0.0462,20398,Avon,Imari Blossom,0.8462,https://www.fragrantica.com/perfume/Avon/Imari-Blossom-20398.html,125731,Dorall Collection,Miss Blossom,0.8000,https://www.fragrantica.com/perfume/Dorall-Collection/Miss-Blossom-125731.html,39662,Lancome,Miracle Blossom,0.7857,https://www.fragrantica.com/perfume/Lancome/Miracle-Blossom-39662.html,121057,Charme de Vie,Diamond Blossom,0.7857,https://www.fragrantica.com/perfume/Charme-de-Vie/Diamond-Blossom-121057.html,37551,Jo Malone London,Nashi Blossom,0.7692,https://www.fragrantica.com/perfume/Jo-Malone-London/Nashi-Blossom-37551.html
608-ESC,Moon Sparkle,NO_CANDIDATE,Damien Escobar,code_signature,122599,GLOBAL_WEAK,0.0119,115408,Louis Vuitton,Moon Tale,0.7619,https://www.fragrantica.com/perfume/Louis-Vuitton/Moon-Tale-115408.html,121642,Amaran,Masa Sparkle,0.7500,https://www.fragrantica.com/perfume/Amaran/Masa-Sparkle-121642.html,87855,Akbari,Moon Party,0.7273,https://www.fragrantica.com/perfume/Akbari/Moon-Party-87855.html,7118,Memo Paris,Moon Safari,0.6957,https://www.fragrantica.com/perfume/Memo-Paris/Moon-Safari-7118.html,66490,Brocard,Sea Sparkle,0.6957,https://www.fragrantica.com/perfume/Brocard/Sea-Sparkle-66490.html
612-ESC,TURQUOISE - ESCADA,NO_CANDIDATE,Damien Escobar,code_signature,,GLOBAL_WEAK,0.0000,124333,Cunzite,Turquoise,1.0000,https://www.fragrantica.com/perfume/Cunzite/Turquoise-124333.html,113128,Altearah Bio,Turquoise,1.0000,https://www.fragrantica.com/perfume/Altearah-Bio/Turquoise-113128.html,80613,Atyab Al Marshoud,Turquoise,1.0000,https://www.fragrantica.com/perfume/Atyab-Al-Marshoud/Turquoise-80613.html,122557,Batlah,Turquoise,1.0000,https://www.fragrantica.com/perfume/Batlah/Turquoise-122557.html,1624,Ralph Lauren,Pure Turquoise,0.7826,https://www.fragrantica.com/perfume/Ralph-Lauren/Pure-Turquoise-1624.html
640-FEN,L'ACQUA ROSSA - FENDI,WEAK_REVIEW,,,15754,GLOBAL_WEAK,0.0626,15754,Prada,Luna Rossa,0.7826,https://www.fragrantica.com/perfume/Prada/Luna-Rossa-15754.html,7292,O Boticario,Acqua Fresca,0.7200,https://www.fragrantica.com/perfume/O-Boticario/Acqua-Fresca-7292.html,97884,Bottega Veneta,Acqua Sale,0.6957,https://www.fragrantica.com/perfume/Bottega-Veneta/Acqua-Sale-97884.html,91786,Apiarium,Acqua Sale,0.6957,https://www.fragrantica.com/perfume/Apiarium/Acqua-Sale-91786.html,19240,O Boticario,Acqua Cheiros,0.6923,https://www.fragrantica.com/perfume/O-Boticario/Acqua-Cheiros-19240.html
695-GUE,Dare,WEAK_REVIEW,,,80492,GLOBAL_WEAK,0.0000,80492,Brown Girl Jane,Dare,1.0000,https://www.fragrantica.com/perfume/Brown-Girl-Jane/Dare-80492.html,56305,Victoria s Secret,Dare,1.0000,https://www.fragrantica.com/perfume/Victoria-s-Secret/Dare-56305.html,115470,DIEM,Dare You,0.6667,https://www.fragrantica.com/perfume/DIEM/Dare-You-115470.html,7202,Adidas,Adidas Dare,0.6667,https://www.fragrantica.com/perfume/Adidas/Adidas-Dare-7202.html,32201,Prada,Double Dare,0.6667,https://www.fragrantica.com/perfume/Prada/Double-Dare-32201.html
717-ISS,CLASSIC - ISSEY MIYAKE,NO_CANDIDATE,Issey Miyake,verified_suffix,720,GLOBAL_WEAK,0.0000,20062,ALREHAB PERFUMES,Classic,1.0000,https://www.fragrantica.com/perfume/ALREHAB-PERFUMES/Classic-20062.html,118686,Beverly Hills Polo Club,Classic,1.0000,https://www.fragrantica.com/perfume/Beverly-Hills-Polo-Club/Classic-118686.html,11683,Banana Republic,Classic,1.0000,https://www.fragrantica.com/perfume/Banana-Republic/Classic-11683.html,85937,The Dua Brand,Classic,1.0000,https://www.fragrantica.com/perfume/The-Dua-Brand/Classic-85937.html,139649,Dolce,Classic,1.0000,https://www.fragrantica.com/perfume/Dolce/Classic-139649.html
720-GUL,CLASSIQUE,WEAK_REVIEW,Jean Paul Gaultier,verified_suffix,427,GLOBAL_WEAK,0.0000,427,Jean Paul Gaultier,Classique,1.0000,https://www.fragrantica.com/perfume/Jean-Paul-Gaultier/Classique-427.html,98893,Athoor Al Alam,Classique,1.0000,https://www.fragrantica.com/perfume/Athoor-Al-Alam/Classique-98893.html,7800,Jean Paul Gaultier,Classique X,1.0000,https://www.fragrantica.com/perfume/Jean-Paul-Gaultier/Classique-X-7800.html,75563,Jean Paul Gaultier,Classique Parfum,1.0000,https://www.fragrantica.com/perfume/Jean-Paul-Gaultier/Classique-Parfum-75563.html,14568,Jean Paul Gaultier,Classique X L Eau,1.0000,https://www.fragrantica.com/perfume/Jean-Paul-Gaultier/Classique-X-L-Eau-14568.html
728-JES,IN BLACK,NO_CANDIDATE,Aqua di Jesolo,code_signature,56143,GLOBAL_STRONG,0.1579,11574,Byblos,In Black,1.0000,https://www.fragrantica.com/perfume/Byblos/In-Black-11574.html,78546,Afnan,Inara Black,0.8421,https://www.fragrantica.com/perfume/Afnan/Inara-Black-78546.html,134684,Al Absar,Titan Black,0.8421,https://www.fragrantica.com/perfume/Al-Absar/Titan-Black-134684.html,19601,Air Val International,NBA Black,0.8235,https://www.fragrantica.com/perfume/Air-Val-International/NBA-Black-19601.html,4261,Creed,Love in Black,0.8000,https://www.fragrantica.com/perfume/Creed/Love-in-Black-4261.html
736-JUI,Couture Couture,WEAK_REVIEW,,,55325,GLOBAL_WEAK,0.0000,55325,Cher,Eau de Couture,1.0000,https://www.fragrantica.com/perfume/Cher/Eau-de-Couture-55325.html,4627,Bill Blass,Couture 1,1.0000,https://www.fragrantica.com/perfume/Bill-Blass/Couture-1-4627.html,4628,Bill Blass,Couture 3,1.0000,https://www.fragrantica.com/perfume/Bill-Blass/Couture-3-4628.html,5360,Bill Blass,Couture 8,1.0000,https://www.fragrantica.com/perfume/Bill-Blass/Couture-8-5360.html,4629,Bill Blass,Couture 6,1.0000,https://www.fragrantica.com/perfume/Bill-Blass/Couture-6-4629.html
737-JUI,Malibu,WEAK_REVIEW,,,134829,GLOBAL_STRONG,0.3333,134829,Celui,Eau de Malibu,1.0000,https://www.fragrantica.com/perfume/Celui/Eau-de-Malibu-134829.html,92564,Clean,Malibu Beach,0.6667,https://www.fragrantica.com/perfume/Clean/Malibu-Beach-92564.html,73532,DIME Beauty,Malibu Night,0.6667,https://www.fragrantica.com/perfume/DIME-Beauty/Malibu-Night-73532.html,50394,Alexandria Fragrances,Malibu Beach,0.6667,https://www.fragrantica.com/perfume/Alexandria-Fragrances/Malibu-Beach-50394.html,112707,Rasasi,Hawas Malibu,0.6667,https://www.fragrantica.com/perfume/Rasasi/Hawas-Malibu-112707.html
738-JUI,VIVA LA JUICY,WEAK_REVIEW,,,42507,GLOBAL_WEAK,0.0000,42507,Avon,Viva la Vita,0.7200,https://www.fragrantica.com/perfume/Avon/Viva-la-Vita-42507.html,30418,Bi es,Viva La Vida,0.7200,https://www.fragrantica.com/perfume/Bi-es/Viva-La-Vida-30418.html,114073,Avon,Viva La Vita Limited Edition,0.6667,https://www.fragrantica.com/perfume/Avon/Viva-La-Vita-Limited-Edition-114073.html,42456,Zara,Ultra Juicy,0.6667,https://www.fragrantica.com/perfume/Zara/Ultra-Juicy-42456.html,,,,,
741-JUI,Viva La Juicy Rosé,WEAK_REVIEW,,,96717,GLOBAL_WEAK,0.0000,96717,Zimaya,A La Rose,0.6667,https://www.fragrantica.com/perfume/Zimaya/A-La-Rose-96717.html,29083,Maison Francis Kurkdjian,A La Rose,0.6667,https://www.fragrantica.com/perfume/Maison-Francis-Kurkdjian/A-La-Rose-29083.html,29610,Au Pays de la Fleur d Oranger,La Rose,0.6667,https://www.fragrantica.com/perfume/Au-Pays-de-la-Fleur-d-Oranger/La-Rose-29610.html,55118,Maison Francis Kurkdjian,L eau A la Rose,0.6667,https://www.fragrantica.com/perfume/Maison-Francis-Kurkdjian/L-eau-A-la-Rose-55118.html,61779,Maison Francis Kurkdjian,L Homme A la Rose,0.6667,https://www.fragrantica.com/perfume/Maison-Francis-Kurkdjian/L-Homme-A-la-Rose-61779.html
744-JUS,The Key,WEAK_REVIEW,,,126270,GLOBAL_WEAK,0.0000,126270,MAISON ASRAR,Love Key,0.6667,https://www.fragrantica.com/perfume/MAISON-ASRAR/Love-Key-126270.html,103888,Brocard,Encoder Key,0.6667,https://www.fragrantica.com/perfume/Brocard/Encoder-Key-103888.html,28654,Cindy C,Cindy Key,0.6667,https://www.fragrantica.com/perfume/Cindy-C/Cindy-Key-28654.html,28664,Cindy C,Cindy Key,0.6667,https://www.fragrantica.com/perfume/Cindy-C/Cindy-Key-28664.html,,,,,
745-KAR,Karl Lagerfeld for Her Eau de Parfum,WEAK_REVIEW,,,48800,GLOBAL_WEAK,0.0073,48800,Rabanne,Black XS for Her Eau de Parfum,0.7273,https://www.fragrantica.com/perfume/Rabanne/Black-XS-for-Her-Eau-de-Parfum-48800.html,14319,Narciso Rodriguez,Narciso Rodriguez for Her Eau de Parfum,0.7200,https://www.fragrantica.com/perfume/Narciso-Rodriguez/Narciso-Rodriguez-for-Her-Eau-de-Parfum-14319.html,95268,Davidoff,Cool Water Reborn For Her Eau de Parfum Intense,0.6747,https://www.fragrantica.com/perfume/Davidoff/Cool-Water-Reborn-For-Her-Eau-de-Parfum-Intense-95268.html,15478,Narciso Rodriguez,Narciso Rodriguez for Her Extrait de Parfum,0.6582,https://www.fragrantica.com/perfume/Narciso-Rodriguez/Narciso-Rodriguez-for-Her-Extrait-de-Parfum-15478.html,,,,,
746-KAR,Ocean View,WEAK_REVIEW,,,139608,GLOBAL_WEAK,0.0000,112762,Bentala Fragrances,Ocean Vista,0.7619,https://www.fragrantica.com/perfume/Bentala-Fragrances/Ocean-Vista-112762.html,139608,Bujairami,Ocean Waves,0.7619,https://www.fragrantica.com/perfume/Bujairami/Ocean-Waves-139608.html,89936,Dom Do,Ocean Skin,0.7000,https://www.fragrantica.com/perfume/Dom-Do/Ocean-Skin-89936.html,112838,Athena Fragrances,Ocean Noir,0.7000,https://www.fragrantica.com/perfume/Athena-Fragrances/Ocean-Noir-112838.html,93498,Zara,Ocean Blue,0.7000,https://www.fragrantica.com/perfume/Zara/Ocean-Blue-93498.html
770-LAP,Midnight Rain,WEAK_REVIEW,,,126942,GLOBAL_WEAK,0.0338,126942,PARIS CORNER,Midnight Sin,0.8800,https://www.fragrantica.com/perfume/PARIS-CORNER/Midnight-Sin-126942.html,132391,Bluehill,Midnight Ride,0.8462,https://www.fragrantica.com/perfume/Bluehill/Midnight-Ride-132391.html,23574,Ralph Lauren,Midnight Romance,0.8276,https://www.fragrantica.com/perfume/Ralph-Lauren/Midnight-Romance-23574.html,32778,Byredo,Midnight Candy,0.8148,https://www.fragrantica.com/perfume/Byredo/Midnight-Candy-32778.html,132955,Bargello,Midnight Flora,0.8148,https://www.fragrantica.com/perfume/Bargello/Midnight-Flora-132955.html
772-LAD,Fame,WEAK_REVIEW,,,119545,GLOBAL_WEAK,0.0000,119545,Aura Budapest,Fame,1.0000,https://www.fragrantica.com/perfume/Aura-Budapest/Fame-119545.html,37872,Corday,Fame,1.0000,https://www.fragrantica.com/perfume/Corday/Fame-37872.html,100965,Rasasi,Fame,1.0000,https://www.fragrantica.com/perfume/Rasasi/Fame-100965.html,74962,Rabanne,Fame,1.0000,https://www.fragrantica.com/perfume/Rabanne/Fame-74962.html,83498,Rabanne,Fame Parfum,1.0000,https://www.fragrantica.com/perfume/Rabanne/Fame-Parfum-83498.html
799-LANV,Eclat-d-arpege-eau-de-,WEAK_REVIEW,,,34152,GLOBAL_WEAK,0.0000,34152,Al Battash Classic,Eclat Pour Femme,0.6667,https://www.fragrantica.com/perfume/Al-Battash-Classic/Eclat-Pour-Femme-34152.html,34154,Al Battash Classic,Eclat Pour Homme,0.6667,https://www.fragrantica.com/perfume/Al-Battash-Classic/Eclat-Pour-Homme-34154.html,84715,Ascania,Eclat,0.6667,https://www.fragrantica.com/perfume/Ascania/Eclat-84715.html,,,,,,,,,,
800-LANV,Me,WEAK_REVIEW,,,17764,GLOBAL_WEAK,0.0000,58119,Be Layered,Me,1.0000,https://www.fragrantica.com/perfume/Be-Layered/Me-58119.html,72225,Cult For,Me,1.0000,https://www.fragrantica.com/perfume/Cult-For/Me-72225.html,112304,AENYOE1,Me,1.0000,https://www.fragrantica.com/perfume/AENYOE1/Me-112304.html,17764,American Eagle,Me,1.0000,https://www.fragrantica.com/perfume/American-Eagle/Me-17764.html,38326,Armand Basi,In Me,0.6667,https://www.fragrantica.com/perfume/Armand-Basi/In-Me-38326.html
801-LANV,Marry Me,WEAK_REVIEW,,,68723,GLOBAL_WEAK,0.0833,68723,Rabanne,Major Me,0.7500,https://www.fragrantica.com/perfume/Rabanne/Major-Me-68723.html,96098,ByBozo,Will You Marry Me,0.6667,https://www.fragrantica.com/perfume/ByBozo/Will-You-Marry-Me-96098.html,59251,All Your Personal Aroma,Marry Me On Thursday,0.6667,https://www.fragrantica.com/perfume/All-Your-Personal-Aroma/Marry-Me-On-Thursday-59251.html,58119,Be Layered,Me,0.6667,https://www.fragrantica.com/perfume/Be-Layered/Me-58119.html,72225,Cult For,Me,0.6667,https://www.fragrantica.com/perfume/Cult-For/Me-72225.html
802-LBI,VENEZIA - LAURA BIAGIOTTI,WEAK_REVIEW,,,101588,GLOBAL_WEAK,0.0000,130238,Cornerland,Venezia,1.0000,https://www.fragrantica.com/perfume/Cornerland/Venezia-130238.html,101588,Duomo Perfume House,Venezia,1.0000,https://www.fragrantica.com/perfume/Duomo-Perfume-House/Venezia-101588.html,4900,Adrienne Vittadini,Venezia,1.0000,https://www.fragrantica.com/perfume/Adrienne-Vittadini/Venezia-4900.html,57431,Al Musbah,Oud Venezia,0.7778,https://www.fragrantica.com/perfume/Al-Musbah/Oud-Venezia-57431.html,,,,,
805-LOL,L DE LOLITA LEMPICKA,WEAK_REVIEW,,,94766,GLOBAL_WEAK,0.0000,15854,Black Phoenix Alchemy Lab,Lolita,0.6667,https://www.fragrantica.com/perfume/Black-Phoenix-Alchemy-Lab/Lolita-15854.html,94766,MAISON ASRAR,Lolita,0.6667,https://www.fragrantica.com/perfume/MAISON-ASRAR/Lolita-94766.html,,,,,,,,,,,,,,,
806-LOL,L Eau Jolie,WEAK_REVIEW,,,42811,GLOBAL_WEAK,0.0000,44369,Bahoma London,Jolie,1.0000,https://www.fragrantica.com/perfume/Bahoma-London/Jolie-44369.html,13363,Cerchi Nell Acqua,Jolie,1.0000,https://www.fragrantica.com/perfume/Cerchi-Nell-Acqua/Jolie-13363.html,42811,Dans un Jardin,Jolie,1.0000,https://www.fragrantica.com/perfume/Dans-un-Jardin/Jolie-42811.html,17743,Ava Luxe,Vanille Jolie,0.6667,https://www.fragrantica.com/perfume/Ava-Luxe/Vanille-Jolie-17743.html,131767,Caline,Tres Jolie,0.6667,https://www.fragrantica.com/perfume/Caline/Tres-Jolie-131767.html
807-LOL,LOLITA - LOLITA LEMPICKA,WEAK_REVIEW,,,94766,GLOBAL_WEAK,0.0000,15854,Black Phoenix Alchemy Lab,Lolita,1.0000,https://www.fragrantica.com/perfume/Black-Phoenix-Alchemy-Lab/Lolita-15854.html,94766,MAISON ASRAR,Lolita,1.0000,https://www.fragrantica.com/perfume/MAISON-ASRAR/Lolita-94766.html,26974,Christine Lavoisier Parfums,Burlesk Lolita,0.6667,https://www.fragrantica.com/perfume/Christine-Lavoisier-Parfums/Burlesk-Lolita-26974.html,,,,,,,,,,
808-LOL,Sweet,WEAK_REVIEW,,,27065,GLOBAL_WEAK,0.0000,27065,Apple Parfums,Sweet,1.0000,https://www.fragrantica.com/perfume/Apple-Parfums/Sweet-27065.html,16570,Zara,Sweet,1.0000,https://www.fragrantica.com/perfume/Zara/Sweet-16570.html,27045,Apple Parfums,My Sweet,0.7692,https://www.fragrantica.com/perfume/Apple-Parfums/My-Sweet-27045.html,47047,Aquolina,Sweet Me,0.7692,https://www.fragrantica.com/perfume/Aquolina/Sweet-Me-47047.html,77529,Bath Body Works,Sweet Pea,0.7143,https://www.fragrantica.com/perfume/Bath-Body-Works/Sweet-Pea-77529.html
816-MAX,MAX MARA,WEAK_REVIEW,,,85350,GLOBAL_WEAK,0.0000,85350,Dzintars,Mara,0.6667,https://www.fragrantica.com/perfume/Dzintars/Mara-85350.html,19814,Al Haramain Perfumes,Max d,0.6667,https://www.fragrantica.com/perfume/Al-Haramain-Perfumes/Max-d-19814.html,55558,Natura,K Max,0.6667,https://www.fragrantica.com/perfume/Natura/K-Max-55558.html,,,,,,,,,,
817-MIC,Gold Collection  24k Brilliant Gold,NO_CANDIDATE,Michael Kors,verified_suffix,,GLOBAL_WEAK,0.6667,100988,Rasasi,Brilliant Gold,0.6667,https://www.fragrantica.com/perfume/Rasasi/Brilliant-Gold-100988.html,,,,,,,,,,,,,,,,,,,,
819-MIC,SEXY AMBER - KORS,NO_CANDIDATE,Michael Kors,verified_suffix,68626,GLOBAL_WEAK,0.0000,50770,Lalique,Sweet Amber,0.7619,https://www.fragrantica.com/perfume/Lalique/Sweet-Amber-50770.html,121853,Victoria s Secret,Peony Amber,0.7619,https://www.fragrantica.com/perfume/Victoria-s-Secret/Peony-Amber-121853.html,95206,Aquarabia,Smoke Amber,0.7619,https://www.fragrantica.com/perfume/Aquarabia/Smoke-Amber-95206.html,115997,CoSTUME NATIONAL,Fiery Amber,0.7619,https://www.fragrantica.com/perfume/CoSTUME-NATIONAL/Fiery-Amber-115997.html,108775,Al Jazeera Perfumes,Smoky Amber,0.7619,https://www.fragrantica.com/perfume/Al-Jazeera-Perfumes/Smoky-Amber-108775.html
821-MIC,SEXY SUNSET - KORS,NO_CANDIDATE,Michael Kors,verified_suffix,68626,GLOBAL_ALTERNATIVE,0.0381,103591,Alex Simone,Le Sunset,0.8000,https://www.fragrantica.com/perfume/Alex-Simone/Le-Sunset-103591.html,87159,d grayi,Sexy Skunk,0.7619,https://www.fragrantica.com/perfume/d-grayi/Sexy-Skunk-87159.html,126624,Athena Club,Salted Sunset,0.7500,https://www.fragrantica.com/perfume/Athena-Club/Salted-Sunset-126624.html,69128,Zara,Incense Sunset,0.7200,https://www.fragrantica.com/perfume/Zara/Incense-Sunset-69128.html,25305,Victoria s Secret,Sunset,0.7059,https://www.fragrantica.com/perfume/Victoria-s-Secret/Sunset-25305.html
823-MIC,Sporty Citrus,NO_CANDIDATE,Michael Kors,verified_suffix,68626,GLOBAL_WEAK,0.0000,81415,Amouroud,Smoky Citrus,0.8000,https://www.fragrantica.com/perfume/Amouroud/Smoky-Citrus-81415.html,136501,Barbour s Beauty,Solar Citrus,0.8000,https://www.fragrantica.com/perfume/Barbour-s-Beauty/Solar-Citrus-136501.html,36835,Victoria s Secret,Pure Citrus,0.7500,https://www.fragrantica.com/perfume/Victoria-s-Secret/Pure-Citrus-36835.html,114137,Areej,Pura Citrus,0.7500,https://www.fragrantica.com/perfume/Areej/Pura-Citrus-114137.html,135717,Dyrose,Creamy Citrus,0.6923,https://www.fragrantica.com/perfume/Dyrose/Creamy-Citrus-135717.html
824-MIC,Gold Collection  White Luminous Gold,NO_CANDIDATE,Michael Kors,verified_suffix,68626,GLOBAL_WEAK,0.0000,108858,Carlo Corinto,White Gold,0.6667,https://www.fragrantica.com/perfume/Carlo-Corinto/White-Gold-108858.html,23822,Al Jazeera Perfumes,White Gold,0.6667,https://www.fragrantica.com/perfume/Al-Jazeera-Perfumes/White-Gold-23822.html,26886,Ajmal,Jaathbia Collection White Musk,0.6462,https://www.fragrantica.com/perfume/Ajmal/Jaathbia-Collection-White-Musk-26886.html,,,,,,,,,,
843-NRO,FOR HER PINK EAU DE TOILETTE - RODRIGUEZ,WEAK_REVIEW,Narciso Rodriguez,verified_suffix,72604,GLOBAL_WEAK,0.0214,19050,Givenchy,Play For Her Eau de Toilette,0.8214,https://www.fragrantica.com/perfume/Givenchy/Play-For-Her-Eau-de-Toilette-19050.html,109004,Fragrance World,Redriguez for Her Pink,0.8000,https://www.fragrantica.com/perfume/Fragrance-World/Redriguez-for-Her-Pink-109004.html,71379,Burberry,Burberry Her Eau de Toilette,0.7500,https://www.fragrantica.com/perfume/Burberry/Burberry-Her-Eau-de-Toilette-71379.html,48517,Hugo Boss,Boss The Scent for Her Eau de Toilette,0.6970,https://www.fragrantica.com/perfume/Hugo-Boss/Boss-The-Scent-for-Her-Eau-de-Toilette-48517.html,72604,Narciso Rodriguez,Narciso Rodriguez For Her Pink Edition,0.6667,https://www.fragrantica.com/perfume/Narciso-Rodriguez/Narciso-Rodriguez-For-Her-Pink-Edition-72604.html
850-NIN,L'AIR DU TEMPS,NO_CANDIDATE,Nina Ricci,code_signature,83150,GLOBAL_WEAK,0.0000,133310,Bontemps Paris,Amoureux du temps,0.7097,https://www.fragrantica.com/perfume/Bontemps-Paris/Amoureux-du-temps-133310.html,89022,Camille Leguay,La Nuit des Temps,0.7097,https://www.fragrantica.com/perfume/Camille-Leguay/La-Nuit-des-Temps-89022.html,,,,,,,,,,,,,,,
851-NIN,L Extase,NO_CANDIDATE,Nina Ricci,code_signature,83150,GLOBAL_WEAK,0.7368,4671,Giorgio Armani,Onde Extase,0.7368,https://www.fragrantica.com/perfume/Giorgio-Armani/Onde-Extase-4671.html,,,,,,,,,,,,,,,,,,,,
852-NIN,Luna,NO_CANDIDATE,Nina Ricci,code_signature,,GLOBAL_WEAK,0.0000,97684,MAISON ASRAR,Luna,1.0000,https://www.fragrantica.com/perfume/MAISON-ASRAR/Luna-97684.html,124243,AMD Perfumes,Luna,1.0000,https://www.fragrantica.com/perfume/AMD-Perfumes/Luna-124243.html,38351,Penhaligon s,Luna,1.0000,https://www.fragrantica.com/perfume/Penhaligon-s/Luna-38351.html,106477,Anfar 1950,Luna,1.0000,https://www.fragrantica.com/perfume/Anfar-1950/Luna-106477.html,83045,Aaron Terence Hughes,Luna,1.0000,https://www.fragrantica.com/perfume/Aaron-Terence-Hughes/Luna-83045.html
853-NIN,NINA,WEAK_REVIEW,Nina Ricci,code_signature,83150,GLOBAL_STRONG,0.3333,84711,Ascania,Nina Nina,1.0000,https://www.fragrantica.com/perfume/Ascania/Nina-Nina-84711.html,83150,Nina Ricci,Nina Le Parfum,0.6667,https://www.fragrantica.com/perfume/Nina-Ricci/Nina-Le-Parfum-83150.html,,,,,,,,,,,,,,,
892-RCAV,JUST HER - ROBERTO CAVALLI,WEAK_REVIEW,,,5659,GLOBAL_WEAK,0.0632,5659,Avon,Just Play for Her,0.8000,https://www.fragrantica.com/perfume/Avon/Just-Play-for-Her-5659.html,104698,Fragrance World,Just Lychee,0.7368,https://www.fragrantica.com/perfume/Fragrance-World/Just-Lychee-104698.html,26810,Alta Moda,Just Bleu,0.7059,https://www.fragrantica.com/perfume/Alta-Moda/Just-Bleu-26810.html,18635,Avon,Just Move,0.7059,https://www.fragrantica.com/perfume/Avon/Just-Move-18635.html,139239,Marc Jacobs,Just Perfect,0.7000,https://www.fragrantica.com/perfume/Marc-Jacobs/Just-Perfect-139239.html
893-RCAV,NERO ASSOLUTO - CAVALLI,WEAK_REVIEW,,,104577,GLOBAL_WEAK,0.0179,104577,Alberto Allegretti,Vetiver Assoluto,0.7586,https://www.fragrantica.com/perfume/Alberto-Allegretti/Vetiver-Assoluto-104577.html,41151,Tiziana Terenzi,Dubhe Assoluto,0.7407,https://www.fragrantica.com/perfume/Tiziana-Terenzi/Dubhe-Assoluto-41151.html,36704,Tiziana Terenzi,Tyl Assoluto,0.7200,https://www.fragrantica.com/perfume/Tiziana-Terenzi/Tyl-Assoluto-36704.html,46232,Acqua del Garda,Gelsomino Assoluto,0.7097,https://www.fragrantica.com/perfume/Acqua-del-Garda/Gelsomino-Assoluto-46232.html,91984,Culti,Tabacco Assoluto,0.6897,https://www.fragrantica.com/perfume/Culti/Tabacco-Assoluto-91984.html
894-RCAV,Paradiso,WEAK_REVIEW,,,74932,GLOBAL_WEAK,0.0000,84286,AzherOud,Paradiso,1.0000,https://www.fragrantica.com/perfume/AzherOud/Paradiso-84286.html,119667,Dermacol,Paradiso,1.0000,https://www.fragrantica.com/perfume/Dermacol/Paradiso-119667.html,30395,Bi es,Paradiso,1.0000,https://www.fragrantica.com/perfume/Bi-es/Paradiso-30395.html,74932,AzherOud,Paradiso,1.0000,https://www.fragrantica.com/perfume/AzherOud/Paradiso-74932.html,139647,Bottega Verde,Torta Paradiso,0.7273,https://www.fragrantica.com/perfume/Bottega-Verde/Torta-Paradiso-139647.html
895-RCAV,SERPENTINE - CAVALLI,WEAK_REVIEW,,,24924,GLOBAL_WEAK,0.0000,24924,Comme des Garcons,Serpentine,1.0000,https://www.fragrantica.com/perfume/Comme-des-Garcons/Serpentine-24924.html,95364,Sorce,Serpentine,1.0000,https://www.fragrantica.com/perfume/Sorce/Serpentine-95364.html,,,,,,,,,,,,,,,
896-RCAV,Splendid-vanilla,WEAK_REVIEW,,,47949,GLOBAL_GOOD,0.1375,47949,Alexandria Fragrances,Splendid Vanille,0.9375,https://www.fragrantica.com/perfume/Alexandria-Fragrances/Splendid-Vanille-47949.html,89044,Victoria s Secret,Spiced Vanilla,0.8000,https://www.fragrantica.com/perfume/Victoria-s-Secret/Spiced-Vanilla-89044.html,115577,Al Rehab,Spanish Vanilla,0.7742,https://www.fragrantica.com/perfume/Al-Rehab/Spanish-Vanilla-115577.html,75680,Angel Schlesser,Opulent Vanilla,0.7742,https://www.fragrantica.com/perfume/Angel-Schlesser/Opulent-Vanilla-75680.html,115577,ALREHAB PERFUMES,Spanish Vanilla,0.7742,https://www.fragrantica.com/perfume/ALREHAB-PERFUMES/Spanish-Vanilla-115577.html
897-RCAV,Tiger Oud,WEAK_REVIEW,,,106098,GLOBAL_WEAK,0.0222,106098,Byermia,Tiger Rouge,0.8000,https://www.fragrantica.com/perfume/Byermia/Tiger-Rouge-106098.html,87111,d grayi,Alter Oud,0.7778,https://www.fragrantica.com/perfume/d-grayi/Alter-Oud-87111.html,81840,Roja Dove,The Oud,0.7500,https://www.fragrantica.com/perfume/Roja-Dove/The-Oud-81840.html,99960,Ahmed Al Maghribi,Ignite Oud,0.7368,https://www.fragrantica.com/perfume/Ahmed-Al-Maghribi/Ignite-Oud-99960.html,86960,ALT Fragrances,Fierce Oud,0.7368,https://www.fragrantica.com/perfume/ALT-Fragrances/Fierce-Oud-86960.html
898-ROC,AQUA WOMAN - ROCHAS,NO_CANDIDATE,Camille Rochelle,code_signature,136718,GLOBAL_WEAK,0.0000,44574,Denim,Aqua,1.0000,https://www.fragrantica.com/perfume/Denim/Aqua-44574.html,118680,Beverly Hills Polo Club,Aqua,1.0000,https://www.fragrantica.com/perfume/Beverly-Hills-Polo-Club/Aqua-118680.html,21388,Abdul Samad Al Qurashi,Aqua,1.0000,https://www.fragrantica.com/perfume/Abdul-Samad-Al-Qurashi/Aqua-21388.html,25028,Botanique,Aqua,1.0000,https://www.fragrantica.com/perfume/Botanique/Aqua-25028.html,82166,Avon,Aqua,1.0000,https://www.fragrantica.com/perfume/Avon/Aqua-82166.html
901-ROG,ROSE,WEAK_REVIEW,,,41865,GLOBAL_WEAK,0.0000,24161,Candora,Rose,1.0000,https://www.fragrantica.com/perfume/Candora/Rose-24161.html,41865,Alicia Milor,Rose,1.0000,https://www.fragrantica.com/perfume/Alicia-Milor/Rose-41865.html,7432,Caron,Rose,1.0000,https://www.fragrantica.com/perfume/Caron/Rose-7432.html,42490,All Good Scents,Rose,1.0000,https://www.fragrantica.com/perfume/All-Good-Scents/Rose-42490.html,49068,Caron,Rose,1.0000,https://www.fragrantica.com/perfume/Caron/Rose-49068.html
905-SFER,AMO - S.FERRAGAMO,WEAK_REVIEW,,,33356,GLOBAL_WEAK,0.0000,33356,Natura,Amo,1.0000,https://www.fragrantica.com/perfume/Natura/Amo-33356.html,33357,Natura,Amo,1.0000,https://www.fragrantica.com/perfume/Natura/Amo-33357.html,41197,Chlorophylla,Te Amo,0.6667,https://www.fragrantica.com/perfume/Chlorophylla/Te-Amo-41197.html,28656,Cindy C,Ti Amo,0.6667,https://www.fragrantica.com/perfume/Cindy-C/Ti-Amo-28656.html,34996,Roja Dove,Ti Amo,0.6667,https://www.fragrantica.com/perfume/Roja-Dove/Ti-Amo-34996.html
906-SFER,EMOZIONE - S.FERRAGAMO,WEAK_REVIEW,,,38202,GLOBAL_WEAK,0.7619,38202,Carlo Colucci,Emozione Uomo,0.7619,https://www.fragrantica.com/perfume/Carlo-Colucci/Emozione-Uomo-38202.html,,,,,,,,,,,,,,,,,,,,
907-SFER,SIGNORINA - FERRAGAMO,WEAK_REVIEW,,,117950,GLOBAL_WEAK,0.0300,117950,Alan Bray,Signorina Candy,0.7500,https://www.fragrantica.com/perfume/Alan-Bray/Signorina-Candy-117950.html,117952,Alan Bray,Signorina Divina,0.7200,https://www.fragrantica.com/perfume/Alan-Bray/Signorina-Divina-117952.html,117953,Alan Bray,Signorina Assoluta,0.6667,https://www.fragrantica.com/perfume/Alan-Bray/Signorina-Assoluta-117953.html,117951,Alan Bray,Signorina Allettante,0.6667,https://www.fragrantica.com/perfume/Alan-Bray/Signorina-Allettante-117951.html,,,,,
908-SFER,SIGNORINA MISTERIOSA - FERRAGAMO,WEAK_REVIEW,,,117952,GLOBAL_WEAK,0.0380,117952,Alan Bray,Signorina Divina,0.7222,https://www.fragrantica.com/perfume/Alan-Bray/Signorina-Divina-117952.html,117953,Alan Bray,Signorina Assoluta,0.6842,https://www.fragrantica.com/perfume/Alan-Bray/Signorina-Assoluta-117953.html,,,,,,,,,,,,,,,
910-SARJ,LOVELY,WEAK_REVIEW,,,20103,GLOBAL_WEAK,0.0000,20103,Al Rehab,Lovely,1.0000,https://www.fragrantica.com/perfume/Al-Rehab/Lovely-20103.html,127616,Arabian Oud,Lovely,1.0000,https://www.fragrantica.com/perfume/Arabian-Oud/Lovely-127616.html,26572,City Parfum,Lovely,1.0000,https://www.fragrantica.com/perfume/City-Parfum/Lovely-26572.html,20103,ALREHAB PERFUMES,Lovely,1.0000,https://www.fragrantica.com/perfume/ALREHAB-PERFUMES/Lovely-20103.html,20678,Dina Cosmetics,Lovely Me,0.8000,https://www.fragrantica.com/perfume/Dina-Cosmetics/Lovely-Me-20678.html
911-SEPH,Fleur de Coton / Cotton Flower,NO_CANDIDATE,Disney Jasmine Collection by Sephora,code_signature,20523,GLOBAL_WEAK,0.0000,42803,Dans un Jardin,Fleur de Coton,0.6667,https://www.fragrantica.com/perfume/Dans-un-Jardin/Fleur-de-Coton-42803.html,34790,Adopt Parfums,Fleur de Coton,0.6667,https://www.fragrantica.com/perfume/Adopt-Parfums/Fleur-de-Coton-34790.html,136044,biblioteka aromatov,Cotton flower,0.6667,https://www.fragrantica.com/perfume/biblioteka-aromatov/Cotton-flower-136044.html,15568,Durance en Provence,Cotton flower,0.6667,https://www.fragrantica.com/perfume/Durance-en-Provence/Cotton-flower-15568.html,,,,,
912-SHIS,ZEN,WEAK_REVIEW,,,31476,GLOBAL_WEAK,0.0000,31476,Auphorie,Zen,1.0000,https://www.fragrantica.com/perfume/Auphorie/Zen-31476.html,106249,AMD Perfumes,Zen,1.0000,https://www.fragrantica.com/perfume/AMD-Perfumes/Zen-106249.html,45721,Areej Le Dore,Oud Zen,0.6667,https://www.fragrantica.com/perfume/Areej-Le-Dore/Oud-Zen-45721.html,98226,Besoin,Zen Mind,0.6667,https://www.fragrantica.com/perfume/Besoin/Zen-Mind-98226.html,122712,Victoria s Secret,Ginger Zen,0.6667,https://www.fragrantica.com/perfume/Victoria-s-Secret/Ginger-Zen-122712.html
913-SIS,Eau du Soir,WEAK_REVIEW,,,5304,GLOBAL_WEAK,0.0182,5304,Van Cleef Arpels,Eau du Tsar,0.8182,https://www.fragrantica.com/perfume/Van-Cleef-Arpels/Eau-du-Tsar-5304.html,49621,Cathy Carden,Space Eau du Soir,0.8000,https://www.fragrantica.com/perfume/Cathy-Carden/Space-Eau-du-Soir-49621.html,10769,Le Labo,Belle Du Soir,0.8000,https://www.fragrantica.com/perfume/Le-Labo/Belle-Du-Soir-10769.html,103596,Alex Simone,Chanceux du Soir,0.8000,https://www.fragrantica.com/perfume/Alex-Simone/Chanceux-du-Soir-103596.html,82744,Coup de Coeur,Harmonie du Soir,0.8000,https://www.fragrantica.com/perfume/Coup-de-Coeur/Harmonie-du-Soir-82744.html
914-SIS,Eau Tropicale,WEAK_REVIEW,,,106635,GLOBAL_WEAK,0.0667,106635,Calaj,Delizia Tropicale,0.8000,https://www.fragrantica.com/perfume/Calaj/Delizia-Tropicale-106635.html,77574,Bioleanes,Emotion Tropicale,0.7333,https://www.fragrantica.com/perfume/Bioleanes/Emotion-Tropicale-77574.html,,,,,,,,,,,,,,,
916-SOF,Love,WEAK_REVIEW,,,40317,GLOBAL_WEAK,0.0000,27062,Apple Parfums,Love,1.0000,https://www.fragrantica.com/perfume/Apple-Parfums/Love-27062.html,40317,Accessorize,Love,1.0000,https://www.fragrantica.com/perfume/Accessorize/Love-40317.html,4741,Ralph Lauren,Love,1.0000,https://www.fragrantica.com/perfume/Ralph-Lauren/Love-4741.html,64557,Auric Blends,Love,1.0000,https://www.fragrantica.com/perfume/Auric-Blends/Love-64557.html,23797,Christine Darvin,Love,1.0000,https://www.fragrantica.com/perfume/Christine-Darvin/Love-23797.html
917-SWA,Aura,WEAK_REVIEW,,,137200,GLOBAL_WEAK,0.0000,103829,Ardent Parfums,Aura,1.0000,https://www.fragrantica.com/perfume/Ardent-Parfums/Aura-103829.html,121379,Assaf,Aura,1.0000,https://www.fragrantica.com/perfume/Assaf/Aura-121379.html,118363,Asad Siddiki,Aura,1.0000,https://www.fragrantica.com/perfume/Asad-Siddiki/Aura-118363.html,18981,Loewe,Aura,1.0000,https://www.fragrantica.com/perfume/Loewe/Aura-18981.html,82689,Arcadia,Aura,1.0000,https://www.fragrantica.com/perfume/Arcadia/Aura-82689.html
926-TOM,Tommy Girl,NO_CANDIDATE,Tom Ford,code_signature,45192,GLOBAL_WEAK,0.0059,6900,Carolina Gynning,Go Girl,0.7059,https://www.fragrantica.com/perfume/Carolina-Gynning/Go-Girl-6900.html,9296,Blue Q,Dirty Girl,0.7000,https://www.fragrantica.com/perfume/Blue-Q/Dirty-Girl-9296.html,2083,Anna Sui,Dolly Girl,0.7000,https://www.fragrantica.com/perfume/Anna-Sui/Dolly-Girl-2083.html,32559,Alyssa Ashley,B Girl,0.6667,https://www.fragrantica.com/perfume/Alyssa-Ashley/B-Girl-32559.html,32611,Clayeux,Girl,0.6667,https://www.fragrantica.com/perfume/Clayeux/Girl-32611.html
927-TOUZ,Rosa,WEAK_REVIEW,,,82760,GLOBAL_WEAK,0.0000,20136,ALREHAB PERFUMES,Rosa,1.0000,https://www.fragrantica.com/perfume/ALREHAB-PERFUMES/Rosa-20136.html,83676,Castelbel,Rosa,1.0000,https://www.fragrantica.com/perfume/Castelbel/Rosa-83676.html,26691,Companhia da Terra,Rosa,1.0000,https://www.fragrantica.com/perfume/Companhia-da-Terra/Rosa-26691.html,82760,Alen Mak,Rosa,1.0000,https://www.fragrantica.com/perfume/Alen-Mak/Rosa-82760.html,56207,Cultus Artem,Rosa,1.0000,https://www.fragrantica.com/perfume/Cultus-Artem/Rosa-56207.html
942-VERW,Princess,WEAK_REVIEW,,,97503,GLOBAL_WEAK,0.0000,97503,Rasasi,Princess,1.0000,https://www.fragrantica.com/perfume/Rasasi/Princess-97503.html,22116,Amordad,Princess,1.0000,https://www.fragrantica.com/perfume/Amordad/Princess-22116.html,139087,DKHOUN,Princess,1.0000,https://www.fragrantica.com/perfume/DKHOUN/Princess-139087.html,90174,By Kilian,Princess,1.0000,https://www.fragrantica.com/perfume/By-Kilian/Princess-90174.html,94420,Beautimatic,Princess,1.0000,https://www.fragrantica.com/perfume/Beautimatic/Princess-94420.html
992-ZAD,Girls Can Do Anything,NO_CANDIDATE,Zadig Voltaire,verified_suffix,,GLOBAL_WEAK,0.6875,70795,American Eagle,Do Anything,0.6875,https://www.fragrantica.com/perfume/American-Eagle/Do-Anything-70795.html,,,,,,,,,,,,,,,,,,,,
993-ZAD,JUST ROCK FOR HER - ZADIG & VOLTAIRE,NO_CANDIDATE,Zadig Voltaire,verified_suffix,39359,GLOBAL_WEAK,0.0095,55604,Adidas,Unlock For Her,0.7742,https://www.fragrantica.com/perfume/Adidas/Unlock-For-Her-55604.html,5659,Avon,Just Play for Her,0.7647,https://www.fragrantica.com/perfume/Avon/Just-Play-for-Her-5659.html,69788,Adam Powell,Juicy For Her,0.7333,https://www.fragrantica.com/perfume/Adam-Powell/Juicy-For-Her-69788.html,86079,The Dua Brand,Dua s Touch for Her,0.7222,https://www.fragrantica.com/perfume/The-Dua-Brand/Dua-s-Touch-for-Her-86079.html,88757,We Pink,Fusion For Her,0.7097,https://www.fragrantica.com/perfume/We-Pink/Fusion-For-Her-88757.html
994-ZAD,This Is Her,WEAK_REVIEW,Zadig Voltaire,verified_suffix,39359,GLOBAL_WEAK,0.0000,137143,Atelier Verno,This Is Me,0.8571,https://www.fragrantica.com/perfume/Atelier-Verno/This-Is-Me-137143.html,84971,Custo Barcelona,This is Me,0.8571,https://www.fragrantica.com/perfume/Custo-Barcelona/This-is-Me-84971.html,39359,Zadig Voltaire,This is Him,0.8182,https://www.fragrantica.com/perfume/Zadig-Voltaire/This-is-Him-39359.html,93796,The Dua Brand,This Is You Me,0.7200,https://www.fragrantica.com/perfume/The-Dua-Brand/This-Is-You-Me-93796.html,18416,Disney Jasmine Collection by Sephora,So This Is Love,0.6923,https://www.fragrantica.com/perfume/Disney-Jasmine-Collection-by-Sephora/So-This-Is-Love-18416.html
1014-AZZ,CLASSIC,NO_CANDIDATE,Azzaro,verified_suffix,37912,GLOBAL_WEAK,0.0000,20062,ALREHAB PERFUMES,Classic,1.0000,https://www.fragrantica.com/perfume/ALREHAB-PERFUMES/Classic-20062.html,118686,Beverly Hills Polo Club,Classic,1.0000,https://www.fragrantica.com/perfume/Beverly-Hills-Polo-Club/Classic-118686.html,11683,Banana Republic,Classic,1.0000,https://www.fragrantica.com/perfume/Banana-Republic/Classic-11683.html,85937,The Dua Brand,Classic,1.0000,https://www.fragrantica.com/perfume/The-Dua-Brand/Classic-85937.html,139649,Dolce,Classic,1.0000,https://www.fragrantica.com/perfume/Dolce/Classic-139649.html
1021-BOG,One Man Show Eau de Toilette,WEAK_REVIEW,,,46273,GLOBAL_WEAK,0.0784,46273,Dolce Gabbana,The One Eau de Toilette,0.7451,https://www.fragrantica.com/perfume/Dolce-Gabbana/The-One-Eau-de-Toilette-46273.html,121024,Dolce Gabbana,The One Pour Homme Eau de Parfum,0.6667,https://www.fragrantica.com/perfume/Dolce-Gabbana/The-One-Pour-Homme-Eau-de-Parfum-121024.html,31909,Dolce Gabbana,The One for Men Eau de Parfum,0.6667,https://www.fragrantica.com/perfume/Dolce-Gabbana/The-One-for-Men-Eau-de-Parfum-31909.html,4494,Dolce Gabbana,L eau The One,0.6667,https://www.fragrantica.com/perfume/Dolce-Gabbana/L-eau-The-One-4494.html,91350,Carlo Corinto,One Man,0.6667,https://www.fragrantica.com/perfume/Carlo-Corinto/One-Man-91350.html
1034-BLG,AQUA - BVLGARI,WEAK_REVIEW,Bvlgari,verified_suffix,2094,GLOBAL_WEAK,0.0000,44574,Denim,Aqua,1.0000,https://www.fragrantica.com/perfume/Denim/Aqua-44574.html,118680,Beverly Hills Polo Club,Aqua,1.0000,https://www.fragrantica.com/perfume/Beverly-Hills-Polo-Club/Aqua-118680.html,21388,Abdul Samad Al Qurashi,Aqua,1.0000,https://www.fragrantica.com/perfume/Abdul-Samad-Al-Qurashi/Aqua-21388.html,25028,Botanique,Aqua,1.0000,https://www.fragrantica.com/perfume/Botanique/Aqua-25028.html,82166,Avon,Aqua,1.0000,https://www.fragrantica.com/perfume/Avon/Aqua-82166.html
1094-DOL,K KING (2019),NO_CANDIDATE,Dolce Gabbana,verified_suffix,59129,GLOBAL_WEAK,0.0000,121374,Assaf,King,1.0000,https://www.fragrantica.com/perfume/Assaf/King-121374.html,114120,Areej,King,1.0000,https://www.fragrantica.com/perfume/Areej/King-114120.html,127683,Denise Quinones,King,1.0000,https://www.fragrantica.com/perfume/Denise-Quinones/King-127683.html,22120,Amordad,King,1.0000,https://www.fragrantica.com/perfume/Amordad/King-22120.html,98725,Armaf,King,1.0000,https://www.fragrantica.com/perfume/Armaf/King-98725.html
1116-ZEG,UOMO ABSOLUT - ERMENEGILDO ZEGNA,NO_CANDIDATE,Cremo,verified_suffix,135779,GLOBAL_WEAK,0.0952,136007,Caneza,Uomo Bold,0.7619,https://www.fragrantica.com/perfume/Caneza/Uomo-Bold-136007.html,137083,Alain Aregon,Absolut Man,0.6667,https://www.fragrantica.com/perfume/Alain-Aregon/Absolut-Man-137083.html,68370,Avellaneda Perfumes,Uomo Parfum,0.6667,https://www.fragrantica.com/perfume/Avellaneda-Perfumes/Uomo-Parfum-68370.html,122705,Caneza,Uomo,0.6667,https://www.fragrantica.com/perfume/Caneza/Uomo-122705.html,33370,Antonio Fusco,Uomo,0.6667,https://www.fragrantica.com/perfume/Antonio-Fusco/Uomo-33370.html
1118-FAB,BRUT 1964,NO_CANDIDATE,Fabbrica Della Musa,code_signature,,GLOBAL_WEAK,0.0000,15303,Brut Parfums Prestige,Brut,0.6667,https://www.fragrantica.com/perfume/Brut-Parfums-Prestige/Brut-15303.html,15311,Brut Parfums Prestige,Eau de Brut,0.6667,https://www.fragrantica.com/perfume/Brut-Parfums-Prestige/Eau-de-Brut-15311.html,,,,,,,,,,,,,,,
1121-GFE,FERRE MAN,WEAK_REVIEW,,,52617,GLOBAL_WEAK,0.6667,52617,Al Ambra,Irish Ferre,0.6667,https://www.fragrantica.com/perfume/Al-Ambra/Irish-Ferre-52617.html,,,,,,,,,,,,,,,,,,,,
1122-GFE,In the Mood for Love,WEAK_REVIEW,,,49396,GLOBAL_STRONG,0.0782,49396,Stephane Humbert Lucas 777,In The Wood For Love,0.9500,https://www.fragrantica.com/perfume/Stephane-Humbert-Lucas-777/In-The-Wood-For-Love-49396.html,56033,Juliette Has A Gun,In The Mood For Oud,0.8718,https://www.fragrantica.com/perfume/Juliette-Has-A-Gun/In-The-Mood-For-Oud-56033.html,24085,Calzedonia,In Love,0.8000,https://www.fragrantica.com/perfume/Calzedonia/In-Love-24085.html,54339,Acidica Perfumes,In Love,0.8000,https://www.fragrantica.com/perfume/Acidica-Perfumes/In-Love-54339.html,133184,Cyzone,In Love,0.8000,https://www.fragrantica.com/perfume/Cyzone/In-Love-133184.html
1151-HAL,Halston Z-14 Cologne,WEAK_REVIEW,,,85708,GLOBAL_WEAK,0.6667,85708,The Dua Brand,3 14,0.6667,https://www.fragrantica.com/perfume/The-Dua-Brand/3-14-85708.html,,,,,,,,,,,,,,,,,,,,
1172-ISS,EAU D'ISSEY HOMME - ISSEY MIYAKE,WEAK_REVIEW,Issey Miyake,verified_suffix,721,GLOBAL_WEAK,0.0000,721,Issey Miyake,L Eau d Issey Pour Homme,1.0000,https://www.fragrantica.com/perfume/Issey-Miyake/L-Eau-d-Issey-Pour-Homme-721.html,720,Issey Miyake,L eau d Issey,1.0000,https://www.fragrantica.com/perfume/Issey-Miyake/L-eau-d-Issey-720.html,37742,Issey Miyake,L Eau d Issey Parfum,1.0000,https://www.fragrantica.com/perfume/Issey-Miyake/L-Eau-d-Issey-Parfum-37742.html,103573,Issey Miyake,L Eau d Issey Pour Homme Eau de Parfum,1.0000,https://www.fragrantica.com/perfume/Issey-Miyake/L-Eau-d-Issey-Pour-Homme-Eau-de-Parfum-103573.html,66099,Issey Miyake,L Eau d Issey Pour Homme Limited Edition,1.0000,https://www.fragrantica.com/perfume/Issey-Miyake/L-Eau-d-Issey-Pour-Homme-Limited-Edition-66099.html
1186-JOO,WOW - JOOP,WEAK_REVIEW,,,23001,GLOBAL_WEAK,0.0000,23001,Anfasic,Wow,1.0000,https://www.fragrantica.com/perfume/Anfasic/Wow-23001.html,109978,Anfasic,Wow,1.0000,https://www.fragrantica.com/perfume/Anfasic/Wow-109978.html,121944,Aura Fragrances,Wow Oud,0.6667,https://www.fragrantica.com/perfume/Aura-Fragrances/Wow-Oud-121944.html,55873,Agatha Ruiz de la Prada,Wow Girl,0.6667,https://www.fragrantica.com/perfume/Agatha-Ruiz-de-la-Prada/Wow-Girl-55873.html,109983,Anfasic,Wow Mist,0.6667,https://www.fragrantica.com/perfume/Anfasic/Wow-Mist-109983.html
1187-JOV,White Musk for Women,NO_CANDIDATE,Jovoy Paris,code_signature,,GLOBAL_WEAK,0.0000,3770,Montale,White Musk,1.0000,https://www.fragrantica.com/perfume/Montale/White-Musk-3770.html,21668,Arabian Oud,White Musk,1.0000,https://www.fragrantica.com/perfume/Arabian-Oud/White-Musk-21668.html,20150,Al Rehab,White Musk,1.0000,https://www.fragrantica.com/perfume/Al-Rehab/White-Musk-20150.html,20150,ALREHAB PERFUMES,White Musk,1.0000,https://www.fragrantica.com/perfume/ALREHAB-PERFUMES/White-Musk-20150.html,5783,Alyssa Ashley,White Musk,1.0000,https://www.fragrantica.com/perfume/Alyssa-Ashley/White-Musk-5783.html
1196-LAC,L.12.12 MAGNETIC,NO_CANDIDATE,Christian Lacroix,code_signature,357,GLOBAL_WEAK,0.0000,85684,The Dua Brand,Magnetic,0.6667,https://www.fragrantica.com/perfume/The-Dua-Brand/Magnetic-85684.html,40748,Victoria s Secret,Magnetic,0.6667,https://www.fragrantica.com/perfume/Victoria-s-Secret/Magnetic-40748.html,87868,Akbari,Magnetic,0.6667,https://www.fragrantica.com/perfume/Akbari/Magnetic-87868.html,52155,Besties,Magnetic,0.6667,https://www.fragrantica.com/perfume/Besties/Magnetic-52155.html,136751,Bujairami,Magnetic,0.6667,https://www.fragrantica.com/perfume/Bujairami/Magnetic-136751.html
1201-LBI,Venezia Uomo,WEAK_REVIEW,,,2585,GLOBAL_WEAK,0.0500,2585,Valentino,Vendetta Uomo,0.8000,https://www.fragrantica.com/perfume/Valentino/Vendetta-Uomo-2585.html,67070,Acqua dell Elba,Essenza Uomo,0.7500,https://www.fragrantica.com/perfume/Acqua-dell-Elba/Essenza-Uomo-67070.html,130238,Cornerland,Venezia,0.7368,https://www.fragrantica.com/perfume/Cornerland/Venezia-130238.html,101588,Duomo Perfume House,Venezia,0.7368,https://www.fragrantica.com/perfume/Duomo-Perfume-House/Venezia-101588.html,4900,Adrienne Vittadini,Venezia,0.7368,https://www.fragrantica.com/perfume/Adrienne-Vittadini/Venezia-4900.html
1251-ROM,ROYAL BLUE,WEAK_REVIEW,,,127642,GLOBAL_WEAK,0.0000,79193,Arte Profumi,Royal Blue,1.0000,https://www.fragrantica.com/perfume/Arte-Profumi/Royal-Blue-79193.html,127642,Arabian Oud,Royal Blue,1.0000,https://www.fragrantica.com/perfume/Arabian-Oud/Royal-Blue-127642.html,41901,Brooksfield,Royal Blue,1.0000,https://www.fragrantica.com/perfume/Brooksfield/Royal-Blue-41901.html,22378,Rasasi,Royale Blue,0.9524,https://www.fragrantica.com/perfume/Rasasi/Royale-Blue-22378.html,22379,Rasasi,Royale Blue,0.9524,https://www.fragrantica.com/perfume/Rasasi/Royale-Blue-22379.html
1254-RCAV,JUST HIM - ROBERTO CAVALLI,WEAK_REVIEW,,,5658,GLOBAL_WEAK,0.0941,5658,Avon,Just Play for Him,0.8000,https://www.fragrantica.com/perfume/Avon/Just-Play-for-Him-5658.html,18635,Avon,Just Move,0.7059,https://www.fragrantica.com/perfume/Avon/Just-Move-18635.html,98276,Rasasi,Jubilant Him,0.7000,https://www.fragrantica.com/perfume/Rasasi/Jubilant-Him-98276.html,41589,David LISS Parfums,Just For Women,0.6667,https://www.fragrantica.com/perfume/David-LISS-Parfums/Just-For-Women-41589.html,73323,Dilis Parfum,For Him,0.6667,https://www.fragrantica.com/perfume/Dilis-Parfum/For-Him-73323.html
1259-SHU,OLD SPICE,NO_CANDIDATE,Stephane Humbert Lucas 777,code_signature,72381,GLOBAL_GOOD,0.0468,68516,Acqua di Parma,Oud Spice,0.8889,https://www.fragrantica.com/perfume/Acqua-di-Parma/Oud-Spice-68516.html,129809,Cricket Avenue,Wood Spice,0.8421,https://www.fragrantica.com/perfume/Cricket-Avenue/Wood-Spice-129809.html,29924,AXE,Wild Spice,0.8421,https://www.fragrantica.com/perfume/AXE/Wild-Spice-29924.html,4544,Penhaligon s,Lily Spice,0.7368,https://www.fragrantica.com/perfume/Penhaligon-s/Lily-Spice-4544.html,122555,Batlah,Snow Spice,0.7368,https://www.fragrantica.com/perfume/Batlah/Snow-Spice-122555.html
1494-BOD,RED MUSK OUD,WEAK_REVIEW,,,86502,GLOBAL_GOOD,0.0462,86502,The Dua Brand,Regal Musk Oud,0.8462,https://www.fragrantica.com/perfume/The-Dua-Brand/Regal-Musk-Oud-86502.html,18904,By Kilian,Musk Oud,0.8000,https://www.fragrantica.com/perfume/By-Kilian/Musk-Oud-18904.html,86446,The Dua Brand,Oud Musk,0.8000,https://www.fragrantica.com/perfume/The-Dua-Brand/Oud-Musk-86446.html,36098,Dar Al Oud,Oud Musk,0.8000,https://www.fragrantica.com/perfume/Dar-Al-Oud/Oud-Musk-36098.html,23008,Roja Dove,Musk Aoud,0.7619,https://www.fragrantica.com/perfume/Roja-Dove/Musk-Aoud-23008.html
1526-AL HAR,MUKHALLAT AL EMIRATES,WEAK_REVIEW,Al Haramain Perfumes,verified_suffix,3903,GLOBAL_WEAK,0.0085,26890,Ajmal,Mukhallat Amiri,0.7778,https://www.fragrantica.com/perfume/Ajmal/Mukhallat-Amiri-26890.html,21638,Arabian Oud,Mukhallat Al Dewan,0.7692,https://www.fragrantica.com/perfume/Arabian-Oud/Mukhallat-Al-Dewan-21638.html,21639,Arabian Oud,Mukhallat Al Qaser,0.7692,https://www.fragrantica.com/perfume/Arabian-Oud/Mukhallat-Al-Qaser-21639.html,48276,Al Rehab,Mukhallat Al Wazeer,0.7500,https://www.fragrantica.com/perfume/Al-Rehab/Mukhallat-Al-Wazeer-48276.html,48276,ALREHAB PERFUMES,Mukhallat Al Wazeer,0.7500,https://www.fragrantica.com/perfume/ALREHAB-PERFUMES/Mukhallat-Al-Wazeer-48276.html
1550-YAN,HOME SWEET HOME - YANKEE,NO_CANDIDATE,Daddy Yankee,name_tail,,GLOBAL_WEAK,0.0000,120005,Butterfly Thai Perfume,Home Sweet Home,1.0000,https://www.fragrantica.com/perfume/Butterfly-Thai-Perfume/Home-Sweet-Home-120005.html,55345,Brocard,Sweet Home,1.0000,https://www.fragrantica.com/perfume/Brocard/Sweet-Home-55345.html,47047,Aquolina,Sweet Me,0.6957,https://www.fragrantica.com/perfume/Aquolina/Sweet-Me-47047.html,52250,Lush,I m Home,0.6667,https://www.fragrantica.com/perfume/Lush/I-m-Home-52250.html,27065,Apple Parfums,Sweet,0.6667,https://www.fragrantica.com/perfume/Apple-Parfums/Sweet-27065.html
1629-AL HAR,MUSK MALIKI,WEAK_REVIEW,Al Haramain Perfumes,verified_suffix,48224,GLOBAL_WEAK,0.0000,48224,Al Haramain Perfumes,Musk Maliki,1.0000,https://www.fragrantica.com/perfume/Al-Haramain-Perfumes/Musk-Maliki-48224.html,70385,Al Haramain Perfumes,Musk Maliki,1.0000,https://www.fragrantica.com/perfume/Al-Haramain-Perfumes/Musk-Maliki-70385.html,43759,Chopard,Musk Malaki,0.9091,https://www.fragrantica.com/perfume/Chopard/Musk-Malaki-43759.html,54148,Swiss Arabian,Musk Malaki,0.9091,https://www.fragrantica.com/perfume/Swiss-Arabian/Musk-Malaki-54148.html,24731,Ayala Moriel,Musk Malabi,0.8182,https://www.fragrantica.com/perfume/Ayala-Moriel/Musk-Malabi-24731.html
1641-KHAL,Aloha Parfum,WEAK_REVIEW,,,39996,GLOBAL_STRONG,0.3333,39996,Alfaroma,Aloha,1.0000,https://www.fragrantica.com/perfume/Alfaroma/Aloha-39996.html,12651,Comptoir Sud Pacifique,Aloha Tiare Eau de Parfum,0.6667,https://www.fragrantica.com/perfume/Comptoir-Sud-Pacifique/Aloha-Tiare-Eau-de-Parfum-12651.html,105048,Capri Blue,Aloha Orchid,0.6667,https://www.fragrantica.com/perfume/Capri-Blue/Aloha-Orchid-105048.html,1731,Comptoir Sud Pacifique,Aloha Tiare Eau de Toilette,0.6667,https://www.fragrantica.com/perfume/Comptoir-Sud-Pacifique/Aloha-Tiare-Eau-de-Toilette-1731.html,135601,Rayhaan,Pacific Aloha,0.6667,https://www.fragrantica.com/perfume/Rayhaan/Pacific-Aloha-135601.html
1654-ACQ,Colonia 1916,WEAK_REVIEW,Acqua di Parma,verified_suffix,39468,GLOBAL_WEAK,0.0251,82187,Avon,Colonia 7,0.7619,https://www.fragrantica.com/perfume/Avon/Colonia-7-82187.html,10625,Antonio Miro,Colonia,0.7368,https://www.fragrantica.com/perfume/Antonio-Miro/Colonia-10625.html,5811,Compagnia Delle Indie,Colonia,0.7368,https://www.fragrantica.com/perfume/Compagnia-Delle-Indie/Colonia-5811.html,84180,Bocca Felice,Colonia,0.7368,https://www.fragrantica.com/perfume/Bocca-Felice/Colonia-84180.html,98439,Benegas,Colonia,0.7368,https://www.fragrantica.com/perfume/Benegas/Colonia-98439.html
1701-TOSC,TOSCA,WEAK_REVIEW,,,32191,GLOBAL_WEAK,0.0000,32191,Xerjoff,La Tosca,0.7692,https://www.fragrantica.com/perfume/Xerjoff/La-Tosca-32191.html,32191,Casamorati 1888,La Tosca,0.7692,https://www.fragrantica.com/perfume/Casamorati-1888/La-Tosca-32191.html,,,,,,,,,,,,,,,
1756-LBI,ROMA - LAURA BIAGIOTTI,WEAK_REVIEW,,,123580,GLOBAL_WEAK,0.0000,128642,ARO FAC Aroma Factory,Roma,1.0000,https://www.fragrantica.com/perfume/ARO-FAC-Aroma-Factory/Roma-128642.html,123580,Duomo Perfume House,Roma,1.0000,https://www.fragrantica.com/perfume/Duomo-Perfume-House/Roma-123580.html,136377,Dubai Niche,Roma,1.0000,https://www.fragrantica.com/perfume/Dubai-Niche/Roma-136377.html,35159,Natura,Avela e Roma,0.6667,https://www.fragrantica.com/perfume/Natura/Avela-e-Roma-35159.html,79783,Avon,Aquavibe Roma,0.6667,https://www.fragrantica.com/perfume/Avon/Aquavibe-Roma-79783.html
1763-JILS,SUN,WEAK_REVIEW,,,92410,GLOBAL_WEAK,0.0000,92410,Al Majed Oud,Sun,1.0000,https://www.fragrantica.com/perfume/Al-Majed-Oud/Sun-92410.html,17620,Lush,Sun,1.0000,https://www.fragrantica.com/perfume/Lush/Sun-17620.html,83766,Alchemist Perfumery,The Sun,1.0000,https://www.fragrantica.com/perfume/Alchemist-Perfumery/The-Sun-83766.html,65390,Betty Barclay,Pure Sun,0.6667,https://www.fragrantica.com/perfume/Betty-Barclay/Pure-Sun-65390.html,136150,Brown Girl Jane,Kola Sun,0.6667,https://www.fragrantica.com/perfume/Brown-Girl-Jane/Kola-Sun-136150.html
1769-LTN,the fragrance notes Roses,WEAK_REVIEW,Louis Vuitton,verified_suffix,55040,GLOBAL_WEAK,0.0000,86761,The Dua Brand,Fragrance No 1,0.6667,https://www.fragrantica.com/perfume/The-Dua-Brand/Fragrance-No-1-86761.html,1672,Bill Blass,The Fragrance from Bill Blass,0.6667,https://www.fragrantica.com/perfume/Bill-Blass/The-Fragrance-from-Bill-Blass-1672.html,,,,,,,,,,,,,,,
1781-LAC,TOUCH OF SUN,NO_CANDIDATE,Christian Lacroix,code_signature,357,GLOBAL_ALTERNATIVE,0.0333,130342,ARO FAC Aroma Factory,Touch of Oud,0.8333,https://www.fragrantica.com/perfume/ARO-FAC-Aroma-Factory/Touch-of-Oud-130342.html,31783,Christina Aguilera,Touch of Seduction,0.8000,https://www.fragrantica.com/perfume/Christina-Aguilera/Touch-of-Seduction-31783.html,28094,Beverly Hills 90210,Touch Of Pink,0.8000,https://www.fragrantica.com/perfume/Beverly-Hills-90210/Touch-Of-Pink-28094.html,77045,Ahmed Al Maghribi,Touch Oud,0.7619,https://www.fragrantica.com/perfume/Ahmed-Al-Maghribi/Touch-Oud-77045.html,28095,Beverly Hills 90210,Touch Of Red,0.7500,https://www.fragrantica.com/perfume/Beverly-Hills-90210/Touch-Of-Red-28095.html
1784-ESC,Summer-festival-eau-de-toilette,NO_CANDIDATE,Damien Escobar,code_signature,,GLOBAL_WEAK,0.0290,14598,Ralph Lauren,Romance Summer Blossom Eau de Toilette,0.6957,https://www.fragrantica.com/perfume/Ralph-Lauren/Romance-Summer-Blossom-Eau-de-Toilette-14598.html,40824,Zara,Summer Edition,0.6667,https://www.fragrantica.com/perfume/Zara/Summer-Edition-40824.html,38783,Bourbon French Parfums,Festival,0.6667,https://www.fragrantica.com/perfume/Bourbon-French-Parfums/Festival-38783.html,26755,Alan Bray,Festival,0.6667,https://www.fragrantica.com/perfume/Alan-Bray/Festival-26755.html,65922,Zara,Summer 5 0,0.6667,https://www.fragrantica.com/perfume/Zara/Summer-5-0-65922.html
1885-WID,LONDON,NO_CANDIDATE,Black Widow,code_signature,65856,GLOBAL_WEAK,0.0000,15957,Victoria s Secret,London,1.0000,https://www.fragrantica.com/perfume/Victoria-s-Secret/London-15957.html,139335,Dicora Urban Fit,London,1.0000,https://www.fragrantica.com/perfume/Dicora-Urban-Fit/London-139335.html,139342,Dicora Urban Fit,London,1.0000,https://www.fragrantica.com/perfume/Dicora-Urban-Fit/London-139342.html,74370,Al Jazeera Perfumes,London,1.0000,https://www.fragrantica.com/perfume/Al-Jazeera-Perfumes/London-74370.html,813,Burberry,London,1.0000,https://www.fragrantica.com/perfume/Burberry/London-813.html
1896-ESC,Cherry-in-japan,NO_CANDIDATE,Damien Escobar,code_signature,122599,GLOBAL_WEAK,0.0057,78278,Lorenzo Pazzaglia,Cherry Ink,0.7200,https://www.fragrantica.com/perfume/Lorenzo-Pazzaglia/Cherry-Ink-78278.html,126759,Gulf Orchid,Cherry On Top,0.7143,https://www.fragrantica.com/perfume/Gulf-Orchid/Cherry-On-Top-126759.html,73398,Dilis Parfum,Cherry Lips,0.6923,https://www.fragrantica.com/perfume/Dilis-Parfum/Cherry-Lips-73398.html,128648,Dolce Nude,Cherry Pink,0.6923,https://www.fragrantica.com/perfume/Dolce-Nude/Cherry-Pink-128648.html,101240,Fragrance World,Cherry Incense,0.6897,https://www.fragrantica.com/perfume/Fragrance-World/Cherry-Incense-101240.html
1899-ZARK,The-muse,WEAK_REVIEW,,,139992,GLOBAL_WEAK,0.0000,38395,Coty,Muse,1.0000,https://www.fragrantica.com/perfume/Coty/Muse-38395.html,15859,Black Phoenix Alchemy Lab,Muse,1.0000,https://www.fragrantica.com/perfume/Black-Phoenix-Alchemy-Lab/Muse-15859.html,14513,DI SER,Muse,1.0000,https://www.fragrantica.com/perfume/DI-SER/Muse-14513.html,107113,Andrea Maack,Muse,1.0000,https://www.fragrantica.com/perfume/Andrea-Maack/Muse-107113.html,99795,French Avenue,Muse,1.0000,https://www.fragrantica.com/perfume/French-Avenue/Muse-99795.html
1921-VIV,Boudoir-,NO_CANDIDATE,Amazonia Viva,code_signature,24612,GLOBAL_WEAK,0.7368,30417,Bi es,Pink Boudoir,0.7368,https://www.fragrantica.com/perfume/Bi-es/Pink-Boudoir-30417.html,,,,,,,,,,,,,,,,,,,,
1926-KOS,No. 4 Après l’Amour Eau de Parfum,WEAK_REVIEW,,,72252,GLOBAL_WEAK,0.6800,72252,Czech Speake,No 88 Eau de Parfum,0.6800,https://www.fragrantica.com/perfume/Czech-Speake/No-88-Eau-de-Parfum-72252.html,,,,,,,,,,,,,,,,,,,,
1977-SHIS,Ginza (2021),WEAK_REVIEW,,,97784,GLOBAL_STRONG,1.0000,97784,Hermes,Eau de Ginza,1.0000,https://www.fragrantica.com/perfume/Hermes/Eau-de-Ginza-97784.html,,,,,,,,,,,,,,,,,,,,
1980-HIND,Emarati Musk Parfum,WEAK_REVIEW,,,38162,GLOBAL_WEAK,0.0000,38162,Avon,Musk for Men,0.6667,https://www.fragrantica.com/perfume/Avon/Musk-for-Men-38162.html,14392,Alyssa Ashley,Musk for Men,0.6667,https://www.fragrantica.com/perfume/Alyssa-Ashley/Musk-for-Men-14392.html,130921,Assala Prime,X Musk,0.6667,https://www.fragrantica.com/perfume/Assala-Prime/X-Musk-130921.html,130333,BYNOMADS,K Musk,0.6667,https://www.fragrantica.com/perfume/BYNOMADS/K-Musk-130333.html,57177,Demeter Fragrance,Musk 7,0.6667,https://www.fragrantica.com/perfume/Demeter-Fragrance/Musk-7-57177.html
1985-WID,GOLD II SAHARA - WIDIAN,NO_CANDIDATE,Black Widow,code_signature,,GLOBAL_WEAK,0.0357,64130,Al Aneeq,Oud Sahara,0.7500,https://www.fragrantica.com/perfume/Al-Aneeq/Oud-Sahara-64130.html,27962,Ana Hickmann,Gold in Shadow,0.7143,https://www.fragrantica.com/perfume/Ana-Hickmann/Gold-in-Shadow-27962.html,16661,Aquolina,Gold Sugar,0.6667,https://www.fragrantica.com/perfume/Aquolina/Gold-Sugar-16661.html,51829,Atkinsons,Gold Fair In Mayfair,0.6471,https://www.fragrantica.com/perfume/Atkinsons/Gold-Fair-In-Mayfair-51829.html,103402,Bujairami,Gold Coast Shiraz,0.6452,https://www.fragrantica.com/perfume/Bujairami/Gold-Coast-Shiraz-103402.html
1987-SON,Le Parfum,WEAK_REVIEW,,,50659,GLOBAL_WEAK,0.0000,713,Mugler,Le Parfum,1.0000,https://www.fragrantica.com/perfume/Mugler/Le-Parfum-713.html,6210,Barbara Bui,Le Parfum,1.0000,https://www.fragrantica.com/perfume/Barbara-Bui/Le-Parfum-6210.html,50659,Claus Porto,Le Parfum,1.0000,https://www.fragrantica.com/perfume/Claus-Porto/Le-Parfum-50659.html,119236,Agnes B,Le Parfum,1.0000,https://www.fragrantica.com/perfume/Agnes-B/Le-Parfum-119236.html,62493,Viktor Rolf,Le Parfum,1.0000,https://www.fragrantica.com/perfume/Viktor-Rolf/Le-Parfum-62493.html
1988-THEVE,Arabesque,WEAK_REVIEW,,,21591,GLOBAL_WEAK,0.0000,21591,Arabian Oud,Arabesque,1.0000,https://www.fragrantica.com/perfume/Arabian-Oud/Arabesque-21591.html,93255,Aurora Scents,Arabesque,1.0000,https://www.fragrantica.com/perfume/Aurora-Scents/Arabesque-93255.html,53938,Alkemia Perfumes,Arabesque,1.0000,https://www.fragrantica.com/perfume/Alkemia-Perfumes/Arabesque-53938.html,33679,Arabesque,Arabesque Gold,0.7826,https://www.fragrantica.com/perfume/Arabesque/Arabesque-Gold-33679.html,36885,And Other Stories,Arabesque Wood,0.7826,https://www.fragrantica.com/perfume/And-Other-Stories/Arabesque-Wood-36885.html
1989-VERT,NARCOS'IS,WEAK_REVIEW,,,132958,GLOBAL_WEAK,0.8000,132958,Bargello,Narcos,0.8000,https://www.fragrantica.com/perfume/Bargello/Narcos-132958.html,,,,,,,,,,,,,,,,,,,,
1998-LTN,Citrus fragrance for women and men,NO_CANDIDATE,Louis Vuitton,verified_suffix,51016,GLOBAL_WEAK,0.0000,38055,Dame Perfumery,Citrus Man,0.6667,https://www.fragrantica.com/perfume/Dame-Perfumery/Citrus-Man-38055.html,93228,Bath Body Works,Citrus,0.6667,https://www.fragrantica.com/perfume/Bath-Body-Works/Citrus-93228.html,22372,Botanique,Citrus,0.6667,https://www.fragrantica.com/perfume/Botanique/Citrus-22372.html,140490,Celio,Citrus,0.6667,https://www.fragrantica.com/perfume/Celio/Citrus-140490.html,,,,,
2012-DOL,Q QUEEN,NO_CANDIDATE,Dolce Gabbana,verified_suffix,4494,GLOBAL_WEAK,0.0000,34054,Al Battash Classic,Queen,1.0000,https://www.fragrantica.com/perfume/Al-Battash-Classic/Queen-34054.html,127684,Denise Quinones,Queen,1.0000,https://www.fragrantica.com/perfume/Denise-Quinones/Queen-127684.html,28954,Swiss Arabian,Queen,1.0000,https://www.fragrantica.com/perfume/Swiss-Arabian/Queen-28954.html,22115,Amordad,Queen,1.0000,https://www.fragrantica.com/perfume/Amordad/Queen-22115.html,110733,Dkhoon Emirates,QUEEN,1.0000,https://www.fragrantica.com/perfume/Dkhoon-Emirates/QUEEN-110733.html
2016-PARELM,Elixir d'Amour,WEAK_REVIEW,,,35222,GLOBAL_WEAK,0.0500,35222,Kenzo,Jeu d Amour l Elixir,0.8000,https://www.fragrantica.com/perfume/Kenzo/Jeu-d-Amour-l-Elixir-35222.html,100003,Azha Perfumes,Elixir Oud,0.7500,https://www.fragrantica.com/perfume/Azha-Perfumes/Elixir-Oud-100003.html,121702,Cavalinho,Fleur d Amour,0.7407,https://www.fragrantica.com/perfume/Cavalinho/Fleur-d-Amour-121702.html,42750,Dans un Jardin,Belle d Amour,0.7407,https://www.fragrantica.com/perfume/Dans-un-Jardin/Belle-d-Amour-42750.html,4549,Aubusson,Histoire D Amour,0.7333,https://www.fragrantica.com/perfume/Aubusson/Histoire-D-Amour-4549.html
2028-ZARK,Youth,WEAK_REVIEW,,,555,GLOBAL_WEAK,0.0476,555,Estee Lauder,Youth Dew,0.7143,https://www.fragrantica.com/perfume/Estee-Lauder/Youth-Dew-555.html,92098,Rasasi,Youth Ikon,0.6667,https://www.fragrantica.com/perfume/Rasasi/Youth-Ikon-92098.html,17435,Estee Lauder,Youth Dew Limited Edition,0.6667,https://www.fragrantica.com/perfume/Estee-Lauder/Youth-Dew-Limited-Edition-17435.html,,,,,,,,,,
2044-LORV,TEINT DE NEIGE,WEAK_REVIEW,,,123786,GLOBAL_WEAK,0.7692,123786,Fragrance World,Eau de Neige,0.7692,https://www.fragrantica.com/perfume/Fragrance-World/Eau-de-Neige-123786.html,,,,,,,,,,,,,,,,,,,,
2051-PRFRO,Acqua Di Sale,WEAK_REVIEW,,,97884,GLOBAL_WEAK,0.0000,97884,Bottega Veneta,Acqua Sale,0.8696,https://www.fragrantica.com/perfume/Bottega-Veneta/Acqua-Sale-97884.html,91786,Apiarium,Acqua Sale,0.8696,https://www.fragrantica.com/perfume/Apiarium/Acqua-Sale-91786.html,136601,ARZENI,Acqua di Luce,0.8462,https://www.fragrantica.com/perfume/ARZENI/Acqua-di-Luce-136601.html,127724,Borsari,Acqua di Voile,0.8148,https://www.fragrantica.com/perfume/Borsari/Acqua-di-Voile-127724.html,85745,The Dua Brand,Acqua di Dua,0.8000,https://www.fragrantica.com/perfume/The-Dua-Brand/Acqua-di-Dua-85745.html
2085-CLIV,X NEROLI LIMITED EDITION - CLIVE CHRISTIAN,NO_CANDIDATE,Clive Christian,verified_suffix,59178,GLOBAL_WEAK,0.0000,6426,Czech Speake,Neroli Cologne,1.0000,https://www.fragrantica.com/perfume/Czech-Speake/Neroli-Cologne-6426.html,121923,Aimee,NEROLI,1.0000,https://www.fragrantica.com/perfume/Aimee/NEROLI-121923.html,112049,Granado,Neroli,1.0000,https://www.fragrantica.com/perfume/Granado/Neroli-112049.html,140439,AlBidaa,Neroli,1.0000,https://www.fragrantica.com/perfume/AlBidaa/Neroli-140439.html,70632,ARKET,Neroli,1.0000,https://www.fragrantica.com/perfume/ARKET/Neroli-70632.html
2094-SHIS,Ever Bloom,WEAK_REVIEW,,,122643,GLOBAL_WEAK,0.0356,122643,Ayond,Vesper Bloom,0.8182,https://www.fragrantica.com/perfume/Ayond/Vesper-Bloom-122643.html,102544,Ajmal,Feather Bloom,0.7826,https://www.fragrantica.com/perfume/Ajmal/Feather-Bloom-102544.html,70162,Aeropostale,Eletric Bloom,0.7826,https://www.fragrantica.com/perfume/Aeropostale/Eletric-Bloom-70162.html,128178,We Pink,VF Bloom,0.7778,https://www.fragrantica.com/perfume/We-Pink/VF-Bloom-128178.html,90528,We Pink,VF Bloom,0.7778,https://www.fragrantica.com/perfume/We-Pink/VF-Bloom-90528.html
2098-MIC,Twilight Shimmer,NO_CANDIDATE,Michael Kors,verified_suffix,,GLOBAL_WEAK,0.0234,53279,Zara,Twilight Mauve Summer,0.7568,https://www.fragrantica.com/perfume/Zara/Twilight-Mauve-Summer-53279.html,36909,Zara,Twilight Mauve,0.7333,https://www.fragrantica.com/perfume/Zara/Twilight-Mauve-36909.html,132138,Daniel s Truth,Twilight Dew,0.7143,https://www.fragrantica.com/perfume/Daniel-s-Truth/Twilight-Dew-132138.html,35110,Demeter Fragrance,Twilight Orchid,0.7097,https://www.fragrantica.com/perfume/Demeter-Fragrance/Twilight-Orchid-35110.html,121951,Aura Fragrances,Twilight Elixir,0.7097,https://www.fragrantica.com/perfume/Aura-Fragrances/Twilight-Elixir-121951.html
2185-DRC,Eau Sauvage Extrme Intense,WEAK_REVIEW,Dior,verified_suffix,232,GLOBAL_WEAK,0.0400,232,Dior,Eau Sauvage Extreme,0.8000,https://www.fragrantica.com/perfume/Dior/Eau-Sauvage-Extreme-232.html,72771,Dior,Eau Sauvage Extreme 2010,0.7600,https://www.fragrantica.com/perfume/Dior/Eau-Sauvage-Extreme-2010-72771.html,138704,Dior,Sauvage Extrait,0.6829,https://www.fragrantica.com/perfume/Dior/Sauvage-Extrait-138704.html,79243,Yves Saint Laurent,Y Eau de Parfum Intense,0.6531,https://www.fragrantica.com/perfume/Yves-Saint-Laurent/Y-Eau-de-Parfum-Intense-79243.html,83977,Giorgio Armani,Si Eau de Parfum Intense,0.6400,https://www.fragrantica.com/perfume/Giorgio-Armani/Si-Eau-de-Parfum-Intense-83977.html
2311-YVRO,PLAIN SOLEIL - YVES ROCHER,WEAK_REVIEW,,,132745,GLOBAL_WEAK,0.0553,132745,Bharara,King Soleil,0.7826,https://www.fragrantica.com/perfume/Bharara/King-Soleil-132745.html,36564,Biotherm,Eau Soleil,0.7273,https://www.fragrantica.com/perfume/Biotherm/Eau-Soleil-36564.html,123152,Amberfig,Citron Soleil,0.7200,https://www.fragrantica.com/perfume/Amberfig/Citron-Soleil-123152.html,57698,Versace,Jasmin au Soleil,0.7143,https://www.fragrantica.com/perfume/Versace/Jasmin-au-Soleil-57698.html,139666,Aroma Concepts,Echelon Soleil,0.6923,https://www.fragrantica.com/perfume/Aroma-Concepts/Echelon-Soleil-139666.html
2374-MICA,GN TONIC - MICALLEF,WEAK_REVIEW,,,86762,GLOBAL_WEAK,0.0000,86762,The Dua Brand,Gin Tonic,0.9412,https://www.fragrantica.com/perfume/The-Dua-Brand/Gin-Tonic-86762.html,7713,Demeter Fragrance,Gin Tonic,0.9412,https://www.fragrantica.com/perfume/Demeter-Fragrance/Gin-Tonic-7713.html,97945,Dilis Parfum,4 gin tonic,0.8421,https://www.fragrantica.com/perfume/Dilis-Parfum/4-gin-tonic-97945.html,86232,The Dua Brand,Green Tonic,0.8421,https://www.fragrantica.com/perfume/The-Dua-Brand/Green-Tonic-86232.html,1250,Azzaro,Pink Tonic,0.7778,https://www.fragrantica.com/perfume/Azzaro/Pink-Tonic-1250.html
2415-ESC,SEXY GRAFFITY - ESCADA,NO_CANDIDATE,Damien Escobar,code_signature,,GLOBAL_WEAK,0.0000,118690,Beverly Hills Polo Club,Sexy,0.6667,https://www.fragrantica.com/perfume/Beverly-Hills-Polo-Club/Sexy-118690.html,26571,City Parfum,Sexy,0.6667,https://www.fragrantica.com/perfume/City-Parfum/Sexy-26571.html,,,,,,,,,,,,,,,
2439-ZEG,INDONESIAN OUD,NO_CANDIDATE,Cremo,verified_suffix,49042,GLOBAL_STRONG,0.2632,74591,PARIS CORNER,Oud Indonesian,1.0000,https://www.fragrantica.com/perfume/PARIS-CORNER/Oud-Indonesian-74591.html,116257,Khadlaj Perfumes,Wild Indonesian Oud Pure,0.7368,https://www.fragrantica.com/perfume/Khadlaj-Perfumes/Wild-Indonesian-Oud-Pure-116257.html,74198,Zara,Bohemian Oud,0.6923,https://www.fragrantica.com/perfume/Zara/Bohemian-Oud-74198.html,83201,Areej Le Dore,The History of Indonesian Oud,0.6667,https://www.fragrantica.com/perfume/Areej-Le-Dore/The-History-of-Indonesian-Oud-83201.html,25981,Cartier,Oud Oud,0.6667,https://www.fragrantica.com/perfume/Cartier/Oud-Oud-25981.html
2552-SOR,NIGHT HORSE,WEAK_REVIEW,,,86417,GLOBAL_WEAK,0.0119,86417,The Dua Brand,Night Rosa,0.7619,https://www.fragrantica.com/perfume/The-Dua-Brand/Night-Rosa-86417.html,40550,Avon,Night Odyssey,0.7500,https://www.fragrantica.com/perfume/Avon/Night-Odyssey-40550.html,58746,Al Rehab,White Horse,0.7273,https://www.fragrantica.com/perfume/Al-Rehab/White-Horse-58746.html,136517,Deux Trois,Night Rider,0.7273,https://www.fragrantica.com/perfume/Deux-Trois/Night-Rider-136517.html,58746,ALREHAB PERFUMES,White Horse,0.7273,https://www.fragrantica.com/perfume/ALREHAB-PERFUMES/White-Horse-58746.html
2600-TMU,Angel Lily,WEAK_REVIEW,Mugler,verified_suffix,78581,GLOBAL_WEAK,0.0119,90546,Victoria s Secret,Jungle Lily,0.7619,https://www.fragrantica.com/perfume/Victoria-s-Secret/Jungle-Lily-90546.html,103761,Dzintars,Dangerous Lily,0.7500,https://www.fragrantica.com/perfume/Dzintars/Dangerous-Lily-103761.html,64958,Victoria s Secret,Neon Lily,0.7368,https://www.fragrantica.com/perfume/Victoria-s-Secret/Neon-Lily-64958.html,50982,Alexander McQueen,Blazing Lily,0.7273,https://www.fragrantica.com/perfume/Alexander-McQueen/Blazing-Lily-50982.html,78581,Mugler,Angel Elixir,0.7273,https://www.fragrantica.com/perfume/Mugler/Angel-Elixir-78581.html
2609-TMFO,Opaline Hyacinth,WEAK_REVIEW,Tom Ford,verified_suffix,15916,GLOBAL_WEAK,0.0253,42347,Jo Malone London,Blue Hyacinth,0.7586,https://www.fragrantica.com/perfume/Jo-Malone-London/Blue-Hyacinth-42347.html,56832,Victoria s Secret,Peach Hyacinth,0.7333,https://www.fragrantica.com/perfume/Victoria-s-Secret/Peach-Hyacinth-56832.html,92823,Demeter Fragrance,Hyacinth,0.6667,https://www.fragrantica.com/perfume/Demeter-Fragrance/Hyacinth-92823.html,15916,Tom Ford,Ombre de Hyacinth,0.6667,https://www.fragrantica.com/perfume/Tom-Ford/Ombre-de-Hyacinth-15916.html,139007,Ahmed Al Maghribi,Opaline Wave,0.6429,https://www.fragrantica.com/perfume/Ahmed-Al-Maghribi/Opaline-Wave-139007.html
2692-SOL,Cheirosa-87-rio-radiance-tan-lines,WEAK_REVIEW,Sol de Janeiro,verified_suffix,76319,GLOBAL_WEAK,0.6923,76319,Sol de Janeiro,Cheirosa Tan Lines,0.6923,https://www.fragrantica.com/perfume/Sol-de-Janeiro/Cheirosa-Tan-Lines-76319.html,,,,,,,,,,,,,,,,,,,,
2697-RIT,Karma Rituals,NO_CANDIDATE,Avgerinos,verified_suffix,63376,GLOBAL_WEAK,0.0000,112789,Lush,Karma,0.6667,https://www.fragrantica.com/perfume/Lush/Karma-112789.html,4367,Lush,Karma,0.6667,https://www.fragrantica.com/perfume/Lush/Karma-4367.html,,,,,,,,,,,,,,,
2701-DIP,Cafe Verlet,NO_CANDIDATE,Diptyque,verified_suffix,3835,GLOBAL_WEAK,0.0000,20172,Cafe Parfums,Cafe Men,0.6667,https://www.fragrantica.com/perfume/Cafe-Parfums/Cafe-Men-20172.html,446,Cafe Parfums,Cafe Cafe,0.6667,https://www.fragrantica.com/perfume/Cafe-Parfums/Cafe-Cafe-446.html,20173,Cafe Parfums,Cafe Men 2,0.6667,https://www.fragrantica.com/perfume/Cafe-Parfums/Cafe-Men-2-20173.html,87020,ALT Fragrances,Cafe,0.6667,https://www.fragrantica.com/perfume/ALT-Fragrances/Cafe-87020.html,3866,Cafe Parfums,Cafe,0.6667,https://www.fragrantica.com/perfume/Cafe-Parfums/Cafe-3866.html
2773-RIT,The Rituals of Mehr,NO_CANDIDATE,Avgerinos,verified_suffix,63389,GLOBAL_WEAK,0.0000,12856,Bonny Doon Farm,The Spirits of Lavender,0.6667,https://www.fragrantica.com/perfume/Bonny-Doon-Farm/The-Spirits-of-Lavender-12856.html,111767,Goldfield Banks Australia,Tales of Amber,0.6667,https://www.fragrantica.com/perfume/Goldfield-Banks-Australia/Tales-of-Amber-111767.html,,,,,,,,,,,,,,,
