shobi_code,prestashop_product_id,shobi_inspired_by,recovery_class,candidate_ids,candidate_evidence
130-LEL,1949,SANTAL 26 - LE LABO,NO_CANDIDATE,,
184-YAS,,HUBOOB,NO_CANDIDATE,,
185-AL HAR,2111,Red African,NO_CANDIDATE,,
200-CIR,,ERNESTO CHE GUEVARA,NO_CANDIDATE,,
202-CLIV,,No. 1 FOR WOMEN,NO_CANDIDATE,,
222-DIP,1125,AMBRE,NO_CANDIDATE,,
223-DIP,1126,BAIES,NO_CANDIDATE,,
227-DIP,1130,FEU DE BOIS / WOOD FIRE,NO_CANDIDATE,,
228-DIP,1131,FEUILLE DE LAVANDE,NO_CANDIDATE,,
230-DIP,1133,OPOPANAX,NO_CANDIDATE,,
258-JOM,1164,GREEN TOMATO LEAF - JO MALONE,NO_CANDIDATE,,
261-JOM,1167,INCENSE & EMBERS - JO MALONE,NO_CANDIDATE,,
289-JOM,1190,SWEET ALMON & MACARRON - JO MALONE,NO_CANDIDATE,,
310-MIL,,FEUILLES DE TABAC,NO_CANDIDATE,,
311-MOL,1208,amber cocoon-mol,NO_CANDIDATE,,
313-MOL,1210,thai vert-mol,NO_CANDIDATE,,
314-MOL,1904,ZIAO JAO - MOLTON BROWN,NO_CANDIDATE,,
326-PECK,1221,CALM - PECKSNIFF'S,NO_CANDIDATE,,
330-PG,,ORIENTAL BLOSSOM,NO_CANDIDATE,,
331-PG,,CRYSTAL WATER & WATER LILY,NO_CANDIDATE,,
334-SHI,,SHIRLEY MAY,NO_CANDIDATE,,
335-THCO,1231,CASHMERE BLANC - THE WHITE COMPANY,NO_CANDIDATE,,
336-THCO,1232,NARCISSUS NOIR - THE WHITE COMPANY,NO_CANDIDATE,,
362-TMFO,,ORCHID SOLEIL,NO_CANDIDATE,,
379-YAN,1263,CLEAN COTTON - YANKEE CANDLES,NO_CANDIDATE,,
380-YAN,1264,FALL FESTIVAL - YANKEE CANDLES,NO_CANDIDATE,,
381-YAN,1265,FRESH CUT ROSES - YANKEE CANDLES,NO_CANDIDATE,,
382-YAN,1266,POMEGRANATE CIDER - YANKEE CANDLES,NO_CANDIDATE,,
383-YAN,2105,WEDDING DAY - YANKEE,NO_CANDIDATE,,
387-,,CIGAR,NO_CANDIDATE,,
420-BRB,,BRIT RHYTHM FOR HER FLORAL,NO_CANDIDATE,,
456-CAC,,AMOR AMOR FORBIDDEN KISS,NO_CANDIDATE,,
491-CRT,,MUST DE CARTIER GOLD,NO_CANDIDATE,,
553-DOL,,DOLCE,NO_CANDIDATE,,
564-DOL,1937,SEXY CHOCLATE,NO_CANDIDATE,,
720-GUL,,CLASSIQUE,NO_CANDIDATE,,
728-JES,,IN BLACK,NO_CANDIDATE,,
876-PRA,,INFUSION D'AMANDE,NO_CANDIDATE,,
877-PRA,,INFUSION DE FLEUR D'ORANGER,NO_CANDIDATE,,
900-ROG,,FLEUR DE FIGUIER,NO_CANDIDATE,,
995-ZAR,,POUR FEMME,NO_CANDIDATE,,
1000-ADO,,AGUA FRESCA,NO_CANDIDATE,,
1001-ANT,,KING OF SEDUCTION,NO_CANDIDATE,,
1044-CAL,,ETERNITY,NO_CANDIDATE,,
1076-DRC,,FAHRENEIT,NO_CANDIDATE,,
1081-DRC,,HOMME EAU,NO_CANDIDATE,,
1121-GFE,,FERRE MAN,NO_CANDIDATE,,
1196-LAC,,L.12.12 MAGNETIC,NO_CANDIDATE,,
1220-MOS,,Toy,NO_CANDIDATE,,
1244-PRA,,PRADA AMBER POUR HOMME,NO_CANDIDATE,,
1486-TRU,,TRUSSARDI UOMO,NO_CANDIDATE,,
1489-DAV,,HORIZON,NO_CANDIDATE,,
1491-CAL,,OBSESSED FOR MEN,NO_CANDIDATE,,
1494-BOD,,RED MUSK OUD,NO_CANDIDATE,,
1523-AFN,,DEHN AL OUDH ABIYAD,NO_CANDIDATE,,
1526-AL HAR,,MUKHALLAT AL EMIRATES,NO_CANDIDATE,,
1534-SWI,,SWISS ARMY VICTORINOX,NO_CANDIDATE,,
1550-YAN,2331,HOME SWEET HOME - YANKEE,NO_CANDIDATE,,
1628-AL HAR,,WARDIA,NO_CANDIDATE,,
1629-AL HAR,,MUSK MALIKI,NO_CANDIDATE,,
1636-KIL,,PEARL OUD,NO_CANDIDATE,,
1644-DRC,,SAUVAGE ELIXIR,NO_CANDIDATE,,
1649-GIV,,L INTERDIT INTENSE,NO_CANDIDATE,,
1748-BYR,2602,Marijuana,NO_CANDIDATE,,
1767-LTN,,ATTRAPE REVES,NO_CANDIDATE,,
1781-LAC,,TOUCH OF SUN,NO_CANDIDATE,,
1783-AL HAR,,SULTAN,NO_CANDIDATE,,
1808-LTN,,MILLE FEUX,NO_CANDIDATE,,
1869-DOL,,BY,NO_CANDIDATE,,
1950-SWISA,,AL AMAKEN,NO_CANDIDATE,,
1955-LAP,,CELLULAR ENERGIZING,NO_CANDIDATE,,
2085-CLIV,3455,X NEROLI LIMITED EDITION - CLIVE CHRISTIAN,NO_CANDIDATE,,
2106-MARC,,B683,NO_CANDIDATE,,
2133-FRE,3567,Lipstick Rose Eau de Parfum,NO_CANDIDATE,,
2172-SWISA,,KASHKHA,NO_CANDIDATE,,
2173-ANFAD,,SUKAR,NO_CANDIDATE,,
2189-ARM,,STRONGER WITH YOU OUD,NO_CANDIDATE,,
2220-AL HAR,,HAYATI,NO_CANDIDATE,,
2256-GIV,,VERY IRRESISTIBLE,NO_CANDIDATE,,
2282-DRC,3915,Dioriviera Eau de Parfum,NO_CANDIDATE,,
2313-DRC,,SAUVAGE PARFUM 2019,NO_CANDIDATE,,
2331-DOL,,THE ONE MYSTERIOUS NIGHT,NO_CANDIDATE,,
2438-KYLJE,,COSMIC,NO_CANDIDATE,,
2514-DRC,4215,Sauvage Eau Forte,NO_CANDIDATE,,
2586-DIP,4367,Biscuit DIP,NO_CANDIDATE,,
2701-DIP,4640,Cafe Verlet,NO_CANDIDATE,,
2816-MOOD,5083,Blonde Maracuja Mood London,NO_CANDIDATE,,
,2688,Danat Al Duniya Eau de Parfum,NO_CANDIDATE,,
-HUG,,HUGO MAN,NO_CANDIDATE,,
-VICT,,ANGELS ONLY,NO_CANDIDATE,,
ALH004,,Dhahab,NO_CANDIDATE,,
ALH078,,Amber Oud Gold Edition,NO_CANDIDATE,,
