shobi_code,brand,perfume,result,fragrantica_id,fragrantica_url,candidate_brand,candidate_perfume,score,provider,note
2816-MOOD,Mood London,Blonde Maracuja Mood London,UNRESOLVED,,,,,,fragrantica-search:ERR:HTTPError|bing-rss:0|bing:0,no candidates
2692-SOL,Sol de Janeiro,Cheirosa-87-rio-radiance-tan-lines,UNRESOLVED,,,,,,fragrantica-search:ERR:HTTPError|bing-rss:0|bing:0,no candidates
2699-RIT,Rituals,Ayurveda Rituals,UNRESOLVED,,,,,,fragrantica-search:ERR:HTTPError|bing-rss:0|bing:0,no candidates
2697-RIT,Rituals,Karma Rituals,UNRESOLVED,,,,,,fragrantica-search:ERR:HTTPError|bing-rss:0|bing:0,no candidates
2687-GRIT,Gritti,Mango-aoud,UNRESOLVED,,,,,,fragrantica-search:ERR:HTTPError|bing-rss:0|bing:0,no candidates
2701-DIP,Diptyque,Cafe Verlet,UNRESOLVED,,,,,,fragrantica-search:ERR:HTTPError|bing-rss:0|bing:0,no candidates
2685-FRAG,Fragrance Du Bois,Rude-cherry,UNRESOLVED,,,,,,fragrantica-search:ERR:HTTPError|bing-rss:0|bing:0,no candidates
1654-ACQ,Acqua di Parma,Colonia 1916,UNRESOLVED,,,,,,fragrantica-search:ERR:HTTPError|bing-rss:0|bing:0,no candidates
2674-MICA,Martine Micallef,Note Poudree,UNRESOLVED,,,,,,fragrantica-search:ERR:HTTPError|bing-rss:0|bing:0,no candidates
2623-NES,Nest,Santa-barbara-strawberry-eau-de-,UNRESOLVED,,,,,,fragrantica-search:ERR:HTTPError|bing-rss:0|bing:0,no candidates
2600-TMU,mugler,Angel Lily,UNRESOLVED,,,,,,fragrantica-search:ERR:HTTPError|bing-rss:0|bing:0,no candidates
2375-ESC,Escada,Brisa Cubana Escada,UNRESOLVED,,,,,,fragrantica-search:ERR:HTTPError|bing-rss:0|bing:0,no candidates
2438-KYLJ,kylie-cosmetics,Cosmic-kylie-jenner-eau-de-,UNRESOLVED,,,,,,fragrantica-search:ERR:HTTPError|bing-rss:0|bing:0,no candidates
2562-JUSB,Jusbox,Beat Cafe,UNRESOLVED,,,,,,fragrantica-search:ERR:HTTPError|bing-rss:0|bing:0,no candidates
2560-JUSB,Jusbox,Siren-amp-sailors,UNRESOLVED,,,,,,fragrantica-search:ERR:HTTPError|bing-rss:0|bing:0,no candidates
2582-PIER,Pierre Balmain,Carbone Pierre Balmain type,UNRESOLVED,,,,,,fragrantica-search:ERR:HTTPError|bing-rss:0|bing:0,no candidates
2584-GIV,Givenchy,Eau de,UNRESOLVED,,,,,,fragrantica-search:ERR:HTTPError|bing-rss:0|bing:0,no candidates
2586-DIP,Diptyque,Biscuit DIP,UNRESOLVED,,,,,,fragrantica-search:ERR:HTTPError|bing-rss:0|bing:0,no candidates
2529-VER,Versace,L'Homme Eau de Toilette (Eau de Toilette),UNRESOLVED,,,,,,fragrantica-search:ERR:HTTPError|bing-rss:0|bing:0,no candidates
2580-KAY,Kayali,Yum Boujee Marshmallow | 81 Kayali Fragrances,UNRESOLVED,,,,,,fragrantica-search:ERR:HTTPError|bing-rss:0|bing:0,no candidates
2561-SOM,somens,Capriccio,UNRESOLVED,,,,,,fragrantica-search:ERR:HTTPError|bing-rss:0|bing:0,no candidates
2544-ACQ,Acqua di Parma,Magnolia Nobile,UNRESOLVED,,,,,,fragrantica-search:ERR:HTTPError|bing-rss:0|bing:0,no candidates
2510-ONE,One Direction,Our-moment-eau-de-,UNRESOLVED,,,,,,fragrantica-search:ERR:HTTPError|bing-rss:0|bing:0,no candidates
2508-DRC,Dior,Gris,UNRESOLVED,,,,,,fragrantica-search:ERR:HTTPError|bing-rss:0|bing:0,no candidates
2498-TOUZ,Tous,Baby Tous,UNRESOLVED,,,,,,fragrantica-search:ERR:HTTPError|bing-rss:0|bing:0,no candidates
2528-JER,Jeroboam,Gozo,UNRESOLVED,,,,,,fragrantica-search:ERR:HTTPError|bing-rss:0|bing:0,no candidates
2542-FUR,Furla,Autentica Furla for women,UNRESOLVED,,,,,,fragrantica-search:ERR:HTTPError|bing-rss:0|bing:0,no candidates
2489-KKWI,KKW Fragrance,Red Lips,UNRESOLVED,,,,,,fragrantica-search:ERR:HTTPError|bing-rss:0|bing:0,no candidates
2486-MA,MAC,Velvet Teddy MAC,UNRESOLVED,,,,,,fragrantica-search:ERR:HTTPError|bing-rss:0|bing:0,no candidates
2505-JACFAT,Jacques Fath,Curacao-bay,UNRESOLVED,,,,,,fragrantica-search:ERR:HTTPError|bing-rss:0|bing:0,no candidates
2467-NISH,Nishane,Ege,UNRESOLVED,,,,,,fragrantica-search:ERR:HTTPError|bing-rss:0|bing:0,no candidates
2464-ZAD,Zadig  Voltaire,This-is-really-him,UNRESOLVED,,,,,,fragrantica-search:ERR:HTTPError|bing-rss:0|bing:0,no candidates
2461-BOD,The Body Shop,Black-musk-night-bloom-eau-de-toilette,UNRESOLVED,,,,,,fragrantica-search:ERR:HTTPError|bing-rss:0|bing:0,no candidates
2450-PEN,Penhaligons,Alula,UNRESOLVED,,,,,,fragrantica-search:ERR:HTTPError|bing-rss:0|bing:0,no candidates
2432-ROJ,Roja Parfums,DANGER MAN - ROJA DOVE,UNRESOLVED,,,,,,fragrantica-search:ERR:HTTPError|bing-rss:0|bing:0,no candidates
2441-PANTRO,Pantheon Roma,DOLCE PASSIONE - PANTHEON ROMA,UNRESOLVED,,,,,,fragrantica-search:ERR:HTTPError|bing-rss:0|bing:0,no candidates
2431-ROJ,Roja Parfums,MUSK AOUD - ROJA DOVE,UNRESOLVED,,,,,,fragrantica-search:ERR:HTTPError|bing-rss:0|bing:0,no candidates
2437-MELA,Melanie Martinez,CRY BABY PERFUME MILK - MELANIE MARTINEZ,UNRESOLVED,,,,,,fragrantica-search:ERR:HTTPError|bing-rss:0|bing:0,no candidates
2415-ESC,Escada,SEXY GRAFFITY - ESCADA,UNRESOLVED,,,,,,fragrantica-search:ERR:HTTPError|bing-rss:0|bing:0,no candidates
2417-ACQ,Acqua di Parma,Arancia-di-capri,UNRESOLVED,,,,,,fragrantica-search:ERR:HTTPError|bing-rss:0|bing:0,no candidates
2418-ACQ,Acqua di Parma,VANIGLIA SIGNATURE,UNRESOLVED,,,,,,fragrantica-search:ERR:HTTPError|bing-rss:0|bing:0,no candidates
2411-JAME,James Heeley,COCCOBELLO - JAMES HEELEY,UNRESOLVED,,,,,,fragrantica-search:ERR:HTTPError|bing-rss:0|bing:0,no candidates
2400-MORH,Morph,Antigua Bay,UNRESOLVED,,,,,,fragrantica-search:ERR:HTTPError|bing-rss:0|bing:0,no candidates
2399-MORH,Morph,Tonkatonic,UNRESOLVED,,,,,,fragrantica-search:ERR:HTTPError|bing-rss:0|bing:0,no candidates
2288-BAT,Bath Body Works,BLACK RASBERRY VANILLA - BATH BODY WORKS,UNRESOLVED,,,,,,fragrantica-search:ERR:HTTPError|bing-rss:0|bing:0,no candidates
2383-ROCCO,Roccobarocco,ROCCOBAROCCO - ROCCOBAROCCO,UNRESOLVED,,,,,,fragrantica-search:ERR:HTTPError|bing-rss:0|bing:0,no candidates
2377-VICT,Victoria s Secret,Vanilla Lace,UNRESOLVED,,,,,,fragrantica-search:ERR:HTTPError|bing-rss:0|bing:0,no candidates
2378-GOLD,Goldfield & Banks,BOHEMIAN LIME - GOLDFIELD & BANKS AUSTRALIA,UNRESOLVED,,,,,,fragrantica-search:ERR:HTTPError|bing-rss:0|bing:0,no candidates
2374-MICA,M. Micallef,GN TONIC - MICALLEF,UNRESOLVED,,,,,,fragrantica-search:ERR:HTTPError|bing-rss:0|bing:0,no candidates
2334-ROJ,Roja Parfums,MANHATTAN - ROJA DOVE,UNRESOLVED,,,,,,fragrantica-search:ERR:HTTPError|bing-rss:0|bing:0,no candidates
2336-THAM,Thameen,Carved Oud,UNRESOLVED,,,,,,fragrantica-search:ERR:HTTPError|bing-rss:0|bing:0,no candidates
2371-MATIE,Matiere Premiere,Vanilla Powder,UNRESOLVED,,,,,,fragrantica-search:ERR:HTTPError|bing-rss:0|bing:0,no candidates
2365-DIP,Diptyque,L-eau-papier-eau-de-toilette,UNRESOLVED,,,,,,fragrantica-search:ERR:HTTPError|bing-rss:0|bing:0,no candidates
2368-ESC,Escada,Nectar-de-costa-rica,UNRESOLVED,,,,,,fragrantica-search:ERR:HTTPError|bing-rss:0|bing:0,no candidates
1481-EON,James Bond 007,James Bond 007 Eau de Toilette,UNRESOLVED,,,,,,fragrantica-search:ERR:HTTPError|bing-rss:0|bing:0,no candidates
2315-RAM,Ramon Monegal,Flamenco Eau de Parfum,UNRESOLVED,,,,,,fragrantica-search:ERR:HTTPError|bing-rss:0|bing:0,no candidates
2323-MICA,Martine Micallef,Vanille Fleur,UNRESOLVED,,,,,,fragrantica-search:ERR:HTTPError|bing-rss:0|bing:0,no candidates
2350-LOU,Christian Louboutin,Loubiraj is a Leather fragrance for women,UNRESOLVED,,,,,,fragrantica-search:ERR:HTTPError|bing-rss:0|bing:0,no candidates
2272-TAU,Tauer,Au Coeur Du Desert,UNRESOLVED,,,,,,fragrantica-search:ERR:HTTPError|bing-rss:0|bing:0,no candidates
2346-TMFO,Tom Ford,Vanilla Sex,UNRESOLVED,,,,,,fragrantica-search:ERR:HTTPError|bing-rss:0|bing:0,no candidates
2311-YVRO,Yves Rocher,PLAIN SOLEIL - YVES ROCHER,UNRESOLVED,,,,,,fragrantica-search:ERR:HTTPError|bing-rss:0|bing:0,no candidates
2314-CAR,Carolina Herrera,UNDER THE SEA WOMAN,UNRESOLVED,,,,,,fragrantica-search:ERR:HTTPError|bing-rss:0|bing:0,no candidates
2310-CAR,Carolina Herrera,UNDER THE SEA MAN,UNRESOLVED,,,,,,fragrantica-search:ERR:HTTPError|bing-rss:0|bing:0,no candidates
2306-MASQ,Masque Milano,TANGO - MASQUE MILANO,UNRESOLVED,,,,,,fragrantica-search:ERR:HTTPError|bing-rss:0|bing:0,no candidates
2309-ATKI,Atkinsons,Oud-save-the-queen-eau-de-,UNRESOLVED,,,,,,fragrantica-search:ERR:HTTPError|bing-rss:0|bing:0,no candidates
2296-KAY,Kayali,Oudgasm-cafe-oud-19,UNRESOLVED,,,,,,fragrantica-search:ERR:HTTPError|bing-rss:0|bing:0,no candidates
2298-ELEC,Electimuss,Patchouli of the Underworld,UNRESOLVED,,,,,,fragrantica-search:ERR:HTTPError|bing-rss:0|bing:0,no candidates
2295-FLOR,Floraiku,One Umbrella For Two,UNRESOLVED,,,,,,fragrantica-search:ERR:HTTPError|bing-rss:0|bing:0,no candidates
2271-ROJ,Roja Parfums,ELYSIUM POUR HOMME EAU INTENSE - ROJA DOVE,UNRESOLVED,,,,,,fragrantica-search:ERR:HTTPError|bing-rss:0|bing:0,no candidates
2275-ROJ,Roja Parfums,BURLINGTON 1819 - ROJA DOVE,UNRESOLVED,,,,,,fragrantica-search:ERR:HTTPError|bing-rss:0|bing:0,no candidates
2270-ORMO,Ormonde Jayne,MONTABACO - ORMONDE JAYNE,UNRESOLVED,,,,,,fragrantica-search:ERR:HTTPError|bing-rss:0|bing:0,no candidates
2284-HIS,Histoires de Parfums,1889 - Moulin Rouge,UNRESOLVED,,,,,,fragrantica-search:ERR:HTTPError|bing-rss:0|bing:0,no candidates
2264-KAY,Kayali,Oudgasm-tobacco-oud-04,UNRESOLVED,,,,,,fragrantica-search:ERR:HTTPError|bing-rss:0|bing:0,no candidates
1866-GUC,Gucci,Guilty Intense,UNRESOLVED,,,,,,fragrantica-search:ERR:HTTPError|bing-rss:0|bing:0,no candidates
2259-GIV,Givenchy,GENTLEMAN RESERVE EAU DE PARFUM PRIVE,UNRESOLVED,,,,,,fragrantica-search:ERR:HTTPError|bing-rss:0|bing:0,no candidates
2251-JOVP,Jovoy Paris,REMEMBER ME - JOVOY PARIS,UNRESOLVED,,,,,,fragrantica-search:ERR:HTTPError|bing-rss:0|bing:0,no candidates
2242-THESPD,the-spirit-of-dubai,The-spirit-of-dubai-turath,UNRESOLVED,,,,,,fragrantica-search:ERR:HTTPError|bing-rss:0|bing:0,no candidates
2234-MON,moncler,pour Femme,UNRESOLVED,,,,,,fragrantica-search:ERR:HTTPError|bing-rss:0|bing:0,no candidates
2229-ESCE,Escentric Molecules,Molecule-01-patchouli,UNRESOLVED,,,,,,fragrantica-search:ERR:HTTPError|bing-rss:0|bing:0,no candidates
2228-ESCE,Escentric Molecules,Molecule-01-iris,UNRESOLVED,,,,,,fragrantica-search:ERR:HTTPError|bing-rss:0|bing:0,no candidates
2224-ARM,Giorgio Armani,DIAMONDS WOMAN,UNRESOLVED,,,,,,fragrantica-search:ERR:HTTPError|bing-rss:0|bing:0,no candidates
2216-DOL,Dolce Gabbana,Devotion-eau-de-,UNRESOLVED,,,,,,fragrantica-search:ERR:HTTPError|bing-rss:0|bing:0,no candidates
2169-ROJ,Roja Parfums,TI AMO - ROJA DOVE,UNRESOLVED,,,,,,fragrantica-search:ERR:HTTPError|bing-rss:0|bing:0,no candidates
2230-VAR,John Varvatos,Dark Rebel,UNRESOLVED,,,,,,fragrantica-search:ERR:HTTPError|bing-rss:0|bing:0,no candidates
2163-SNI,Snif,Dead Dinosaur,UNRESOLVED,,,,,,fragrantica-search:ERR:HTTPError|bing-rss:0|bing:0,no candidates
2202-ROJ,Roja Parfums,ISOLA BLU - ROJA DOVE,UNRESOLVED,,,,,,fragrantica-search:ERR:HTTPError|bing-rss:0|bing:0,no candidates
2164-LAT,Lattafa,KHAMRAH - LATTAFA Inspired Perfume,UNRESOLVED,,,,,,fragrantica-search:ERR:HTTPError|bing-rss:0|bing:0,no candidates
2198-MNT,Montale,WOOD ON FIRE - MONTALE Inspired Perfume,UNRESOLVED,,,,,,fragrantica-search:ERR:HTTPError|bing-rss:0|bing:0,no candidates
2183-MIY,Miu Miu,Miu-miu-fleur-de-lait,UNRESOLVED,,,,,,fragrantica-search:ERR:HTTPError|bing-rss:0|bing:0,no candidates
2178-MON,moncler,pour Homme,UNRESOLVED,,,,,,fragrantica-search:ERR:HTTPError|bing-rss:0|bing:0,no candidates
2165-KAY,Kayali,Vanilla-royale-sugared-patchouli-64,UNRESOLVED,,,,,,fragrantica-search:ERR:HTTPError|bing-rss:0|bing:0,no candidates
887-RCAV,Roberto Cavalli,Roberto Cavalli Acqua,UNRESOLVED,,,,,,fragrantica-search:ERR:HTTPError|bing-rss:0|bing:0,no candidates
2174-ZIE,zielinski-rozen,Vanilla-blend,UNRESOLVED,,,,,,fragrantica-search:ERR:HTTPError|bing-rss:0|bing:0,no candidates
1771-EMAN,Emanuel Ungaro,Desnuda,UNRESOLVED,,,,,,fragrantica-search:ERR:HTTPError|bing-rss:0|bing:0,no candidates
2175-ESCE,Escentric Molecules,Molecule-01-mandarin,UNRESOLVED,,,,,,fragrantica-search:ERR:HTTPError|bing-rss:0|bing:0,no candidates
412-BOD,The Body Shop,White Musk L Eau,UNRESOLVED,,,,,,fragrantica-search:ERR:HTTPError|bing-rss:0|bing:0,no candidates
2059-NARC,Narcotica,Dulce Diablo,UNRESOLVED,,,,,,fragrantica-search:ERR:HTTPError|bing-rss:0|bing:0,no candidates
2148-BAT,Bath Body Works,Pure-wonder-eau-de-,UNRESOLVED,,,,,,fragrantica-search:ERR:HTTPError|bing-rss:0|bing:0,no candidates
2149-ESC,Escada,Santorini-sunrise,UNRESOLVED,,,,,,fragrantica-search:ERR:HTTPError|bing-rss:0|bing:0,no candidates
2057-ESCE,Escentric Molecules,MOLECULE 01 + BLACK TEA - ESCENTRIC,UNRESOLVED,,,,,,fragrantica-search:ERR:HTTPError|bing-rss:0|bing:0,no candidates
2137-ROJ,Roja Parfums,GREAT BRITAIN - ROJA DOVE,UNRESOLVED,,,,,,fragrantica-search:ERR:HTTPError|bing-rss:0|bing:0,no candidates
2055-BAT,Bath Body Works,Dream-bright-eau-de-,UNRESOLVED,,,,,,fragrantica-search:ERR:HTTPError|bing-rss:0|bing:0,no candidates
2112-GUC,Gucci,Rush Man,UNRESOLVED,,,,,,fragrantica-search:ERR:HTTPError|bing-rss:0|bing:0,no candidates
2036-GIS,Gisada,Ambassador Men Eau de Parfum,UNRESOLVED,,,,,,fragrantica-search:ERR:HTTPError|bing-rss:0|bing:0,no candidates
2094-SHIS,Shiseido,Ever Bloom,UNRESOLVED,,,,,,fragrantica-search:ERR:HTTPError|bing-rss:0|bing:0,no candidates
2098-MIC,Michael Kors,Twilight Shimmer,UNRESOLVED,,,,,,fragrantica-search:ERR:HTTPError|bing-rss:0|bing:0,no candidates
2096-KEN,Kenzo,Parfum D Ete,UNRESOLVED,,,,,,fragrantica-search:ERR:HTTPError|bing-rss:0|bing:0,no candidates
2051-PRFRO,Profumum Roma,Acqua Di Sale,UNRESOLVED,,,,,,fragrantica-search:ERR:HTTPError|bing-rss:0|bing:0,no candidates
2085-CLIV,Clive Christian,X NEROLI LIMITED EDITION - CLIVE CHRISTIAN,UNRESOLVED,,,,,,fragrantica-search:ERR:HTTPError|bing-rss:0|bing:0,no candidates
2028-ZARK,Zarko Perfume,Youth,UNRESOLVED,,,,,,fragrantica-search:ERR:HTTPError|bing-rss:0|bing:0,no candidates
2021-ROJ,Roja Parfums,Apex Roja Dove,UNRESOLVED,,,,,,fragrantica-search:ERR:HTTPError|bing-rss:0|bing:0,no candidates
1984-ATTAR,Attar Collection,Musk Kashmir,UNRESOLVED,,,,,,fragrantica-search:ERR:HTTPError|bing-rss:0|bing:0,no candidates
2016-PARELM,Parfums d'Elmar,Elixir d'Amour,UNRESOLVED,,,,,,fragrantica-search:ERR:HTTPError|bing-rss:0|bing:0,no candidates
1926-KOS,Thomas Kosmala,No. 4 Après l’Amour Eau de Parfum,UNRESOLVED,,,,,,fragrantica-search:ERR:HTTPError|bing-rss:0|bing:0,no candidates
1988-THEVE,The Merchant Of Venice,Arabesque,UNRESOLVED,,,,,,fragrantica-search:ERR:HTTPError|bing-rss:0|bing:0,no candidates
1987-SON,Sonia Rykiel,Le Parfum,UNRESOLVED,,,,,,fragrantica-search:ERR:HTTPError|bing-rss:0|bing:0,no candidates
1985-WID,Widian,GOLD II SAHARA - WIDIAN,UNRESOLVED,,,,,,fragrantica-search:ERR:HTTPError|bing-rss:0|bing:0,no candidates
1958-DRC,Dior,Bois-d-argent-eau-de-,UNRESOLVED,,,,,,fragrantica-search:ERR:HTTPError|bing-rss:0|bing:0,no candidates
1981-KHAL,Khaltat,Grá,UNRESOLVED,,,,,,fragrantica-search:ERR:HTTPError|bing-rss:0|bing:0,no candidates
1980-HIND,Hind Al Oud,Emarati Musk Parfum,UNRESOLVED,,,,,,fragrantica-search:ERR:HTTPError|bing-rss:0|bing:0,no candidates
1977-SHIS,Shiseido,Ginza (2021),UNRESOLVED,,,,,,fragrantica-search:ERR:HTTPError|bing-rss:0|bing:0,no candidates
1975-ZARK,ZARKOPERFUME,PINK MOLéCULE 090.09 Eau de Parfum,UNRESOLVED,,,,,,fragrantica-search:ERR:HTTPError|bing-rss:0|bing:0,no candidates
401-ARIA,Ariana Grande,Cloud-eau-de-,UNRESOLVED,,,,,,fragrantica-search:ERR:HTTPError|bing-rss:0|bing:0,no candidates
111-BAC,Baccarat,Rouge 540,UNRESOLVED,,,,,,fragrantica-search:ERR:HTTPError|bing-rss:1|bing:0,weak best=0.590 brand=0.188 name=0.667 cov=1.000 second=0.000
2012-DOL,Dolce & Gabbana,Q QUEEN,UNRESOLVED,,,,,,fragrantica-search:ERR:HTTPError|bing-rss:0|bing:0,no candidates
2017-DIE,Diesel,D,UNRESOLVED,,,,,,fragrantica-search:ERR:HTTPError|bing-rss:0|bing:0,no candidates
2018-ARM,Giorgio Armani,the notes CODE PARFUM,UNRESOLVED,,,,,,fragrantica-search:ERR:HTTPError|bing-rss:0|bing:0,no candidates
1996-LTN,Louis Vuitton,Heures d’Absence (2020),UNRESOLVED,,,,,,fragrantica-search:ERR:HTTPError|bing-rss:0|bing:0,no candidates
1998-LTN,Louis Vuitton,Citrus fragrance for women and men,UNRESOLVED,,,,,,fragrantica-search:ERR:HTTPError|bing-rss:0|bing:0,no candidates
1929-BLG,Bvlgari,Le-gemme-tygar-eau-de-,UNRESOLVED,,,,,,fragrantica-search:ERR:HTTPError|bing-rss:0|bing:0,no candidates
1921-VIV,Vivienne Westwood,Boudoir-,UNRESOLVED,,,,,,fragrantica-search:ERR:HTTPError|bing-rss:0|bing:0,no candidates
1968-DOL,Dolce & Gabbana,LIGHT BLUE ITALIAN LOVE W,UNRESOLVED,,,,,,fragrantica-search:ERR:HTTPError|bing-rss:0|bing:0,no candidates
1927-AMG,Amouage,HONOUR - AMOUAGE,UNRESOLVED,,,,,,fragrantica-search:ERR:HTTPError|bing-rss:0|bing:0,no candidates
1899-ZARK,Zarko Perfume,The-muse,UNRESOLVED,,,,,,fragrantica-search:ERR:HTTPError|bing-rss:0|bing:0,no candidates
1756-LBI,Laura Biagiotti,ROMA - LAURA BIAGIOTTI,UNRESOLVED,,,,,,fragrantica-search:ERR:HTTPError|bing-rss:0|bing:0,no candidates
1743-LBI,Laura Biagiotti,Sotto Voce,UNRESOLVED,,,,,,fragrantica-search:ERR:HTTPError|bing-rss:0|bing:0,no candidates
1828-LAN,Lancome,O OUI!,UNRESOLVED,,,,,,fragrantica-search:ERR:HTTPError|bing-rss:0|bing:0,no candidates
1896-ESC,Escada,Cherry-in-japan,UNRESOLVED,,,,,,fragrantica-search:ERR:HTTPError|bing-rss:0|bing:0,no candidates
1886-PARF,Parfums de Marly,DELINA LA ROSE - PDM,UNRESOLVED,,,,,,fragrantica-search:ERR:HTTPError|bing-rss:0|bing:0,no candidates
1888-MOR,Moresque,Contessa,UNRESOLVED,,,,,,fragrantica-search:ERR:HTTPError|bing-rss:0|bing:0,no candidates
1893-CHA,Chanel,N-1-l-eau-rouge,UNRESOLVED,,,,,,fragrantica-search:ERR:HTTPError|bing-rss:0|bing:0,no candidates
1875-ESCE,Escentric Molecules,MOLECULE 05 - ESCENTRIC MOLECULES,UNRESOLVED,,,,,,fragrantica-search:ERR:HTTPError|bing-rss:0|bing:0,no candidates
1874-LTN,Louis Vuitton,CALIFORNIA Citrus fragrance for women and men,UNRESOLVED,,,,,,fragrantica-search:ERR:HTTPError|bing-rss:0|bing:0,no candidates
1863-LAC,Lacoste,Lacoste Pour Femme,UNRESOLVED,,,,,,fragrantica-search:ERR:HTTPError|bing-rss:0|bing:0,no candidates
1860-NAS,Nasomatto,ABSINT - NASOMATTO,UNRESOLVED,,,,,,fragrantica-search:ERR:HTTPError|bing-rss:0|bing:0,no candidates
1857-ESCE,Escentric Molecules,Escentric-05,UNRESOLVED,,,,,,fragrantica-search:ERR:HTTPError|bing-rss:0|bing:0,no candidates
1852-PRFRO,Profumum Roma,Battito D Ali,UNRESOLVED,,,,,,fragrantica-search:ERR:HTTPError|bing-rss:0|bing:0,no candidates
1849-PRFRO,Profumum Roma,Acqua E Zucchero,UNRESOLVED,,,,,,fragrantica-search:ERR:HTTPError|bing-rss:0|bing:0,no candidates
1833-SALV,Salvador Dali,Dalimania,UNRESOLVED,,,,,,fragrantica-search:ERR:HTTPError|bing-rss:0|bing:0,no candidates
201-CLIV,Clive Christian,No-1-for-men,UNRESOLVED,,,,,,fragrantica-search:ERR:HTTPError|bing-rss:0|bing:0,no candidates
1840-JOO,Joop!,All About Eve Eau de Parfum,UNRESOLVED,,,,,,fragrantica-search:ERR:HTTPError|bing-rss:0|bing:0,no candidates
1839-JOV,Jovoy Paris,Incident Diplomatique Eau de Parfum,UNRESOLVED,,,,,,fragrantica-search:ERR:HTTPError|bing-rss:0|bing:0,no candidates
1838-TAU,Tauer,No-02-l-air-du-desert-marocain-eau-de-toilette-intense,UNRESOLVED,,,,,,fragrantica-search:ERR:HTTPError|bing-rss:0|bing:0,no candidates
1837-KEI,Keiko Mecheri,Loukhoum Eau de Parfum,UNRESOLVED,,,,,,fragrantica-search:ERR:HTTPError|bing-rss:0|bing:0,no candidates
1824-VAR,John Varvatos,Artisan,UNRESOLVED,,,,,,fragrantica-search:ERR:HTTPError|bing-rss:0|bing:0,no candidates
1819-MIC,Michael Kors,Midnight Shimmer,UNRESOLVED,,,,,,fragrantica-search:ERR:HTTPError|bing-rss:0|bing:0,no candidates
1814-AJMA,Ajmal,MIZYAAN - AJMAL,UNRESOLVED,,,,,,fragrantica-search:ERR:HTTPError|bing-rss:0|bing:0,no candidates
1492-ABE,Abercrombie & Fitch,A&F BEACON - ABERCROMBIE & FITCH,UNRESOLVED,,,,,,fragrantica-search:ERR:HTTPError|bing-rss:0|bing:0,no candidates
1794-ISS,Issey Miyake,L'Eau d'Issey Pure Nectar,UNRESOLVED,,,,,,fragrantica-search:ERR:HTTPError|bing-rss:0|bing:0,no candidates
1784-ESC,Escada,Summer-festival-eau-de-toilette,UNRESOLVED,,,,,,fragrantica-search:ERR:HTTPError|bing-rss:0|bing:0,no candidates
1780-RCAV,Roberto Cavalli,Just Cavalli,UNRESOLVED,,,,,,fragrantica-search:ERR:HTTPError|bing-rss:0|bing:0,no candidates
1769-LTN,Louis Vuitton,the fragrance notes Roses,UNRESOLVED,,,,,,fragrantica-search:ERR:HTTPError|bing-rss:0|bing:0,no candidates
1765-JEN,Jennifer Lopez,Miami Glow,UNRESOLVED,,,,,,fragrantica-search:ERR:HTTPError|bing-rss:0|bing:0,no candidates
1748-BYR,Byredo,Marijuana,UNRESOLVED,,,,,,fragrantica-search:ERR:HTTPError|bing-rss:0|bing:0,no candidates
1736-PRFRO,Profumum Roma,Arso,UNRESOLVED,,,,,,fragrantica-search:ERR:HTTPError|bing-rss:0|bing:0,no candidates
1685-FRE,Frederic Malle,EN PASSANT Woman's perfume,UNRESOLVED,,,,,,fragrantica-search:ERR:HTTPError|bing-rss:0|bing:0,no candidates
1656-LOC,L'Occitane,TERRE DE LUMIERE - L OCCITANE,UNRESOLVED,,,,,,fragrantica-search:ERR:HTTPError|bing-rss:0|bing:0,no candidates
1658-GUR,Guerlain,La Petite Robe Noire,UNRESOLVED,,,,,,fragrantica-search:ERR:HTTPError|bing-rss:0|bing:0,no candidates
1660-ESCE,Escentric Molecules,Molecule 01,UNRESOLVED,,,,,,fragrantica-search:ERR:HTTPError|bing-rss:0|bing:0,no candidates
1641-KHAL,Khaltat,Aloha Parfum,UNRESOLVED,,,,,,fragrantica-search:ERR:HTTPError|bing-rss:0|bing:0,no candidates
1616-MDI,Parfums MDCI,Invasion Barbare Eau de Parfum,UNRESOLVED,,,,,,fragrantica-search:ERR:HTTPError|bing-rss:0|bing:0,no candidates
1622-FRA,Franck Boclet,COCAINE-FRANCK BOCLET,UNRESOLVED,,,,,,fragrantica-search:ERR:HTTPError|bing-rss:0|bing:0,no candidates
1627-CLIV,Clive Christian,VANILLA ORCHID XXI ART DECO - CLIVE CHRISTIAN,UNRESOLVED,,,,,,fragrantica-search:ERR:HTTPError|bing-rss:0|bing:0,no candidates
1620-GUR,Guerlain,SPIRITUESE DOUBLE VANILLA,UNRESOLVED,,,,,,fragrantica-search:ERR:HTTPError|bing-rss:0|bing:0,no candidates
1550-YAN,Yankee Candle,HOME SWEET HOME - YANKEE,UNRESOLVED,,,,,,fragrantica-search:ERR:HTTPError|bing-rss:0|bing:0,no candidates
1557-FRE,Frederic Malle,ROSE & CUIR,UNRESOLVED,,,,,,fragrantica-search:ERR:HTTPError|bing-rss:0|bing:0,no candidates
1551-VICT,Victoria s Secret,Tease-dreamer-eau-de-,UNRESOLVED,,,,,,fragrantica-search:ERR:HTTPError|bing-rss:0|bing:0,no candidates
1535-BOA,Boadicea the Victorious,Blue Sapphire Pure Parfum,UNRESOLVED,,,,,,fragrantica-search:ERR:HTTPError|bing-rss:0|bing:0,no candidates
1536-BOA,Boadicea the Victorious,HEROINE for women,UNRESOLVED,,,,,,fragrantica-search:ERR:HTTPError|bing-rss:0|bing:0,no candidates
1488-LBI,Laura Biagiotti,Roma Uomo,UNRESOLVED,,,,,,fragrantica-search:ERR:HTTPError|bing-rss:0|bing:0,no candidates
1502-CHA,Chanel,the fragrance COCON MADEM L'EAU PRIVEE,UNRESOLVED,,,,,,fragrantica-search:ERR:HTTPError|bing-rss:0|bing:0,no candidates
1522-ZAD,Zadig & Voltaire,THIS IS US! - ZADIG & VOLTAIRE,UNRESOLVED,,,,,,fragrantica-search:ERR:HTTPError|bing-rss:0|bing:0,no candidates
1528-KUR,Maison Francis Kurkdjian,BACCARAT ROUGE 540 EXTRAIT,UNRESOLVED,,,,,,fragrantica-search:ERR:HTTPError|bing-rss:0|bing:0,no candidates
1521-ZAD,Zadig  Voltaire,Girls-can-be-crazy,UNRESOLVED,,,,,,fragrantica-search:ERR:HTTPError|bing-rss:0|bing:0,no candidates
176-THAM,Thameen,Peregrina,UNRESOLVED,,,,,,fragrantica-search:ERR:HTTPError|bing-rss:0|bing:0,no candidates
170-ROJ,Roja Parfums,ENIGMA WOMAN - ROJA DOVE,UNRESOLVED,,,,,,fragrantica-search:ERR:HTTPError|bing-rss:0|bing:0,no candidates
169-ROJ,Roja Parfums,BRITANNIA - ROJA DOVE,UNRESOLVED,,,,,,fragrantica-search:ERR:HTTPError|bing-rss:0|bing:0,no candidates
826-MIS,Missguided,Babe Power,UNRESOLVED,,,,,,fragrantica-search:ERR:HTTPError|bing-rss:0|bing:0,no candidates
1217-MONT,Montana,Homme Eau de Toilette (Eau de Toilette),UNRESOLVED,,,,,,fragrantica-search:ERR:HTTPError|bing-rss:0|bing:0,no candidates
609-ESC,Escada,Sentiment,UNRESOLVED,,,,,,fragrantica-search:ERR:HTTPError|bing-rss:0|bing:0,no candidates
125-JUL,Juliette Has a Gun,Liquid Illusion,UNRESOLVED,,,,,,fragrantica-search:ERR:HTTPError|bing-rss:0|bing:0,no candidates
896-RCAV,Roberto Cavalli,Splendid-vanilla,UNRESOLVED,,,,,,fragrantica-search:ERR:HTTPError|bing-rss:0|bing:0,no candidates
803-LAU,Laura Mercier,Ambre Vanille Eau de Toilette,UNRESOLVED,,,,,,fragrantica-search:ERR:HTTPError|bing-rss:0|bing:0,no candidates
171-DUP,S T Dupont,Souvenirs De Malles Oud Oriental,UNRESOLVED,,,,,,fragrantica-search:ERR:HTTPError|bing-rss:0|bing:0,no candidates
689-GUR,Guerlain,MITSOUKO EAU DE PARFUM - GUERLAIN,UNRESOLVED,,,,,,fragrantica-search:ERR:HTTPError|bing-rss:0|bing:0,no candidates
966-VICT,Victoria's Secret,TEASE - VICTORIA'S SECRET,UNRESOLVED,,,,,,fragrantica-search:ERR:HTTPError|bing-rss:0|bing:0,no candidates
637-EST,Estee Lauder,Spellbound,UNRESOLVED,,,,,,fragrantica-search:ERR:HTTPError|bing-rss:0|bing:0,no candidates
133-MICA,M. Micallef,YLANG IN GOLD - M,UNRESOLVED,,,,,,fragrantica-search:ERR:HTTPError|bing-rss:0|bing:0,no candidates
119-HIS,Histoires de Parfums,1725 Casanova,UNRESOLVED,,,,,,fragrantica-search:ERR:HTTPError|bing-rss:0|bing:0,no candidates
383-YAN,Yankee Candle,WEDDING DAY - YANKEE,UNRESOLVED,,,,,,fragrantica-search:ERR:HTTPError|bing-rss:0|bing:0,no candidates
1205-LOL,Lolita Lempicka,Au Masculin,UNRESOLVED,,,,,,fragrantica-search:ERR:HTTPError|bing-rss:0|bing:0,no candidates
166-AZ,The Perfumer’s Story by Azzi,Sequoia Wood Eau de Parfum,UNRESOLVED,,,,,,fragrantica-search:ERR:HTTPError|bing-rss:0|bing:0,no candidates
172-SHALM,scent-salim,Moroccan-musk,UNRESOLVED,,,,,,fragrantica-search:ERR:HTTPError|bing-rss:0|bing:0,no candidates
677-GUC,Gucci,G by G,UNRESOLVED,,,,,,fragrantica-search:ERR:HTTPError|bing-rss:0|bing:0,no candidates
539-DRC,Dior,MISS ROSE & ROSES,UNRESOLVED,,,,,,fragrantica-search:ERR:HTTPError|bing-rss:0|bing:0,no candidates
685-GUR,Guerlain,Champs Elysees,UNRESOLVED,,,,,,fragrantica-search:ERR:HTTPError|bing-rss:0|bing:0,no candidates
283-JOM,Jo Malone,English Fields  Poppy  Barley,UNRESOLVED,,,,,,fragrantica-search:ERR:HTTPError|bing-rss:0|bing:0,no candidates
601-ESC,Escada,Flor-del-sol,UNRESOLVED,,,,,,fragrantica-search:ERR:HTTPError|bing-rss:0|bing:0,no candidates
130-LEL,Le Labo,SANTAL 26 - LE LABO,UNRESOLVED,,,,,,fragrantica-search:ERR:HTTPError|bing-rss:0|bing:0,no candidates
385-YAR,Yardley,LILY OF THE VALLEY - YARDLEY,UNRESOLVED,,,,,,fragrantica-search:ERR:HTTPError|bing-rss:0|bing:0,no candidates
523-DRC,Dior,ISSIMO,UNRESOLVED,,,,,,fragrantica-search:ERR:HTTPError|bing-rss:0|bing:0,no candidates
1097-DOL,Dolce & Gabbana,LIGHT BLUE DISCOVER VULCANO,UNRESOLVED,,,,,,fragrantica-search:ERR:HTTPError|bing-rss:0|bing:0,no candidates
564-DOL,Dolce & Gabbana,SEXY CHOCLATE,UNRESOLVED,,,,,,fragrantica-search:ERR:HTTPError|bing-rss:0|bing:0,no candidates
589-ELI,Elie Saab,Girl of Now,UNRESOLVED,,,,,,fragrantica-search:ERR:HTTPError|bing-rss:0|bing:0,no candidates
608-ESC,Escada,Moon Sparkle,UNRESOLVED,,,,,,fragrantica-search:ERR:HTTPError|bing-rss:0|bing:0,no candidates
993-ZAD,Zadig & Voltaire,JUST ROCK FOR HER - ZADIG & VOLTAIRE,UNRESOLVED,,,,,,fragrantica-search:ERR:HTTPError|bing-rss:0|bing:0,no candidates
967-VICT,Victoria s Secret,Velvet Petals,UNRESOLVED,,,,,,fragrantica-search:ERR:HTTPError|bing-rss:0|bing:0,no candidates
903-SALV,Salvador Dali,the fragrance notes LAGUNA - SALVADOR DALI,UNRESOLVED,,,,,,fragrantica-search:ERR:HTTPError|bing-rss:0|bing:0,no candidates
1236-PAL,Paloma Picasso,Minotaure,UNRESOLVED,,,,,,fragrantica-search:ERR:HTTPError|bing-rss:0|bing:0,no candidates
808-LOL,Lolita Lempicka,Sweet,UNRESOLVED,,,,,,fragrantica-search:ERR:HTTPError|bing-rss:0|bing:0,no candidates
