prestashop_product_id,shobi_code,old_inspired_by,recovered_inspired_by,source,url
4369,2584-GIV,Eau de,"Eau de. Woman perfume white floral, green, citrus, yellow floral, woody",description,https://leparfum.com.gr/en/fragrances-for-women/2584-giv-w
4359,2580-KAY,,2580 kay el,url_slug,https://leparfum.com.gr/en/elegants-fragrances/2580-kay-el
4197,374-TMFO,,374 tmfo mix 350 tmfo,url_slug,https://leparfum.com.gr/en/layered-perfumes/374-tmfo-mix-350-tmfo
4191,2466-ELIZ,,white tea eau de parfum elizabeth arden dupe,url_slug,https://leparfum.com.gr/en/elegants-fragrances/white-tea-eau-de-parfum-elizabeth-arden-dupe
4172,2441-PANTRO,,2441 pantro ν,url_slug,https://leparfum.com.gr/en/niche-perfumes/2441-pantro-ν
4170,2431-ROJ,,2431 roj ν,url_slug,https://leparfum.com.gr/en/niche-perfumes/2431-roj-ν
4169,2439-ZEG,,2439 zeg ν,url_slug,https://leparfum.com.gr/en/niche-perfumes/2439-zeg-ν
4166,2437-MELA,,cry baby perfume milk melanie martinez dupe,url_slug,https://leparfum.com.gr/en/elegants-fragrances/cry-baby-perfume-milk-melanie-martinez-dupe-perfume
4164,2427-CLEA,,clean warm cotton clean dupe,url_slug,https://leparfum.com.gr/en/elegants-fragrances/clean-warm-cotton-clean-dupe-perfume
4157,2429-JUL,,2429 jul wp,url_slug,https://leparfum.com.gr/en/fragrances-for-women/2429-jul-wp
4156,2430-CELI,,2430 celi ν,url_slug,https://leparfum.com.gr/en/niche-perfumes/2430-celi-ν
4150,2436-PHL,,2436 phl ν,url_slug,https://leparfum.com.gr/en/niche-perfumes/2436-phl-ν
4147,2411-JAME,,coccobello james heeley dupe,url_slug,https://leparfum.com.gr/en/elegants-fragrances/coccobello-james-heeley-dupe-perfume
4139,2400-MORH,,2400 morh ν,url_slug,https://leparfum.com.gr/en/niche-perfumes/2400-morh-ν
4138,2399-MORH,,2399 morh ν,url_slug,https://leparfum.com.gr/en/niche-perfumes/2399-morh-ν
4137,2402-AKR,,bake akro dupe,url_slug,https://leparfum.com.gr/en/elegants-fragrances/bake-akro-dupe-perfume
4109,2378-GOLD,,2378 gold ν,url_slug,https://leparfum.com.gr/en/niche-perfumes/2378-gold-ν
4105,2334-ROJ,,2334 roj ν,url_slug,https://leparfum.com.gr/en/niche-perfumes/2334-roj-ν
4097,2371-MATIE,,vanilla powder matiere premiere,url_slug,https://leparfum.com.gr/en/elegants-fragrances/vanilla-powder-matiere-premiere-inspired-perfume
4090,1481-EON,,james bond 007 eon productions,url_slug,https://leparfum.com.gr/en/fragrances-for-men/james-bond-007-eon-productions-inspired
4024,2315-RAM,,flamenco ramon monegal,url_slug,https://leparfum.com.gr/en/elegants-fragrances/flamenco-ramon-monegal-inspired-perfume
4021,2318-NAS,,2318 nas ν,url_slug,https://leparfum.com.gr/en/niche-perfumes/2318-nas-ν
3965,2327-SWISA,,2327 swisa ν,url_slug,https://leparfum.com.gr/en/niche-perfumes/2327-swisa-ν
3955,2306-MASQ,,2306 masq ν,url_slug,https://leparfum.com.gr/en/niche-perfumes/2306-masq-ν
3938,2298-ELEC,,2298 elec ν,url_slug,https://leparfum.com.gr/en/niche-perfumes/2298-elec-ν
3929,2271-ROJ,,2271 roj ν,url_slug,https://leparfum.com.gr/en/niche-perfumes/2271-roj-ν
3924,2275-ROJ,,1819 - ROJA DOVE,description,https://leparfum.com.gr/en/niche-perfumes/2275-roj-ν
3921,1532-ROJ,,elysium pour homme parfum roja dove,url_slug,https://leparfum.com.gr/en/luxury-perfumes/elysium-pour-homme-parfum-roja-dove-inspired-perfume
3920,2270-ORMO,,ORMONDE JAYNE,description,https://leparfum.com.gr/en/niche-perfumes/2270-ormo-ν
3917,2284-HIS,,1889 moulin rouge histoires de parfums,url_slug,https://leparfum.com.gr/en/niche-perfumes/1889-moulin-rouge-histoires-de-parfums-inspired-perfume
3894,2263-NAS,,2263 nas ν,url_slug,https://leparfum.com.gr/en/niche-perfumes/2263-nas-ν
3840,2251-JOVP,,E - JOVOY PARIS,description,https://leparfum.com.gr/en/niche-perfumes/2251-jovp-ν
3827,2234-MON,,moncler pour femme,url_slug,https://leparfum.com.gr/en/fragrances-for-women/moncler-pour-femme-inspired-perfume
3808,2169-ROJ,,AMO - ROJA DOVE,description,https://leparfum.com.gr/en/niche-perfumes/2169-roj-ν
3805,2230-VAR,,dark rebel john varvatos,url_slug,https://leparfum.com.gr/en/fragrances-for-men/dark-rebel-john-varvatos-inspired-perfume
3804,,,hayati al haramain arabic,url_slug,https://leparfum.com.gr/en/niche-perfumes/hayati-al-haramain-arabic-perfume
3803,2219-AJMA,,amber wood ajmal arabic,url_slug,https://leparfum.com.gr/en/elegants-fragrances/amber-wood-ajmal-arabic-perfume
3799,2163-SNI,,dead dinosaur snif,url_slug,https://leparfum.com.gr/en/luxury-perfumes/dead-dinosaur-snif-inspired-perfume
3798,2202-ROJ,,BLU - ROJA DOVE,description,https://leparfum.com.gr/en/niche-perfumes/2202-roj-ν
3797,2209-MATIE,,crystal saffron matiere premiere,url_slug,https://leparfum.com.gr/en/fragrances-for-men/crystal-saffron-matiere-premiere-inspired-perfume
3791,2206-GIA,,2206 gia lux,url_slug,https://leparfum.com.gr/en/luxury-perfumes/2206-gia-lux
3784,2160-ZAR,,barbie zara,url_slug,https://leparfum.com.gr/en/fragrances-for-women/barbie-zara-inspired-perfume
3732,2194-ORT,,ORTO PARISI,description,https://leparfum.com.gr/en/niche-perfumes/2194-ort-ν
3686,2190-ROJ,,2190 roj ν,url_slug,https://leparfum.com.gr/en/niche-perfumes/2190-roj-ν
3672,2178-MON,,pour homme moncler,url_slug,https://leparfum.com.gr/en/elegants-fragrances/pour-homme-moncler-inspired-perfume
3645,,,sukar anfasic dokhoon arabic perfrume,url_slug,https://leparfum.com.gr/en/arabian-perfumes/sukar-anfasic-dokhoon-arabic-perfrume
3641,,,kashkha swiss arabian inspired perfrume,url_slug,https://leparfum.com.gr/en/arabian-perfumes/kashkha-swiss-arabian-inspired-perfrume
3600,2059-NARC,,2059 narc ν,url_slug,https://leparfum.com.gr/en/niche-perfumes/2059-narc-ν
3570,2137-ROJ,,2137 roj ν,url_slug,https://leparfum.com.gr/en/niche-perfumes/2137-roj-ν
3563,2136-PARF,,2136 parf ν,url_slug,https://leparfum.com.gr/en/niche-perfumes/2136-parf-ν
3538,2128-BEN,,we are tribe βενεττον,url_slug,https://leparfum.com.gr/en/fragrances-for-men/we-are-tribe-βενεττον-similar-fragrance
3494,2094-SHIS,,ever bloom wedding,url_slug,https://leparfum.com.gr/en/fragrances-for-women/ever-bloom-wedding-perfume
3485,,,Β683 - MARC ANTOINE BARROIS,description,https://leparfum.com.gr/en/niche-perfumes/2106-marc-ν
3471,2067-ROJ,,POUR FEMME ESSENCE DE PARFUM - ROJA,description,https://leparfum.com.gr/en/niche-perfumes/2067-roj-ν
3462,2065-FRA,,sugar franck boclet,url_slug,https://leparfum.com.gr/en/elegants-fragrances/sugar-franck-boclet-clone
3460,2044-LORV,,teint de neige lorenzo villoresi,url_slug,https://leparfum.com.gr/en/elegants-fragrances/teint-de-neige-lorenzo-villoresi-inspired
3451,2022-ANN,,lucky wish anna sui,url_slug,https://leparfum.com.gr/en/fragrances-for-women/lucky-wish-anna-sui-inspired-fragrance
3440,2021-ROJ,,apex men roja dove,url_slug,https://leparfum.com.gr/en/niche-perfumes/apex-men-roja-dove-similar-fragrance
3374,2016-PARELM,,D'AMOUR - PARFUMS D'ELMAR,description,https://leparfum.com.gr/en/niche-perfumes/2016-parelm-ν
3372,1926-KOS,,L'AMOUR - THOMAS KOSMALA,description,https://leparfum.com.gr/en/niche-perfumes/1926-kos-ν
3369,1988-THEVE,,THE MERCHANT OF VENICE,description,https://leparfum.com.gr/en/niche-perfumes/1988-theve-ν
3368,1987-SON,,le parfum sonia rykiel,url_slug,https://leparfum.com.gr/en/fragrances-for-women/le-parfum-sonia-rykiel-similar-fragrance
3367,1986-SOO,,1986 soo ν,url_slug,https://leparfum.com.gr/en/niche-perfumes/1986-soo-ν
3364,1958-DRC,,1958 drc mix 1838 tau,url_slug,https://leparfum.com.gr/en/layered-perfumes/1958-drc-mix-1838-tau
3362,1981-KHAL,,gra khaltat,url_slug,https://leparfum.com.gr/en/arabian-perfumes/gra-khaltat-similar-fragrance
3360,1979-RAS,,arba wardat rasasi arabic,url_slug,https://leparfum.com.gr/en/arabian-perfumes/arba-wardat-rasasi-arabic-clone
3358,1977-SHIS,,ginza shiseido,url_slug,https://leparfum.com.gr/en/fragrances-for-women/ginza-shiseido-similar-fragrance
3337,251-JOM,,251 jom mix 780 lan,url_slug,https://leparfum.com.gr/en/layered-perfumes/251-jom-mix-780-lan
3315,401-ARIA,,401 aria mix 305 kay,url_slug,https://leparfum.com.gr/en/layered-perfumes/401-aria-mix-305-kay
3312,1156-HER,,1156 her mix 137 kur,url_slug,https://leparfum.com.gr/en/layered-perfumes/1156-her-mix-137-kur
3301,1930-VIC,,1930 vic mix 1039 blg,url_slug,https://leparfum.com.gr/en/layered-perfumes/1930-vic-mix-1039-blg
3295,111-BAC,,111 bac mix 204 crd,url_slug,https://leparfum.com.gr/en/layered-perfumes/111-bac-mix-204-crd
3281,1065-CHA,,1065 cha mix 1181 gul,url_slug,https://leparfum.com.gr/en/layered-perfumes/1065-cha-mix-1181-gul
3199,2007-SWISA,,habeitak swiss arabian,url_slug,https://leparfum.com.gr/en/arabian-perfumes/habeitak-swiss-arabian-clone
3111,1994-ROJ,,AOUD - ROJA DOVE,description,https://leparfum.com.gr/en/niche-perfumes/1994-roj-ν
2943,1870-ARDAL,,ameerat al ehsaas ard al zaafaran dupe,url_slug,https://leparfum.com.gr/en/arabian-perfumes/ameerat-al-ehsaas-ard-al-zaafaran-dupe
2942,,,dopamine arabic perfume العطور,url_slug,https://leparfum.com.gr/en/niche-perfumes/dopamine-arabic-perfume-العطور
2940,1922-ORT,,megamare orto parisi,url_slug,https://leparfum.com.gr/en/luxury-perfumes/megamare-orto-parisi-type
2933,1927-AMG,,AMOUAGE,description,https://leparfum.com.gr/en/niche-perfumes/1927-amg-n
2911,,,sultan al haramain,url_slug,https://leparfum.com.gr/en/niche-perfumes/sultan-al-haramain
2826,1756-LBI,,roma laura biagiotti,url_slug,https://leparfum.com.gr/en/fragrances-for-women/roma-laura-biagiotti-perfume-type
2825,1743-LBI,,sotto voce biagiotti,url_slug,https://leparfum.com.gr/en/fragrances-for-women/sotto-voce-biagiotti-perfume-type
2824,1753-TEDL,,ted lapidus,url_slug,https://leparfum.com.gr/en/fragrances-for-men/ted-lapidus-perfume-type
2823,998-ABE,,fierce icon abercrombie,url_slug,https://leparfum.com.gr/en/fragrances-for-men/fierce-icon-abercrombie-type
2794,1888-MOR,,MORESQUE,description,https://leparfum.com.gr/en/niche-perfumes/1888-mor-n
2773,1203-LOE,,solo loewe,url_slug,https://leparfum.com.gr/en/fragrances-for-men/solo-loewe-inspired-fragrance
2772,1890-LEL,,41 - LELABO,description,https://leparfum.com.gr/en/niche-perfumes/1890-lel-n
2734,997-ABE,,fierce abercrombie fitch,url_slug,https://leparfum.com.gr/en/fragrances-for-men/fierce-abercrombie-fitch-type
2730,1833-SALV,,dalimania salvador dali,url_slug,https://leparfum.com.gr/en/fragrances-for-women/dalimania-salvador-dali-similar-type
2728,1841-BAN,,rosewood banana republic,url_slug,https://leparfum.com.gr/en/fragrances-for-women/rosewood-banana-republic-similar-type
2725,322-NAS,,blamage nasomatto,url_slug,https://leparfum.com.gr/en/niche-perfumes/blamage-nasomatto-clone
2720,201-CLIV,No,No.1 for MEN - CLIVE CHRISTIAN,description,https://leparfum.com.gr/en/niche-perfumes/no1-for-men-clive-christian-similar-type
2719,1840-JOO,,all about eve joop,url_slug,https://leparfum.com.gr/en/fragrances-for-women/all-about-eve-joop-similar-type
2715,1836-COT,,vanilla fields coty,url_slug,https://leparfum.com.gr/en/elegants-fragrances/vanilla-fields-coty-similar-type
2713,1835-JUL,,mmmm juliette has a gun,url_slug,https://leparfum.com.gr/en/elegants-fragrances/mmmm-juliette-has-a-gun-similar-type
2701,1824-VAR,,artisan john varvatos,url_slug,https://leparfum.com.gr/en/fragrances-for-men/artisan-john-varvatos-similar-type
2690,333-ROJ,,a goodnight kiss roja dove,url_slug,https://leparfum.com.gr/en/niche-perfumes/a-goodnight-kiss-roja-dove-perfume-type
2689,1814-AJMA,,mizyaan ajmal arabic,url_slug,https://leparfum.com.gr/en/arabian-perfumes/mizyaan-ajmal-arabic-perfume-type
2688,,,danat al duniya ajmal,url_slug,https://leparfum.com.gr/en/arabian-perfumes/danat-al-duniya-ajmal-perfume-type
2687,1812-ALJA,,palace al jazeera,url_slug,https://leparfum.com.gr/en/arabian-perfumes/palace-al-jazeera-perfumes-type
2686,1811-ALJA,,magic al jazeera,url_slug,https://leparfum.com.gr/en/arabian-perfumes/magic-al-jazeera-perfumes-type
2685,1810-RAS,,la yuqawam tobacco blaze rasasi,url_slug,https://leparfum.com.gr/en/arabian-perfumes/la-yuqawam-tobacco-blaze-rasasi-perfume-type
2684,320-NAS,,baraonda nasomatto,url_slug,https://leparfum.com.gr/en/niche-perfumes/baraonda-nasomatto-perfume-type
2670,1492-ABE,,beacon abercrombie fitch,url_slug,https://leparfum.com.gr/en/fragrances-for-men/beacon-abercrombie-fitch-type
2654,1787-JIM,,i want choo jimmy,url_slug,https://leparfum.com.gr/en/fragrances-for-women/i-want-choo-jimmy-similar-type
2646,1786-COUR,,slogan courreges arwma,url_slug,https://leparfum.com.gr/en/fragrances-for-women/slogan-courreges-arwma
2612,1763-JILS,,sun jil sander,url_slug,https://leparfum.com.gr/en/fragrances-for-women/sun-jil-sander-similar-type
2611,1765-JEN,,miami glow lopez,url_slug,https://leparfum.com.gr/en/fragrances-for-women/miami-glow-lopez-similar
2454,1726-MNTB,,1726 mntb wp,url_slug,https://leparfum.com.gr/en/fragrances-for-women/1726-mntb-wp
2437,1701-TOSC,,tosca tosca,url_slug,https://leparfum.com.gr/en/fragrances-for-women/tosca-tosca-similar-type
2436,1694-TMFO,,1694 tmfo el,url_slug,https://leparfum.com.gr/en/elegants-fragrances/1694-tmfo-el
2403,1656-LOC,,terre de lumiere l occitane,url_slug,https://leparfum.com.gr/en/elegants-fragrances/terre-de-lumiere-l-occitane-similar-type
2401,1659-CHRA,,by night aguilera christina aromata,url_slug,https://leparfum.com.gr/en/fragrances-for-women/by-night-aguilera-christina-aromata
2376,1641-KHAL,,aloha khaltat,url_slug,https://leparfum.com.gr/en/arabian-perfumes/aloha-khaltat-similar-type
2366,1616-MDI,,BARBARE - MDCI,description,https://leparfum.com.gr/en/niche-perfumes/1616-mdi-n
2334,,,wardia al haramain,url_slug,https://leparfum.com.gr/en/niche-perfumes/wardia-al-haramain-fragrance
2331,1550-YAN,,home sweet home yankee arwmata_xvrou,url_slug,https://leparfum.com.gr/en/elegants-fragrances/home-sweet-home-yankee-arwmata_xvrou
2309,1539-ORT,,terroni orto parisi aroma,url_slug,https://leparfum.com.gr/en/luxury-perfumes/terroni-orto-parisi-aroma
2285,1488-LBI,,roma uomo laura biagiotti,url_slug,https://leparfum.com.gr/en/fragrances-for-men/roma-uomo-laura-biagiotti-type-perfume
2283,1483-DSQ,,potion dsquared,url_slug,https://leparfum.com.gr/en/fragrances-for-men/potion-dsquared-perfume
2271,,,mukhallat al emirates al haramain original,url_slug,https://leparfum.com.gr/en/niche-perfumes/mukhallat-al-emirates-al-haramain-original-perfume
2218,826-MIS,,babe power missguided,url_slug,https://leparfum.com.gr/en/fragrances-for-women/babe-power-missguided-perfume-type
2217,1217-MONT,,montana homme montana,url_slug,https://leparfum.com.gr/en/fragrances-for-men/montana-homme-montana-type-perfume
2216,609-ESC,,sentiment escada,url_slug,https://leparfum.com.gr/en/fragrances-for-women/sentiment-escada-perfume-type
2210,803-LAU,,eau gourmande ambre vanille laura mercier,url_slug,https://leparfum.com.gr/en/fragrances-for-women/eau-gourmande-ambre-vanille-laura-mercier-perfume-type
2114,306-LAN,,306 lan el,url_slug,https://leparfum.com.gr/en/elegants-fragrances/306-lan-el
2111,,,red african al haramain perfumes original,url_slug,https://leparfum.com.gr/en/niche-perfumes/red-african-al-haramain-perfumes-original
2105,383-YAN,,wedding day yankee,url_slug,https://leparfum.com.gr/en/fragrances-for-women/wedding-day-yankee-perfume-type
2099,1205-LOL,,au masculin lolita lempicka,url_slug,https://leparfum.com.gr/en/fragrances-for-men/au-masculin-lolita-lempicka-type
1945,385-YAR,,lily of the valley yardley,url_slug,https://leparfum.com.gr/en/elegants-fragrances/lily-of-the-valley-yardley-type
1936,589-ELI,,girl of now elie saab,url_slug,https://leparfum.com.gr/en/fragrances-for-women/girl-of-now-elie-saab-type
1935,1088-COM,,odeur 53 comme des garcons,url_slug,https://leparfum.com.gr/en/fragrances-for-men/odeur-53-comme-des-garcons-type
1932,608-ESC,,moon sparkle escada,url_slug,https://leparfum.com.gr/en/fragrances-for-women/moon-sparkle-escada-type
1923,173-SOS,,accento sospiro perfumes u,url_slug,https://leparfum.com.gr/en/niche-perfumes/accento-sospiro-perfumes-u-type
1918,1236-PAL,,minotaure paloma picasso,url_slug,https://leparfum.com.gr/en/fragrances-for-men/minotaure-paloma-picasso-type
1915,808-LOL,,sweet lolita lempicka,url_slug,https://leparfum.com.gr/en/fragrances-for-women/sweet-lolita-lempicka-type
1914,1201-LBI,,venezia uomo laura biagiotti,url_slug,https://leparfum.com.gr/en/fragrances-for-men/venezia-uomo-laura-biagiotti-type
1913,802-LBI,,venezia laura biagiotti aroma,url_slug,https://leparfum.com.gr/en/fragrances-for-women/venezia-laura-biagiotti-aroma
1911,775-LAL,,perles de lalique lalique,url_slug,https://leparfum.com.gr/en/fragrances-for-women/perles-de-lalique-lalique-type
1910,740-JUI,,viva la juicy luxe parfum juicy couture,url_slug,https://leparfum.com.gr/en/fragrances-for-women/viva-la-juicy-luxe-parfum-juicy-couture-type
1909,318-MNT,,318 mnt el,url_slug,https://leparfum.com.gr/en/elegants-fragrances/318-mnt-el-perfume
1904,314-MOL,,ziao jao molton brown,url_slug,https://leparfum.com.gr/en/elegants-fragrances/ziao-jao-molton-brown-type
1895,999-ABE,,first instinct abercrombie fitch,url_slug,https://leparfum.com.gr/en/fragrances-for-men/first-instinct-abercrombie-fitch-type
1882,1090-COS,,costume national,url_slug,https://leparfum.com.gr/en/fragrances-for-men/costume-national-fragrance-type
1881,1091-COS,,scent intense costume national u,url_slug,https://leparfum.com.gr/en/fragrances-for-women/scent-intense-costume-national-u-type
1839,233-ESCE,,escentric 02 dupe,url_slug,https://leparfum.com.gr/en/elegants-fragrances/escentric-02-dupe-perfume
1776,1187-JOV,,white musk jovan,url_slug,https://leparfum.com.gr/en/fragrances-for-men/white-musk-jovan-type
1775,848-NRO,,pure musk for her narciso rodriguez,url_slug,https://leparfum.com.gr/en/fragrances-for-women/pure-musk-for-her-narciso-rodriguez-type
1771,731-JIM,,fever jimmy choo dupe,url_slug,https://leparfum.com.gr/en/fragrances-for-women/fever-jimmy-choo-dupe
1762,1188-KAR,,bois de vetiver karl lagerfeld,url_slug,https://leparfum.com.gr/en/fragrances-for-men/bois-de-vetiver-karl-lagerfeld-type
1419,,,huboob yas arabic,url_slug,https://leparfum.com.gr/en/arabian-perfumes/huboob-yas-arabic-perfume
1416,175-SHA,,opulent shaik classic no 33 shaik,url_slug,https://leparfum.com.gr/en/arabian-perfumes/opulent-shaik-classic-no-33-shaik-type
1415,168-RAS,,daarej for women rasasi,url_slug,https://leparfum.com.gr/en/arabian-perfumes/daarej-for-women-rasasi-perfume-type
1267,384-YAR,,english rose yardley,url_slug,https://leparfum.com.gr/en/elegants-fragrances/english-rose-yardley-perfume-type
1266,382-YAN,,pomegranate cider yankee candles,url_slug,https://leparfum.com.gr/en/elegants-fragrances/pomegranate-cider-yankee-candles-clones
1265,381-YAN,,fresh cut roses yankee candles dupe,url_slug,https://leparfum.com.gr/en/elegants-fragrances/fresh-cut-roses-yankee-candles-dupe
1264,380-YAN,,fall festival yankee candles smells,url_slug,https://leparfum.com.gr/en/elegants-fragrances/fall-festival-yankee-candles-smells
1263,379-YAN,,clean cotton yankee candles,url_slug,https://leparfum.com.gr/en/elegants-fragrances/clean-cotton-yankee-candles-fragrance
1230,334-SHI,,shirley may fragrance dupe,url_slug,https://leparfum.com.gr/en/elegants-fragrances/shirley-may-fragrance-dupe
1226,332-RAM,,dry wood ramon monegal,url_slug,https://leparfum.com.gr/en/elegants-fragrances/dry-wood-ramon-monegal-clone
1225,331-PG,,crystal water water lily pg,url_slug,https://leparfum.com.gr/en/elegants-fragrances/crystal-water-water-lily-pg-similar
1224,330-PG,,oriental blossom pg,url_slug,https://leparfum.com.gr/en/elegants-fragrances/oriental-blossom-pg-type
1222,327-PECK,,mistraal pecksniff eaudeparfum,url_slug,https://leparfum.com.gr/en/elegants-fragrances/mistraal-pecksniff-eaudeparfum
1221,326-PECK,,calm pecksniff s,url_slug,https://leparfum.com.gr/en/elegants-fragrances/calm-pecksniff-s-clones-fragrances
1220,325-PECK,,black oak cedar pecksniff s aroma,url_slug,https://leparfum.com.gr/en/elegants-fragrances/black-oak-cedar-pecksniff-s-aroma
1216,321-NAS,,black afgano nasomatto,url_slug,https://leparfum.com.gr/en/elegants-fragrances/black-afgano-nasomatto-clone
1213,316-MNT,,316 mnt el,url_slug,https://leparfum.com.gr/en/elegants-fragrances/316-mnt-el-fragrance
1210,313-MOL,,thai vert molton brown,url_slug,https://leparfum.com.gr/en/elegants-fragrances/thai-vert-molton-brown-type
1209,312-MOL,,black pepper molton brown,url_slug,https://leparfum.com.gr/en/elegants-fragrances/black-pepper-molton-brown-type
1206,309-LOC,,309 loc el,url_slug,https://leparfum.com.gr/en/elegants-fragrances/309-loc-el
1205,308-LOC,,citrus verbena l occitane dupe,url_slug,https://leparfum.com.gr/en/elegants-fragrances/citrus-verbena-l-occitane-dupe
1204,307-LOC,,peony occitane,url_slug,https://leparfum.com.gr/en/elegants-fragrances/peony-occitane-type
1144,236-IND,,236 ind el,url_slug,https://leparfum.com.gr/en/elegants-fragrances/236-ind-el
1143,235-HOLL,,235 holl el,url_slug,https://leparfum.com.gr/en/elegants-fragrances/235-holl-el
1106,200-CIR,,200 cir el,url_slug,https://leparfum.com.gr/en/elegants-fragrances/200-cir-el
999,,,white musk,url_slug,https://leparfum.com.gr/en/fragrances-for-women/white-musk-perfume
972,941-VAN,,feerie sping blossom van cleef arpels,url_slug,https://leparfum.com.gr/en/fragrances-for-women/feerie-sping-blossom-van-cleef-arpels-type
971,1270-VAN,,bois dore van cleef arpels,url_slug,https://leparfum.com.gr/en/fragrances-for-women/bois-dore-van-cleef-arpels-type
961,927-TOUZ,,rosa tous,url_slug,https://leparfum.com.gr/en/fragrances-for-women/rosa-tous-type
960,926-TOM,,tomy girl tommy hilfiger,url_slug,https://leparfum.com.gr/en/fragrances-for-women/tomy-girl-tommy-hilfiger-type
953,917-SWA,,aura intense swarovski,url_slug,https://leparfum.com.gr/en/fragrances-for-women/aura-intense-swarovski-type
952,916-SOF,,love sofia vergara,url_slug,https://leparfum.com.gr/en/fragrances-for-women/love-sofia-vergara-type
951,915-SIS,,izia sisley,url_slug,https://leparfum.com.gr/en/fragrances-for-women/izia-sisley-type
950,914-SIS,,eau tropicale sisley,url_slug,https://leparfum.com.gr/en/fragrances-for-women/eau-tropicale-sisley-type-perfume
949,913-SIS,,eau du soir sisley,url_slug,https://leparfum.com.gr/en/fragrances-for-women/eau-du-soir-sisley-type
948,912-SHIS,,zen shiseido,url_slug,https://leparfum.com.gr/en/fragrances-for-women/zen-shiseido-clone-fragrance
947,911-SEPH,,fleur de coton sephora,url_slug,https://leparfum.com.gr/en/fragrances-for-women/fleur-de-coton-sephora-perfumes
946,910-SARJ,,lovely sara jessica parker,url_slug,https://leparfum.com.gr/en/fragrances-for-women/lovely-sara-jessica-parker-clone
945,909-SFER,,tuscan scent white mimosa ferragamo dupe,url_slug,https://leparfum.com.gr/en/fragrances-for-women/tuscan-scent-white-mimosa-ferragamo-dupe
944,908-SFER,,signorina misteriosa ferragamo,url_slug,https://leparfum.com.gr/en/fragrances-for-women/signorina-misteriosa-ferragamo-clone
943,907-SFER,,signorina ferragamo dupe,url_slug,https://leparfum.com.gr/en/fragrances-for-women/signorina-ferragamo-dupe-fragrance
942,906-SFER,,emozione sferragamo dupe,url_slug,https://leparfum.com.gr/en/fragrances-for-women/emozione-sferragamo-dupe
941,905-SFER,,amo ferragamo,url_slug,https://leparfum.com.gr/en/fragrances-for-women/amo-ferragamo-perfume
940,902-SALV,,dalissime salvador dali,url_slug,https://leparfum.com.gr/en/fragrances-for-women/dalissime-salvador-dali-clone
939,904-SALV,,dali parfum salvador dali,url_slug,https://leparfum.com.gr/en/fragrances-for-women/dali-parfum-salvador-dali-similar-fragrance
914,874-PRA,,CANDY GLOSS - PRADA,description,https://leparfum.com.gr/en/fragrances-for-women/874-pra-wp
913,873-PRA,CANDY FLORALE - PRADA,873 pra wp,url_slug,https://leparfum.com.gr/en/fragrances-for-women/873-pra-wp
911,871-PIER,,ivoire pierre balmain type arvmata,url_slug,https://leparfum.com.gr/en/fragrances-for-women/ivoire-pierre-balmain-type-arvmata
910,870-PIER,,extatic intense gold pierre balmain,url_slug,https://leparfum.com.gr/en/fragrances-for-women/extatic-intense-gold-pierre-balmain-type
909,869-PIER,,extatic pierre balmain,url_slug,https://leparfum.com.gr/en/fragrances-for-women/extatic-pierre-balmain-type
908,868-PARH,,heirless paris hilton,url_slug,https://leparfum.com.gr/en/fragrances-for-women/heirless-paris-hilton-clone
907,867-PAL,,paloma picasso,url_slug,https://leparfum.com.gr/en/fragrances-for-women/paloma-picasso-perfume-type
849,804-LOE,,804 loe wp,url_slug,https://leparfum.com.gr/en/fragrances-for-women/804-loe-wp
827,772-LAD,,fame lady gaga similar parfum,url_slug,https://leparfum.com.gr/en/fragrances-for-women/fame-lady-gaga-similar-parfum
826,771-LAP,,silver rain la prairie,url_slug,https://leparfum.com.gr/en/fragrances-for-women/silver-rain-la-prairie-type
825,770-LAP,,midnight rain la prairie,url_slug,https://leparfum.com.gr/en/fragrances-for-women/midnight-rain-la-prairie-type
808,746-KAR,,ocean view karl lagerfeld,url_slug,https://leparfum.com.gr/en/fragrances-for-women/ocean-view-karl-lagerfeld-type
807,745-KAR,,karl lagerfeld for her,url_slug,https://leparfum.com.gr/en/fragrances-for-women/karl-lagerfeld-for-her-type
806,744-JUS,,the key justin bieber,url_slug,https://leparfum.com.gr/en/fragrances-for-women/the-key-justin-bieber-clone
805,743-JUS,,girlfriend justin bieber,url_slug,https://leparfum.com.gr/en/fragrances-for-women/girlfriend-justin-bieber-perfume
804,742-JUI,,viva la juicy sucre couture,url_slug,https://leparfum.com.gr/en/fragrances-for-women/viva-la-juicy-sucre-couture-type
803,741-JUI,,viva la juicy rose couture,url_slug,https://leparfum.com.gr/en/fragrances-for-women/viva-la-juicy-rose-couture-type
802,739-JUI,,viva la juicy gold couture juicy couture,url_slug,https://leparfum.com.gr/en/fragrances-for-women/viva-la-juicy-gold-couture-juicy-couture-similar-type
801,738-JUI,,viva la juicy couture,url_slug,https://leparfum.com.gr/en/fragrances-for-women/viva-la-juicy-couture-similar
800,737-JUI,,juicy couture malibu juicy couture arwma,url_slug,https://leparfum.com.gr/en/fragrances-for-women/juicy-couture-malibu-juicy-couture-arwma
799,736-JUI,,couture couture juicy couture,url_slug,https://leparfum.com.gr/en/fragrances-for-women/couture-couture-juicy-couture-similar-type
798,735-JIM,,stars jimmy choo dupe,url_slug,https://leparfum.com.gr/en/fragrances-for-women/stars-jimmy-choo-dupe
797,734-JIM,,jimmy choo,url_slug,https://leparfum.com.gr/en/fragrances-for-women/jimmy-choo-similar
796,733-JIM,,illicit jimmy choo,url_slug,https://leparfum.com.gr/en/fragrances-for-women/illicit-jimmy-choo-fragrance-clone
795,732-JIM,,flash jimmy choo,url_slug,https://leparfum.com.gr/en/fragrances-for-women/flash-jimmy-choo-clone
794,730-JIM,,exotic jimmy choo,url_slug,https://leparfum.com.gr/en/fragrances-for-women/exotic-jimmy-choo-clone
793,729-JIM,,blossom jimmy choo,url_slug,https://leparfum.com.gr/en/fragrances-for-women/blossom-jimmy-choo-similar
791,727-JEN,,jluxe jennifer lopez,url_slug,https://leparfum.com.gr/en/fragrances-for-women/jluxe-jennifer-lopez-type
765,696-GLA,,fidji eau de toilette guy laroche,url_slug,https://leparfum.com.gr/en/fragrances-for-women/fidji-eau-de-toilette-guy-laroche-type
764,695-GUE,,dare guess,url_slug,https://leparfum.com.gr/en/fragrances-for-women/dare-guess-similar-fragrance
754,680-GUC,G,G.PREMIERE,description,https://leparfum.com.gr/en/fragrances-for-women/680-guc-wp
749,673-GRS,,cabotin gres,url_slug,https://leparfum.com.gr/en/fragrances-for-women/cabotin-gres-type-perfume
733,655-ARM,SI,"SI. Perfume woody, vanilla, aromatic, soft spicy, fruity",description,https://leparfum.com.gr/en/fragrances-for-women/655-arm-w
722,640-FEN,,acqua rossa fendi,url_slug,https://leparfum.com.gr/en/fragrances-for-women/acqua-rossa-fendi-type
721,639-FEN,,fendi woman,url_slug,https://leparfum.com.gr/en/fragrances-for-women/fendi-woman-similar-fragrance
704,621-EST,BR,BR.GOD. SUMMER LIM.EDITION - ESTEE LAUDER,description,https://leparfum.com.gr/en/fragrances-for-women/621-est-wp
702,619-EST,BR,BR.GOD. EAU FRAICHE SKINSCHENT - ESTEE LAUDER,description,https://leparfum.com.gr/en/fragrances-for-women/619-est-wp
697,613-ESC,,turquoise summer escada,url_slug,https://leparfum.com.gr/en/fragrances-for-women/turquoise-summer-escada-fragrance
696,612-ESC,,turquoise escada,url_slug,https://leparfum.com.gr/en/fragrances-for-women/turquoise-escada-type
681,593-ELZT,,white diamonds elizabeth taylor,url_slug,https://leparfum.com.gr/en/fragrances-for-women/white-diamonds-elizabeth-taylor-type
680,592-ELIZ,,red door elizabeth arden,url_slug,https://leparfum.com.gr/en/fragrances-for-women/red-door-elizabeth-arden-type
679,591-ELIZ,,green tea yuzu elizabeth arden,url_slug,https://leparfum.com.gr/en/fragrances-for-women/green-tea-yuzu-elizabeth-arden-type
678,590-ELIZ,,avenue elizabeth arden,url_slug,https://leparfum.com.gr/en/fragrances-for-women/avenue-elizabeth-arden-type
677,588-ELI,,elie saab la parfum elie saab,url_slug,https://leparfum.com.gr/en/fragrances-for-women/elie-saab-la-parfum-elie-saab-type
676,587-DSQ,,want pink ginger dsquared,url_slug,https://leparfum.com.gr/en/fragrances-for-women/want-pink-ginger-dsquared-type
675,586-DSQ,,want dsquared,url_slug,https://leparfum.com.gr/en/fragrances-for-women/want-dsquared-type
674,585-DSQ,,she wood dsquared,url_slug,https://leparfum.com.gr/en/fragrances-for-women/she-wood-dsquared-type
673,584-DSQ,,potion for women dsquared,url_slug,https://leparfum.com.gr/en/fragrances-for-women/potion-for-women-dsquared-clone
671,582-DON,,nectar love dkny,url_slug,https://leparfum.com.gr/en/fragrances-for-women/nectar-love-dkny-similar
665,576-DON,,black cashmere dkny,url_slug,https://leparfum.com.gr/en/fragrances-for-women/black-cashmere-dkny-clone
660,571-DAV,,woman cool water davidoff,url_slug,https://leparfum.com.gr/en/fragrances-for-women/woman-cool-water-davidoff-type
644,554-DOL,DOLCE FLORAL DROPS,554 dol wp,url_slug,https://leparfum.com.gr/en/fragrances-for-women/554-dol-wp
543,437-BLG,,437 blg wp,url_slug,https://leparfum.com.gr/en/fragrances-for-women/437-blg-wp
541,435-BLG,,435 blg wp,url_slug,https://leparfum.com.gr/en/fragrances-for-women/435-blg-wp
347,1271-VAN,,tsar van cleef arpels,url_slug,https://leparfum.com.gr/en/fragrances-for-men/tsar-van-cleef-arpels-clone
346,1270-VAN,,bois dore van cleef arpels arwma,url_slug,https://leparfum.com.gr/en/fragrances-for-men/bois-dore-van-cleef-arpels-arwma
336,1259-SHU,,old spice shulton company,url_slug,https://leparfum.com.gr/en/fragrances-for-men/old-spice-shulton-company-type
335,1258-SFER,,tuscan scent white mimosa salvatore ferragamo,url_slug,https://leparfum.com.gr/en/fragrances-for-men/tuscan-scent-white-mimosa-salvatore-ferragamo-clone
334,1257-SFER,,ferragamo pour homme,url_slug,https://leparfum.com.gr/en/fragrances-for-men/ferragamo-pour-homme-clone-perfume
314,1237-PIN,,pino silvester,url_slug,https://leparfum.com.gr/en/fragrances-for-men/pino-silvester-type
288,1204-LOE,,solo loewe cedro,url_slug,https://leparfum.com.gr/en/fragrances-for-men/solo-loewe-cedro-inspired
286,1202-LOE,,esencia pour homme loewe,url_slug,https://leparfum.com.gr/en/fragrances-for-men/esencia-pour-homme-loewe-perfumes
284,777-LAL,,sculpteur d epices lalique,url_slug,https://leparfum.com.gr/en/fragrances-for-men/sculpteur-d-epices-lalique-type
283,1198-LAL,,encre noir lalique,url_slug,https://leparfum.com.gr/en/fragrances-for-men/encre-noir-lalique-clone
273,1186-JOO,,wow joop,url_slug,https://leparfum.com.gr/en/fragrances-for-men/wow-joop-fragrance-clone
272,1185-JOO,,nightflight joop arwmata,url_slug,https://leparfum.com.gr/en/fragrances-for-men/nightflight-joop-arwmata
271,1184-JOO,,αρωματα τυπου joop,url_slug,https://leparfum.com.gr/en/fragrances-for-men/αρωματα-τυπου-joop
270,1183-VAR,,john varvatos,url_slug,https://leparfum.com.gr/en/fragrances-for-men/john-varvatos-fragrance-type
269,1182-JIM,,jimmy choo man,url_slug,https://leparfum.com.gr/en/fragrances-for-men/jimmy-choo-man-clone
263,1175-JAC,,paradox for men jacomo,url_slug,https://leparfum.com.gr/en/fragrances-for-men/paradox-for-men-jacomo-type
261,1174-JAC,,jacomo de jacomo dupe,url_slug,https://leparfum.com.gr/en/fragrances-for-men/jacomo-de-jacomo-dupe
249,1160-HUG,,boss bottled,url_slug,https://leparfum.com.gr/en/fragrances-for-men/boss-bottled-fragrance-clone
241,1151-HAL,,halston z14 halston,url_slug,https://leparfum.com.gr/en/fragrances-for-men/halston-z14-halston-type
240,1150-GLA,,drakkar noir guy laroche,url_slug,https://leparfum.com.gr/en/fragrances-for-men/drakkar-noir-guy-laroche-perfume
234,1144-GUC,G,G. by G. pour Homme,description,https://leparfum.com.gr/en/fragrances-for-men/1144-guc-mp
215,1122-GFE,,in the mood for love gianfranco ferre,url_slug,https://leparfum.com.gr/en/fragrances-for-men/in-the-mood-for-love-gianfranco-ferre-type
213,1120-FER,,cedar essence ferrari,url_slug,https://leparfum.com.gr/en/fragrances-for-men/cedar-essence-ferrari
212,1119-FEN,,acqua fan di fendi,url_slug,https://leparfum.com.gr/en/fragrances-for-men/acqua-fan-di-fendi-clone-perfume
211,1118-FAB,,brut 1964 faberge,url_slug,https://leparfum.com.gr/en/fragrances-for-men/brut-1964-faberge-clone
209,1116-ZEG,,uomo absolut zegna,url_slug,https://leparfum.com.gr/en/fragrances-for-men/uomo-absolut-zegna-clone
208,1115-ZEG,,bourbon vanilla zegna,url_slug,https://leparfum.com.gr/en/fragrances-for-men/bourbon-vanilla-zegna-type
205,1114-DUN,,icon elite dunhill,url_slug,https://leparfum.com.gr/en/fragrances-for-men/icon-elite-dunhill-type
204,1113-DSQ,,wild dsquared dupe,url_slug,https://leparfum.com.gr/en/fragrances-for-men/wild-dsquared-dupe-perfume
203,1112-DSQ,,he wood rocky mountain dsquared,url_slug,https://leparfum.com.gr/en/fragrances-for-men/he-wood-rocky-mountain-dsquared-clone
202,1111-DSQ,,he wood dsquared,url_slug,https://leparfum.com.gr/en/fragrances-for-men/he-wood-dsquared-perfumes-similar
201,1110-DSQ,,black potion dsquared,url_slug,https://leparfum.com.gr/en/fragrances-for-men/black-potion-dsquared-similar
197,1106-DAV,,zino davidoff,url_slug,https://leparfum.com.gr/en/fragrances-for-men/zino-davidoff-perfume-clone
196,1105-DAV,,brilliant game davidoff,url_slug,https://leparfum.com.gr/en/fragrances-for-men/brilliant-game-davidoff-clone
195,1104-DAV,,pure pacific davidoff,url_slug,https://leparfum.com.gr/en/fragrances-for-men/pure-pacific-davidoff-similar
194,1103-DAV,,hot water davidoff,url_slug,https://leparfum.com.gr/en/fragrances-for-men/hot-water-davidoff-clone-perfume
193,1102-DAV,,man cool water davidoff,url_slug,https://leparfum.com.gr/en/fragrances-for-men/man-cool-water-davidoff-type
184,1089-COM,,wonderwood comme des garcons,url_slug,https://leparfum.com.gr/en/fragrances-for-men/wonderwood-comme-des-garcons-type
183,1087-COM,,comme des garcons,url_slug,https://leparfum.com.gr/en/fragrances-for-men/comme-des-garcons-inspired-perfume
160,1063-CER,,cerruti pour homme,url_slug,https://leparfum.com.gr/en/fragrances-for-men/cerruti-pour-homme-clone-fragrance
131,1030-BRB,MR,MR. BURBERRY INDIGO,description,https://leparfum.com.gr/en/fragrances-for-men/1030-brb-mp
124,1023-BOT,,pour homme extreme bottega veneta,url_slug,https://leparfum.com.gr/en/fragrances-for-men/pour-homme-extreme-bottega-veneta-type
123,1022-BOT,,essence aromatique bottega veneta,url_slug,https://leparfum.com.gr/en/fragrances-for-men/essence-aromatique-bottega-veneta-type
122,1021-BOG,,one man show bogart jacques,url_slug,https://leparfum.com.gr/en/fragrances-for-men/one-man-show-bogart-jacques-type
