prestashop_product_id,shobi_code,inspired_by,code_suffix,inferred_brand,status,match_type,score,candidate_count,fragrantica_brand,fragrantica_perfume,fragrantica_id,fragrantica_url,note
5116,2848-PRFRO,VANITAS,PRFRO,Profumum Roma,MAPPED_NOT_IN_CORPUS,CONFIRMED_MAPPING_ONLY,,0,,,,,Existing confirmed mapping exists but its ID/name was not found in this URL corpus
5110,2842-KYLJ,VANILLA DEW,KYLJ,Kylie Cosmetics,MAPPED_NOT_IN_CORPUS,CONFIRMED_MAPPING_ONLY,,0,,,,,Existing confirmed mapping exists but its ID/name was not found in this URL corpus
5109,2841-KYLJ,SWEET ECLAIRE,KYLJ,Kylie Cosmetics,MAPPED_NOT_IN_CORPUS,CONFIRMED_MAPPING_ONLY,,0,,,,,Existing confirmed mapping exists but its ID/name was not found in this URL corpus
5108,2840-KYLJ,CARAMEL CLOUD,KYLJ,Kylie Cosmetics,MAPPED_NOT_IN_CORPUS,CONFIRMED_MAPPING_ONLY,,0,,,,,Existing confirmed mapping exists but its ID/name was not found in this URL corpus
5104,2836-FRA,MADNESS,FRA,Franck Boclet,MAPPED_NOT_IN_CORPUS,CONFIRMED_MAPPING_ONLY,,0,,,,,Existing confirmed mapping exists but its ID/name was not found in this URL corpus
5099,2832-ZAD,Zadig Eau de Parfum,ZAD,Zadig & Voltaire,MAPPED_NOT_IN_CORPUS,CONFIRMED_MAPPING_ONLY,,0,,,,,Existing confirmed mapping exists but its ID/name was not found in this URL corpus
5098,2831-GISS,Martinique Osmanthus Gissah 2025,GISS,Gissah,MAPPED_NOT_IN_CORPUS,CONFIRMED_MAPPING_ONLY,,0,,,,,Existing confirmed mapping exists but its ID/name was not found in this URL corpus
5092,2825-RARB,Rare Beauty,RARB,Rare Beauty,MAPPED_NOT_IN_CORPUS,CONFIRMED_MAPPING_ONLY,,0,,,,,Existing confirmed mapping exists but its ID/name was not found in this URL corpus
5083,2816-MOOD,Blonde Maracuja Mood London,MOOD,Mood London,MAPPED_NOT_IN_CORPUS,CONFIRMED_MAPPING_ONLY,,0,,,,,Existing confirmed mapping exists but its ID/name was not found in this URL corpus
5080,2813-OMA,Caden Omanluxury,OMA,Omanluxury,MAPPED_NOT_IN_CORPUS,CONFIRMED_MAPPING_ONLY,,0,,,,,Existing confirmed mapping exists but its ID/name was not found in this URL corpus
5074,2807-VIRT,Buttercream Haze The 7 Virtues,VIRT,The 7 Virtues,MAPPED_NOT_IN_CORPUS,CONFIRMED_MAPPING_ONLY,,0,,,,,Existing confirmed mapping exists but its ID/name was not found in this URL corpus
5066,2799-OBVI,Milk & Matcha Obvious,OBVI,Obvious,MAPPED_NOT_IN_CORPUS,CONFIRMED_MAPPING_ONLY,,0,,,,,Existing confirmed mapping exists but its ID/name was not found in this URL corpus
5065,2798-NICO,Macaron Bourbon Nicolai Parfumeur Createur,NICO,Nicolai Parfumeur Createur,MAPPED_NOT_IN_CORPUS,CONFIRMED_MAPPING_ONLY,,0,,,,,Existing confirmed mapping exists but its ID/name was not found in this URL corpus
5062,2793-FRAG,Oud Noir Intense Fragrance Du Bois,FRAG,Fragrance Du Bois,MAPPED_NOT_IN_CORPUS,CONFIRMED_MAPPING_ONLY,,0,,,,,Existing confirmed mapping exists but its ID/name was not found in this URL corpus
5060,2791-LTN,the fragrance notes of,LTN,,MAPPED_NOT_IN_CORPUS,CONFIRMED_MAPPING_ONLY,,0,,,,,Existing confirmed mapping exists but its ID/name was not found in this URL corpus
5054,2786-LTN,the fragrance notes,LTN,,MAPPED_NOT_IN_CORPUS,CONFIRMED_MAPPING_ONLY,,0,,,,,Existing confirmed mapping exists but its ID/name was not found in this URL corpus
5051,2783-LTN,the fragrance notes,LTN,,MAPPED_NOT_IN_CORPUS,CONFIRMED_MAPPING_ONLY,,0,,,,,Existing confirmed mapping exists but its ID/name was not found in this URL corpus
5015,2774-MIL,La Fumee Miller Harris,MIL,Miller Harris,MAPPED_NOT_IN_CORPUS,CONFIRMED_MAPPING_ONLY,,0,,,,,Existing confirmed mapping exists but its ID/name was not found in this URL corpus
5014,2773-RIT,The Rituals of Mehr,RIT,Rituals,MAPPED_NOT_IN_CORPUS,CONFIRMED_MAPPING_ONLY,,0,,,,,Existing confirmed mapping exists but its ID/name was not found in this URL corpus
4964,2755-ZEG,Essenza di Zegna,ZEG,Ermenegildo Zegna,MAPPED_NOT_IN_CORPUS,CONFIRMED_MAPPING_ONLY,,0,,,,,Existing confirmed mapping exists but its ID/name was not found in this URL corpus
4835,2736-NAV,Lost in a Dream Navitus Parfums,NAV,Navitus Parfums,MAPPED_NOT_IN_CORPUS,CONFIRMED_MAPPING_ONLY,,0,,,,,Existing confirmed mapping exists but its ID/name was not found in this URL corpus
4785,2723-LTN,the fragrance notes,LTN,,MAPPED_NOT_IN_CORPUS,CONFIRMED_MAPPING_ONLY,,0,,,,,Existing confirmed mapping exists but its ID/name was not found in this URL corpus
4781,2719-FRAG,New York 5th Avenue Fragrance Du Bois,FRAG,Fragrance Du Bois,MAPPED_NOT_IN_CORPUS,CONFIRMED_MAPPING_ONLY,,0,,,,,Existing confirmed mapping exists but its ID/name was not found in this URL corpus
4771,2707-ROOM,Wavechild Room 1015,ROOM,Room 1015,MAPPED_NOT_IN_CORPUS,CONFIRMED_MAPPING_ONLY,,0,,,,,Existing confirmed mapping exists but its ID/name was not found in this URL corpus
4749,2665-KAJ,Ruby Kajal,KAJ,Kajal,MAPPED_NOT_IN_CORPUS,CONFIRMED_MAPPING_ONLY,,0,,,,,Existing confirmed mapping exists but its ID/name was not found in this URL corpus
4654,2698-SOL,Beijos de Sol Sol de Janeiro,SOL,Sol de Janeiro,MAPPED_NOT_IN_CORPUS,CONFIRMED_MAPPING_ONLY,,0,,,,,Existing confirmed mapping exists but its ID/name was not found in this URL corpus
4653,2692-SOL,Rio Radiance Sol de Janeiro,SOL,Sol de Janeiro,MAPPED_NOT_IN_CORPUS,CONFIRMED_MAPPING_ONLY,,0,,,,,Existing confirmed mapping exists but its ID/name was not found in this URL corpus
4651,2691-SOL,Cheirosa '39 Sol de Janeiro,SOL,Sol de Janeiro,NOT_FOUND,,,0,,,,,
4650,2700-BLG,Amunae Bvlgari,BLG,,NOT_FOUND,,,0,,,,,
4649,2696-AMG,Decision Amouage,AMG,Amouage,NOT_FOUND,,,0,,,,,
4648,2689-LAT,Khamrah Qahwa Lattafa Perfumes,LAT,Lattafa Perfumes,NOT_FOUND,,,0,,,,,
4647,2690-NISH,Oudous Lux Solis Nishane,NISH,Nishane,NOT_FOUND,,,0,,,,,
4646,2699-RIT,Ayurveda Rituals,RIT,Rituals,NOT_FOUND,,,0,,,,,
4645,2697-RIT,Karma Rituals,RIT,Rituals,NOT_FOUND,,,0,,,,,
4644,2687-GRIT,Mango Aoud Gritti,GRIT,,NOT_FOUND,,,0,,,,,
4640,2701-DIP,Cafe Verlet,DIP,,NOT_FOUND,,,0,,,,,
4638,2685-FRAG,Rude Cherry Fragrance Du Bois,FRAG,Fragrance Du Bois,NOT_FOUND,,,0,,,,,
4637,2684-CLIV,Jump Up And Kiss Me Hedonistic (2021) Clive Christian,CLIV,Clive Christian,NOT_FOUND,,,0,,,,,
4623,1654-ACQ,Colonia 1916,ACQ,Acqua di Parma,NOT_FOUND,,,0,,,,,
4593,2683-CLIV,E Cashmere Musk Clive Christian,CLIV,Clive Christian,NOT_FOUND,,,0,,,,,
4592,2682-BDIK,Gris Charnel BDK Parfums,BDIK,,NOT_FOUND,,,0,,,,,
4591,2681-ARB,Madawi Gold Edition Arabian Oud,ARB,,NOT_FOUND,,,0,,,,,
4590,2680-AMG,Outlands Amouage,AMG,Amouage,NOT_FOUND,,,0,,,,,
4539,2678-PARF,Palatine Parfums de Marly,PARF,Parfums de Marly,NOT_FOUND,,,0,,,,,
4527,2674-MICA,Note Poudree Micallef,MICA,,NOT_FOUND,,,0,,,,,
4526,2673-ARB,Al Fareed Arabian Oud,ARB,,NOT_FOUND,,,0,,,,,
4525,2672-MEM,Abu Dhabi Memo Paris,MEM,,NOT_FOUND,,,0,,,,,
4524,2671-KIL,Cruel Intentions - Kilian,KIL,By Kilian,NOT_FOUND,,,0,,,,,
4522,2659-MNT,Sensual Instinct Montale,MNT,,NOT_FOUND,,,0,,,,,
4519,2655-MNT,Dallachaï Montale,MNT,,NOT_FOUND,,,0,,,,,
4492,1145-GUC,pour Homme (2003),GUC,Gucci,NOT_FOUND,,,0,,,,,
4491,2637-HARM,Sacred Water,HARM,,NOT_FOUND,,,0,,,,,
4489,2645-LTN,the fragrance notes,LTN,,NOT_FOUND,,,0,,,,,
4488,2644-PAZZ,Summer Hammer Lorenzo Pazzaglia,PAZZ,,NOT_FOUND,,,0,,,,,
4487,2643-LEL,Iris 39 Le Labo,LEL,Le Labo,NOT_FOUND,,,0,,,,,
4486,2458-LTN,the fragrance notes,LTN,,NOT_FOUND,,,0,,,,,
4484,2648-FUGA,Vanilla Haze Fugazzi,FUGA,,NOT_FOUND,,,0,,,,,
4481,2619-DRC,Homme Parfum 2025,DRC,Dior,NOT_FOUND,,,0,,,,,
4479,2622-PHL,Vanilla Skin Phlur,PHL,Phlur,NOT_FOUND,,,0,,,,,
4444,2649-BORN,Naked Laundry BORNTOSTANDOUT®,BORN,BORNTOSTANDOUT®,NOT_FOUND,,,0,,,,,
4438,2647-LTN,the fragrance notes,LTN,,NOT_FOUND,,,0,,,,,
4436,2623-NES,Santa Barbara Strawberry - Nest,NES,,NOT_FOUND,,,0,,,,,
4435,2614-AMG,Guidance 46 Amouagee,AMG,Amouage,NOT_FOUND,,,0,,,,,
4433,2626-JOM,English Oak & Redcurrant Jo Malone,JOM,Jo Malone London,NOT_FOUND,,,0,,,,,
4432,2625-GUR,L'Instant de pour Homme Eau Extreme,GUR,Guerlain,NOT_FOUND,,,0,,,,,
4430,2611-KAY,Elixir 11 Kayali Fragrances,KAY,Kayali Fragrances,NOT_FOUND,,,0,,,,,
4429,2613-SOS,Vibrato Sospiro Perfume,SOS,Sospiro Perfumes,NOT_FOUND,,,0,,,,,
4428,2612-LUS,Sticky Dates Lush,LUS,Lush,NOT_FOUND,,,0,,,,,
4425,2598-GLO,You Glossier,GLO,,NOT_FOUND,,,0,,,,,
4424,2641-LAT,Eclaire Lattafa Perfumes,LAT,Lattafa Perfumes,NOT_FOUND,,,0,,,,,
4423,2630-SOS,Erba Pura Magica Sospiro,SOS,Sospiro Perfumes,NOT_FOUND,,,0,,,,,
4422,2627-LTN,the fragrance notes,LTN,,NOT_FOUND,,,0,,,,,
4421,2608-KIL,A Taste of Heaven Kilian,KIL,By Kilian,NOT_FOUND,,,0,,,,,
4418,2610-JUL,Not A Perfume Superdose - Juliette Has A Gun,JUL,Juliette Has A Gun,NOT_FOUND,,,0,,,,,
4417,2632-BDIK,Velvet Tonka BDK Parfums,BDIK,,NOT_FOUND,,,0,,,,,
4413,2639-TRU,Donna Pink Marina,TRU,,NOT_FOUND,,,0,,,,,
4411,2635-SOL,Cheirosa '76 Sol de Janeiro,SOL,Sol de Janeiro,NOT_FOUND,,,0,,,,,
4410,2634-NRO,Essence Rodriguez,NRO,Narciso Rodriguez,NOT_FOUND,,,0,,,,,
4409,2638-KEN,Jungle le Tigre Kenzo,KEN,,NOT_FOUND,,,0,,,,,
4406,2603-JUL,Lust for Sun Juliette Has A Gun,JUL,Juliette Has A Gun,NOT_FOUND,,,0,,,,,
4394,2604-JILS,Sun Men Jil Sander,JILS,,NOT_FOUND,,,0,,,,,
4389,2600-TMU,Angel Lily,TMU,,NOT_FOUND,,,0,,,,,
4388,2375-ESC,"Brisa Cubana Escada Woman perfume citrus, green, aromatic, fresh spicy, fresh",ESC,,NOT_FOUND,,,0,,,,,
4385,2438-KYLJ,Cosmic Kylie Jenner,KYLJ,Kylie Cosmetics,NOT_FOUND,,,0,,,,,
4375,2562-JUSB,Beat Cafe Jusbox,JUSB,,NOT_FOUND,,,0,,,,,
4374,2560-JUSB,Siren & Sailors Jusbox,JUSB,,NOT_FOUND,,,0,,,,,
4373,2555-BON,TriBeCa Bond No 9,BON,,NOT_FOUND,,,0,,,,,
4372,2583-INI,Paragon Initio Parfums,INI,Initio Parfums Privés,NOT_FOUND,,,0,,,,,
4371,2582-PIER,Carbone Pierre Balmain type,PIER,,NOT_FOUND,,,0,,,,,
4369,2584-GIV,Eau de,GIV,Givenchy,NOT_FOUND,,,0,,,,,
4368,2585-SOL,Summer e Amor Sol de Janeiro,SOL,Sol de Janeiro,NOT_FOUND,,,0,,,,,
4367,2586-DIP,Biscuit DIP,DIP,,NOT_FOUND,,,0,,,,,
4366,2587-MAR,Daisy Dream Sunshine Marc Jacobs,MAR,,NOT_FOUND,,,0,,,,,
4365,2553-BON,Andy Warhol Bond No 9,BON,,NOT_FOUND,,,0,,,,,
4364,2552-SOR,Night Horse (Ночная Кобыла) Siordia Parfums,SOR,,NOT_FOUND,,,0,,,,,
4362,2537-DRC,Miss Parfum (2024),DRC,Dior,NOT_FOUND,,,0,,,,,
4359,2580-KAY,,KAY,Kayali Fragrances,NOT_FOUND,,,0,,,,,
4358,2579-SOS,Maraschino Sospiro Perfumes,SOS,Sospiro Perfumes,NOT_FOUND,,,0,,,,,
4353,2574-MEM,Cappadocia Memo Paris,MEM,,NOT_FOUND,,,0,,,,,
4352,2573-KAY,Maldives in a Bottle Ylang Coco | 20 Eau de Parfum Kayali Fragrances,KAY,Kayali Fragrances,NOT_FOUND,,,0,,,,,
4348,2595-INI,Mystic Experience Initio Parfums,INI,Initio Parfums Privés,NOT_FOUND,,,0,,,,,
4347,2594-HUG,Bottled Oud Saffron,HUG,,NOT_FOUND,,,0,,,,,
4346,2593-HUG,Bottled Elixir,HUG,,NOT_FOUND,,,0,,,,,
4345,2592-GOLD,Pacific Rock Moss Goldfield & Banks Australia,GOLD,,NOT_FOUND,,,0,,,,,
4343,2590-BYRP,Mula Mula Rouge Extreme Byron Parfums,BYRP,Byron Parfums,NOT_FOUND,,,0,,,,,
4342,2589-BYRP,Mula Mula Double Caramel Byron Parfums,BYRP,Byron Parfums,NOT_FOUND,,,0,,,,,
4337,2561-SOM,Capriccio Somens,SOM,,NOT_FOUND,,,0,,,,,
4336,2551-PAR,Khair Fusion Paris Corner,PAR,,NOT_FOUND,,,0,,,,,
4333,2544-ACQ,Magnolia Nobile,ACQ,Acqua di Parma,NOT_FOUND,,,0,,,,,
4332,2543-HUG,The Scent For Him Magnetic,HUG,,NOT_FOUND,,,0,,,,,
4329,2523-KIL,Sacred Wood - Kilian,KIL,By Kilian,NOT_FOUND,,,0,,,,,
4328,2548-RIT,Hammam Rituals,RIT,Rituals,NOT_FOUND,,,0,,,,,
4325,2510-ONE,Our Moment One Direction,ONE,,NOT_FOUND,,,0,,,,,
4323,2502-MATIE,Parisian Musc Matiere Premiere,MATIE,Matiere Premiere,NOT_FOUND,,,0,,,,,
4322,2498-TOUZ,Baby Tous,TOUZ,,NOT_FOUND,,,0,,,,,
4305,1194-KIL,Gold Knight Kilian,KIL,By Kilian,NOT_FOUND,,,0,,,,,
4303,2526-KAY,Capri in a Bottle Lemon Sugar | 14 Eau de Parfum by Kayali Fragrances,KAY,Kayali Fragrances,NOT_FOUND,,,0,,,,,
4289,2524-KAY,Marrakesh in a Bottle Orange Blossom Kayali Fragrances,KAY,Kayali Fragrances,NOT_FOUND,,,0,,,,,
4288,2559-LAT,Ra'ed Silver Lattafa Perfumes,LAT,Lattafa Perfumes,NOT_FOUND,,,0,,,,,
4286,2554-JOM,Orange Marmalade Jo Malone,JOM,Jo Malone London,NOT_FOUND,,,0,,,,,
4285,2556-LAT,Yara Moi Lattafa Perfumes,LAT,Lattafa Perfumes,NOT_FOUND,,,0,,,,,
4284,2557-ARIA,God Is A Woman Ariana Grande,ARIA,,NOT_FOUND,,,0,,,,,
4283,2567-SOL,Cheirosa '71 Sol de Janeiro,SOL,Sol de Janeiro,NOT_FOUND,,,0,,,,,
4281,2546-MEM,Moroccan Leather Memo Paris,MEM,,NOT_FOUND,,,0,,,,,
4280,2545-MEM,Kedu Sesame Memo Paris,MEM,,NOT_FOUND,,,0,,,,,
4279,2536-PRA,Paradoxe Virtual Flower Prada,PRA,Prada,NOT_FOUND,,,0,,,,,
4278,2569-GOLD,Ingenious Ginger Goldfield & Banks Australia,GOLD,,NOT_FOUND,,,0,,,,,
4277,2571-GOLD,Silky Woods Goldfield & Banks Australia,GOLD,,NOT_FOUND,,,0,,,,,
4273,2558-LAT,Bade'e Al Oud Sublime Lattafa Perfumes,LAT,Lattafa Perfumes,NOT_FOUND,,,0,,,,,
4272,2570-JOM,English Pear & Sweet Pea Jo Malone,JOM,Jo Malone London,NOT_FOUND,,,0,,,,,
4270,2550-ARM,Stronger With You Tobacco,ARM,Giorgio Armani,NOT_FOUND,,,0,,,,,
4269,2549-MARC,Tilia Marc-Antoine Barrois,MARC,,NOT_FOUND,,,0,,,,,
4263,2564-NRO,For Her Musc Nude Narciso Rodriguez,NRO,Narciso Rodriguez,NOT_FOUND,,,0,,,,,
4262,2485-ETLR,The Ghost In The Shell Etat Libre d'Orange,ETLR,,NOT_FOUND,,,0,,,,,
4261,2528-JER,Gozo Jeroboam,JER,,NOT_FOUND,,,0,,,,,
4260,2542-FUR,Autentica Furla for women,FUR,,NOT_FOUND,,,0,,,,,
4258,2532-PRA,Cargo de Nuit Prada,PRA,Prada,NOT_FOUND,,,0,,,,,
4257,2539-CRIVEL,Tubéreuse Astrale Maison Crivelli,CRIVEL,Maison Crivelli,NOT_FOUND,,,0,,,,,
4254,2521-SOL,Carioca Crush Sol de Janeiro,SOL,Sol de Janeiro,NOT_FOUND,,,0,,,,,
4253,2540-COM,Concrete Comme des Garcons,COM,,NOT_FOUND,,,0,,,,,
4252,2541-STE,God of Fire Stéphane Humbert,STE,Stéphane Humbert Lucas 777,NOT_FOUND,,,0,,,,,
4244,2519-MNT,Starry Nights Montale,MNT,,NOT_FOUND,,,0,,,,,
4243,2517-MNTB,Legend Blue Montblanc,MNTB,,NOT_FOUND,,,0,,,,,
4241,2493-SERG,Nuit de Cellophane Serge Lutens,SERG,,NOT_FOUND,,,0,,,,,
4240,2492-ETLR,You Or Someone Like You Etat Libre d'Orange,ETLR,,NOT_FOUND,,,0,,,,,
4238,2489-KKWI,Red Lips KKW,KKWI,,NOT_FOUND,,,0,,,,,
4237,2488-ANN,Fantasia Mermaid Anna Sui,ANN,,NOT_FOUND,,,0,,,,,
4236,2486-MA,Velvet Teddy MAC,MA,,NOT_FOUND,,,0,,,,,
4235,2483-CLEA,Clean Skin Clean,CLEA,,NOT_FOUND,,,0,,,,,
4234,2482-CLEA,Cool Cotton Clean,CLEA,,NOT_FOUND,,,0,,,,,
4233,2480-JUL,Anyway Juliette Has A Gun,JUL,Juliette Has A Gun,NOT_FOUND,,,0,,,,,
4232,2479-PHL,Father Figure Phlur,PHL,Phlur,NOT_FOUND,,,0,,,,,
4231,2503-JUL,Mad Madame Juliette Has A Gun,JUL,Juliette Has A Gun,NOT_FOUND,,,0,,,,,
4230,2504-JUL,Moscow Mule Juliette Has A Gun,JUL,Juliette Has A Gun,NOT_FOUND,,,0,,,,,
4229,2505-JACFAT,Curacao Bay Jacques Fath,JACFAT,,NOT_FOUND,,,0,,,,,
4226,2512-BRB,GODDESS INTENSE BURBERRY,BRB,,NOT_FOUND,,,0,,,,,
4223,2501-LOE,AGUA MIAMI LOEWE,LOE,,NOT_FOUND,,,0,,,,,
4222,2500-BRB,Baby Touch Burberry,BRB,,NOT_FOUND,,,0,,,,,
4221,2475-DIP,TEMPO DIP,DIP,,NOT_FOUND,,,0,,,,,
4220,2484-ETLR,THE AFTERNOON OF A FAUN by ETAT LIBRE D'ORANGE,ETLR,,NOT_FOUND,,,0,,,,,
4219,2495-ETLR,I AM TRASH - LES FLEURS DU DECHET by ETAT LIBRE D'ORANGE,ETLR,,NOT_FOUND,,,0,,,,,
4218,2496-SERG,LA RELIGIEUSE by SERGE LUTENS,SERG,,NOT_FOUND,,,0,,,,,
4217,2507-SERG,FIVE O CLOCK AU GINGEMBRE by SERGE LUTENS,SERG,,NOT_FOUND,,,0,,,,,
4216,2518-MATAH,ESCAPADE GOURMANDE MAISON MATAHA,MATAH,Maison Mataha,NOT_FOUND,,,0,,,,,
4214,2513-PAC,MILLION GOLD MAN,PAC,Rabanne,NOT_FOUND,,,0,,,,,
4213,2509-CRIVEL,OUD MARACUJA - CRIVELLI,CRIVEL,Maison Crivelli,NOT_FOUND,,,0,,,,,
4212,2491-LEL,BAIE 19 - LE LABO,LEL,Le Labo,NOT_FOUND,,,0,,,,,
4209,2499-VICT,FRESH SNOWFALL VICTORIA'S SECRET,VICT,,NOT_FOUND,,,0,,,,,
4208,2473-HER,BARENIA - HERMES,HER,Hermès,NOT_FOUND,,,0,,,,,
4207,2470-KAY,MAUI IN A BOTTLE SWEET BANANA - KAYALI,KAY,Kayali Fragrances,NOT_FOUND,,,0,,,,,
4206,2471-SOS,PASTICCIO - SOSPIRO,SOS,Sospiro Perfumes,NOT_FOUND,,,0,,,,,
4204,2469-ROJ,AMBER AOUD - ROJA DOVE,ROJ,Roja Dove,NOT_FOUND,,,0,,,,,
4203,2468-ESPAR,BOIS IMPERIAL - ESSENTIAL PARFUMS,ESPAR,,NOT_FOUND,,,0,,,,,
4202,2467-NISH,EGE / ΑΙΓΑΙΟ - Nishane,NISH,Nishane,NOT_FOUND,,,0,,,,,
4201,2462-YZLO,LIBRE FLOWERS & FLAMES,YZLO,Yves Saint Laurent,NOT_FOUND,,,0,,,,,
4198,2464-ZAD,THIS IS REALLY HIM - ZADIG & VOLTAIRE,ZAD,Zadig & Voltaire,NOT_FOUND,,,0,,,,,
4197,374-TMFO,,TMFO,Tom Ford,NOT_FOUND,,,0,,,,,
4191,2466-ELIZ,,ELIZ,Elizabeth Arden,NOT_FOUND,,,0,,,,,
4190,2459-MAN,SAHARIAN WIND - MANCERA,MAN,,NOT_FOUND,,,0,,,,,
4188,2461-BOD,BLACK MUSK NIGHT BLOOM - BODY SHOP,BOD,,NOT_FOUND,,,0,,,,,
4185,2454-KIL,CAN'T STOP LOVING YOU - KILIAN,KIL,By Kilian,NOT_FOUND,,,0,,,,,
4184,2453-INI,NARCOTIC DELIGHT - INITIO,INI,Initio Parfums Privés,NOT_FOUND,,,0,,,,,
4182,2452-JOM,Cypress & Grapevine Cologne Intense,JOM,Jo Malone London,NOT_FOUND,,,0,,,,,
4181,2450-PEN,ALULA,PEN,Penhaligon's,NOT_FOUND,,,0,,,,,
4180,2432-ROJ,DANGER MAN - ROJA DOVE,ROJ,Roja Dove,NOT_FOUND,,,0,,,,,
4179,2413-ARIA,THANK U NEXT - ARIANA GRANDE,ARIA,,NOT_FOUND,,,0,,,,,
4178,2444-ARIA,CLOUD PINK - ARIANA GRANDE,ARIA,,NOT_FOUND,,,0,,,,,
4177,2446-XER,Torino 23,XER,Xerjoff,NOT_FOUND,,,0,,,,,
4176,2447-MARC,GANYMEDE EXTRAIT - MARC ANTONIE BARROIS,MARC,,NOT_FOUND,,,0,,,,,
4172,2441-PANTRO,,PANTRO,,NOT_FOUND,,,0,,,,,
4171,2440-MARC,ENCELADE - MARC ANTONIE BARROIS,MARC,,NOT_FOUND,,,0,,,,,
4170,2431-ROJ,,ROJ,Roja Dove,NOT_FOUND,,,0,,,,,
4169,2439-ZEG,,ZEG,Ermenegildo Zegna,NOT_FOUND,,,0,,,,,
4166,2437-MELA,,MELA,,NOT_FOUND,,,0,,,,,
4164,2427-CLEA,,CLEA,,NOT_FOUND,,,0,,,,,
4162,2425-LEL,GAIAC 10 TOKYO - LE LABO,LEL,Le Labo,NOT_FOUND,,,0,,,,,
4161,2424-GUR,AQUA ALLEGORIA PERA GRANITA - GUERLAIN,GUR,Guerlain,NOT_FOUND,,,0,,,,,
4160,2419-BAT,PINK COCONUT CALYPSO - BATH BODY WORKS,BAT,,NOT_FOUND,,,0,,,,,
4159,2415-ESC,SEXY GRAFFITY - ESCADA,ESC,,NOT_FOUND,,,0,,,,,
4158,2416-HER,UN JARDIN APRES LA MOUSSON - HERMES,HER,Hermès,NOT_FOUND,,,0,,,,,
4157,2429-JUL,,JUL,Juliette Has A Gun,NOT_FOUND,,,0,,,,,
4156,2430-CELI,,CELI,Celine,NOT_FOUND,,,0,,,,,
4154,2417-ACQ,ARANCIA DI CAPRI,ACQ,Acqua di Parma,NOT_FOUND,,,0,,,,,
4153,2423-ACQ,GINEPRO DI SARDEGNA,ACQ,Acqua di Parma,NOT_FOUND,,,0,,,,,
4152,2418-ACQ,VANIGLIA SIGNATURE,ACQ,Acqua di Parma,NOT_FOUND,,,0,,,,,
4150,2436-PHL,,PHL,Phlur,NOT_FOUND,,,0,,,,,
4149,2412-LAT,YARA - LATTAFA,LAT,Lattafa Perfumes,NOT_FOUND,,,0,,,,,
4148,2372-GUR,AQUA ALLEGORIA FLORABLOOM - GUERLAIN,GUR,Guerlain,NOT_FOUND,,,0,,,,,
4147,2411-JAME,,JAME,,NOT_FOUND,,,0,,,,,
4141,2408-JOM,Ginger Biscuit Jo Malone,JOM,Jo Malone London,NOT_FOUND,,,0,,,,,
4139,2400-MORH,,MORH,,NOT_FOUND,,,0,,,,,
4138,2399-MORH,,MORH,,NOT_FOUND,,,0,,,,,
4137,2402-AKR,,AKR,Akro,NOT_FOUND,,,0,,,,,
4136,2398-FRE,the notes of Acne Studios,FRE,,NOT_FOUND,,,0,,,,,
4135,2404-FRANB,ANGEL'S DUST - FRANCESCA BIANCHI,FRANB,,NOT_FOUND,,,0,,,,,
4132,2405-JOM,Yuzu Zest Cologne - Jo Malone,JOM,Jo Malone London,NOT_FOUND,,,0,,,,,
4130,2403-MNT,BUBBLE FOREVER - MONTALE,MNT,,NOT_FOUND,,,0,,,,,
4129,2406-KIL,SUNKISSED GODDESS - KILIAN,KIL,By Kilian,NOT_FOUND,,,0,,,,,
4127,2394-MOS,TOY 2 PEARL - MOSCHINO,MOS,,NOT_FOUND,,,0,,,,,
4126,2401-KAY,VANILLA CANDY ROCK SUGAR | 44 - KAYALI,KAY,Kayali Fragrances,NOT_FOUND,,,0,,,,,
4125,2393-KAY,EDEN SPARKLING LYCHEE | 39 KAYALI,KAY,Kayali Fragrances,NOT_FOUND,,,0,,,,,
4123,2388-PARF,PERSEUS - PARFUMS DE MARLY,PARF,Parfums de Marly,NOT_FOUND,,,0,,,,,
4121,2387-EXN,Blue Talisman Ex Nihilo,EXN,Ex Nihilo,NOT_FOUND,,,0,,,,,
4120,2392-ANFAS,SALAM - ANFAS,ANFAS,,NOT_FOUND,,,0,,,,,
4119,2390-ANFAS,ISHQ - ANFAS,ANFAS,,NOT_FOUND,,,0,,,,,
4117,2288-BAT,BLACK RASBERRY VANILLA - BATH BODY WORKS,BAT,,NOT_FOUND,,,0,,,,,
4116,2385-SOL,CHEIROSA 59 BRAZILIAN CRUSH - SOL DE JANEIRO,SOL,Sol de Janeiro,NOT_FOUND,,,0,,,,,
4115,2386-SOL,CHEIROSA 68 BRAZILIAN CRUSH - SOL DE JANEIRO,SOL,Sol de Janeiro,NOT_FOUND,,,0,,,,,
4114,2383-ROCCO,ROCCOBAROCCO - ROCCOBAROCCO,ROCCO,,NOT_FOUND,,,0,,,,,
4113,2384-MAN,FRENCH RIVIERA - MANCERA,MAN,,NOT_FOUND,,,0,,,,,
4112,2379-CAR,GOOD GIRL BLUSH ELIXIR,CAR,,NOT_FOUND,,,0,,,,,
4111,2377-VICT,VANILLA LACE - VICTORIA'S SECRET,VICT,,NOT_FOUND,,,0,,,,,
4109,2378-GOLD,,GOLD,,NOT_FOUND,,,0,,,,,
4108,2374-MICA,GN TONIC - MICALLEF,MICA,,NOT_FOUND,,,0,,,,,
4107,2340-BON,NEW YORK OUD - BOND,BON,,NOT_FOUND,,,0,,,,,
4105,2334-ROJ,,ROJ,Roja Dove,NOT_FOUND,,,0,,,,,
4103,2336-THAM,CARVED OUD - THAMEEN,THAM,,NOT_FOUND,,,0,,,,,
4101,2367-DIP,OYEDO EDT,DIP,,NOT_FOUND,,,0,,,,,
4097,2371-MATIE,,MATIE,Matiere Premiere,NOT_FOUND,,,0,,,,,
4096,2366-DIP,TAM DAO EDT,DIP,,NOT_FOUND,,,0,,,,,
4094,2339-KIL,GOOD GIRL GONE BAD EAU FRAICHE - KILIAN,KIL,By Kilian,NOT_FOUND,,,0,,,,,
4093,2368-ESC,NECTAR DE COSTA RICA - ESCADA,ESC,,NOT_FOUND,,,0,,,,,
4091,2369-MAN,AMORE CAFFE - MANCERA,MAN,,NOT_FOUND,,,0,,,,,
4090,1481-EON,,EON,,NOT_FOUND,,,0,,,,,
4088,2062-PAC,ONE MILLION ROYAL,PAC,Rabanne,NOT_FOUND,,,0,,,,,
4086,2361-ARM,the notes of STRONGER WITH YOU AMBER,ARM,Giorgio Armani,NOT_FOUND,,,0,,,,,
4083,2355-LEL,PATCHOULI 24 - LE LABO,LEL,Le Labo,NOT_FOUND,,,0,,,,,
4081,2360-ARM,CODE ABSOLU FEMME,ARM,Giorgio Armani,NOT_FOUND,,,0,,,,,
4080,2324-KIL,MUSK OUD - KILIAN,KIL,By Kilian,NOT_FOUND,,,0,,,,,
4038,2357-CRD,Absolu Aven,CRD,Creed,NOT_FOUND,,,0,,,,,
4037,2358-KAY,THE WEDDING VELVET SANTAL 35 - KAYALI,KAY,Kayali Fragrances,NOT_FOUND,,,0,,,,,
4036,2344-LEL,MOUSSE DE CHENE 30 - LE LABO,LEL,Le Labo,NOT_FOUND,,,0,,,,,
4024,2315-RAM,,RAM,,NOT_FOUND,,,0,,,,,
4023,2316-ATKI,HER MAJESTY THE OUD - ATKINSONS,ATKI,,NOT_FOUND,,,0,,,,,
4022,2317-TER,ORION - TIZIANA TERENZI,TER,,NOT_FOUND,,,0,,,,,
4021,2318-NAS,,NAS,,NOT_FOUND,,,0,,,,,
4016,2352-MOS,TOY BOY - MOSCHINO,MOS,,NOT_FOUND,,,0,,,,,
4015,2319-LTN,the fragrance notes,LTN,,NOT_FOUND,,,0,,,,,
4014,2332-LTN,the fragrance notes,LTN,,NOT_FOUND,,,0,,,,,
4013,2320-LTN,the fragrance notes,LTN,,NOT_FOUND,,,0,,,,,
4012,2321-PARF,NISEAN - PARFUMS DE MARLY,PARF,Parfums de Marly,NOT_FOUND,,,0,,,,,
4011,2322-MNT,GOLDEN SAND - MONTALE,MNT,,NOT_FOUND,,,0,,,,,
4010,2323-MICA,VANILLE FLEUR - MICALLEF,MICA,,NOT_FOUND,,,0,,,,,
3988,2350-LOU,Loubiraj is a Leather fragrance for women,LOU,,NOT_FOUND,,,0,,,,,
3985,2272-TAU,Au Coeur du Desert Tauer Perfumes,TAU,,NOT_FOUND,,,0,,,,,
3969,2337-LEL,TABAC 28 MIAMI- LE LABO,LEL,Le Labo,NOT_FOUND,,,0,,,,,
3967,2330-JUL,LADY VENGEANCE - JULIETTE HAS A GUN,JUL,Juliette Has A Gun,NOT_FOUND,,,0,,,,,
3966,2346-TMFO,VANILLA SEX,TMFO,Tom Ford,NOT_FOUND,,,0,,,,,
3965,2327-SWISA,,SWISA,Swiss Arabian,NOT_FOUND,,,0,,,,,
3962,2311-YVRO,PLAIN SOLEIL - YVES ROCHER,YVRO,,NOT_FOUND,,,0,,,,,
3961,2345-DIP,Eau Rihla EDP,DIP,,NOT_FOUND,,,0,,,,,
3960,2303-EXN,FRENCH AFFAIR - EX NIHILO,EXN,Ex Nihilo,NOT_FOUND,,,0,,,,,
3957,2314-CAR,UNDER THE SEA WOMAN,CAR,,NOT_FOUND,,,0,,,,,
3956,2310-CAR,UNDER THE SEA MAN,CAR,,NOT_FOUND,,,0,,,,,
3955,2306-MASQ,,MASQ,,NOT_FOUND,,,0,,,,,
3952,2302-CARO,YATAGAN - CARON,CARO,Caron,NOT_FOUND,,,0,,,,,
3951,2305-ATKI,HIS MAJESTY THE OUD - ATKINSONS,ATKI,,NOT_FOUND,,,0,,,,,
3950,2309-ATKI,OUD SAVE THE QUEEN - ATKINSONS,ATKI,,NOT_FOUND,,,0,,,,,
3949,2307-AQU,GOLD SUGAR - AQUOLINA,AQU,,NOT_FOUND,,,0,,,,,
3942,2296-KAY,OUDGASM CAFÉ OUD 19 -KAYALI,KAY,Kayali Fragrances,NOT_FOUND,,,0,,,,,
3941,2300-MNT,INFINITY - MONTALE,MNT,,NOT_FOUND,,,0,,,,,
3940,2299-LEL,VANILLE 44 PARIS - LE LABO,LEL,Le Labo,NOT_FOUND,,,0,,,,,
3938,2298-ELEC,,ELEC,,NOT_FOUND,,,0,,,,,
3937,2295-FLOR,ONE UMBRELLA FOR TWO - FLORAIKU,FLOR,,NOT_FOUND,,,0,,,,,
3936,2285-BOT,ILLUSIONE FOR HER - BOTTEGA VENETA,BOT,Bottega Veneta,NOT_FOUND,,,0,,,,,
3934,2273-TER,ANDROMEDA - TIZIANA TERENZI,TER,,NOT_FOUND,,,0,,,,,
3933,2276-ATKI,OUD SAVE THE KING - ATKINSONS,ATKI,,NOT_FOUND,,,0,,,,,
3932,2287-VAL,DONNA BORN IN ROMA INTENSE - VALENTINO,VAL,Valentino,NOT_FOUND,,,0,,,,,
3929,2271-ROJ,,ROJ,Roja Dove,NOT_FOUND,,,0,,,,,
3928,2278-BLG,AU THE BLANC - BVLGARI,BLG,,NOT_FOUND,,,0,,,,,
3924,2275-ROJ,,ROJ,Roja Dove,NOT_FOUND,,,0,,,,,
3922,2286-YZLO,the fragrance LAVALLIERE,YZLO,Yves Saint Laurent,NOT_FOUND,,,0,,,,,
3921,1532-ROJ,,ROJ,Roja Dove,NOT_FOUND,,,0,,,,,
3920,2270-ORMO,,ORMO,,NOT_FOUND,,,0,,,,,
3919,2269-ARB,ARABIAN KNIGHT - ARABIAN OUD,ARB,,NOT_FOUND,,,0,,,,,
3917,2284-HIS,,HIS,,NOT_FOUND,,,0,,,,,
3915,,IVIERA,,,NOT_FOUND,,,0,,,,,
3914,2281-GUR,TOBACCO HONEY - GUERLAIN,GUR,Guerlain,NOT_FOUND,,,0,,,,,
3913,2279-LEL,MYRRHE 55 - LE LABO,LEL,Le Labo,NOT_FOUND,,,0,,,,,
3909,2260-BON,GREENWICH VILLAGE - BOND,BON,,NOT_FOUND,,,0,,,,,
3907,2267-KAY,MUSK 12 - KAYALI,KAY,Kayali Fragrances,NOT_FOUND,,,0,,,,,
3906,2264-KAY,OUDGASM TOBACCO 04 - KAYALI,KAY,Kayali Fragrances,NOT_FOUND,,,0,,,,,
3905,2266-KAY,INVITE ONLY AMBER 23 - KAYALI,KAY,Kayali Fragrances,NOT_FOUND,,,0,,,,,
3904,2265-KAY,OUDGASM ROSE OUD 16 - KAYALI,KAY,Kayali Fragrances,NOT_FOUND,,,0,,,,,
3902,1866-GUC,Guilty Intense,GUC,Gucci,NOT_FOUND,,,0,,,,,
3901,2262-MEM,MARFA - MEMO PARIS,MEM,,NOT_FOUND,,,0,,,,,
3894,2263-NAS,,NAS,,NOT_FOUND,,,0,,,,,
3891,2259-GIV,GENTLEMAN RESERVE EAU DE PARFUM PRIVE,GIV,Givenchy,NOT_FOUND,,,0,,,,,
3890,2261-PARF,ALTHAIR - PARFUMS DE MARLY,PARF,Parfums de Marly,NOT_FOUND,,,0,,,,,
3857,2003-KIL,LOVE DON'T BE SHY EXTREME - KILIAN,KIL,By Kilian,NOT_FOUND,,,0,,,,,
3841,2250-ARBAS,IN RED - ARMAND BASI,ARBAS,,NOT_FOUND,,,0,,,,,
3840,2251-JOVP,,JOVP,,NOT_FOUND,,,0,,,,,
3838,2247-LTN,the fragrance notes,LTN,,NOT_FOUND,,,0,,,,,
3833,2242-THESPD,TURATH - THE SPIRIT OF DUBAI,THESPD,,NOT_FOUND,,,0,,,,,
3832,2252-KIL,SMOKING HOT - KILIAN,KIL,By Kilian,NOT_FOUND,,,0,,,,,
3831,2253-ALEX,IMPERIAL PEACOCK - ALEXANDRE J,ALEX,,NOT_FOUND,,,0,,,,,
3829,2236-NISH,KREDO - NISHANE,NISH,Nishane,NOT_FOUND,,,0,,,,,
3828,2235-PRA,PARADOXE INTENSE - PRADA,PRA,Prada,NOT_FOUND,,,0,,,,,
3827,2234-MON,,MON,,NOT_FOUND,,,0,,,,,
3825,2240-PAC,ONE MILLION ELIXIR,PAC,Rabanne,NOT_FOUND,,,0,,,,,
3824,2229-ESCE,MOLECULE 01 + PATCHOULI - ESCENTRIC MOLECULES,ESCE,,NOT_FOUND,,,0,,,,,
3823,2228-ESCE,MOLECULE 01 + IRIS - ESCENTRIC MOLECULES,ESCE,,NOT_FOUND,,,0,,,,,
3821,2226-BON,THE SCENT OF PEACE FOR HIM - BOND,BON,,NOT_FOUND,,,0,,,,,
3820,2225-BON,LAFAYETTE STREET - BOND,BON,,NOT_FOUND,,,0,,,,,
3819,2218-ARM,BLEU TURQUOISE,ARM,Giorgio Armani,NOT_FOUND,,,0,,,,,
3818,2224-ARM,DIAMONDS WOMAN,ARM,Giorgio Armani,NOT_FOUND,,,0,,,,,
3815,2217-NRO,ALL OF ME - RODRIG,NRO,Narciso Rodriguez,NOT_FOUND,,,0,,,,,
3811,2231-NISH,SULTAN VETIVER - NISHANE,NISH,Nishane,NOT_FOUND,,,0,,,,,
3808,2169-ROJ,,ROJ,Roja Dove,NOT_FOUND,,,0,,,,,
3805,2230-VAR,,VAR,,NOT_FOUND,,,0,,,,,
3804,,,,,NOT_FOUND,,,0,,,,,
3803,2219-AJMA,,AJMA,Ajmal,NOT_FOUND,,,0,,,,,
3799,2163-SNI,,SNI,,NOT_FOUND,,,0,,,,,
3798,2202-ROJ,,ROJ,Roja Dove,NOT_FOUND,,,0,,,,,
3797,2209-MATIE,,MATIE,Matiere Premiere,NOT_FOUND,,,0,,,,,
3794,2211-YZLO,MYSLF,YZLO,Yves Saint Laurent,NOT_FOUND,,,0,,,,,
3793,2210-JOM,Orange Bitters Cologne (2023) - Jo Malone,JOM,Jo Malone London,NOT_FOUND,,,0,,,,,
3792,2161-GUR,AQUA ALLEGORIA MANDARINE BASILIC - Guerlain,GUR,Guerlain,NOT_FOUND,,,0,,,,,
3791,2206-GIA,,GIA,,NOT_FOUND,,,0,,,,,
3790,2201-LTN,the fragrance notes,LTN,,NOT_FOUND,,,0,,,,,
3788,2164-LAT,"KHAMRAH - LATTAFA Inspired Perfume  Fragrance sweet, warm spicy, amber, vanilla, cinnamon, woody, fresh spicy",LAT,Lattafa Perfumes,NOT_FOUND,,,0,,,,,
3787,2204-TMFO,the notes SOLEIL DE FEU,TMFO,Tom Ford,NOT_FOUND,,,0,,,,,
3784,2160-ZAR,,ZAR,,NOT_FOUND,,,0,,,,,
3732,2194-ORT,,ORT,Orto Parisi,NOT_FOUND,,,0,,,,,
3731,2197-MNT,SOLEIL DE CAPRI - MONTALE,MNT,,NOT_FOUND,,,0,,,,,
3730,2198-MNT,WOOD ON FIRE - MONTALE Inspired Perfume,MNT,,NOT_FOUND,,,0,,,,,
3728,2193-LTN,the fragrance notes,LTN,,NOT_FOUND,,,0,,,,,
3727,2192-LTN,the fragrance notes,LTN,,NOT_FOUND,,,0,,,,,
3726,2195-LEL,FLEUR D'ORANGER 27 - LE LABO,LEL,Le Labo,NOT_FOUND,,,0,,,,,
3717,2199-LAT,KHALIS MUSK (PURE MUSK) - LATTAFA,LAT,Lattafa Perfumes,NOT_FOUND,,,0,,,,,
3686,2190-ROJ,,ROJ,Roja Dove,NOT_FOUND,,,0,,,,,
3685,2186-PARF,GODOLPHIN - PARFUMS DE MARLY,PARF,Parfums de Marly,NOT_FOUND,,,0,,,,,
3684,2184-KIL,INCENSE OUD - KILIAN,KIL,By Kilian,NOT_FOUND,,,0,,,,,
3683,2187-INI,REHAB - INITIO,INI,Initio Parfums Privés,NOT_FOUND,,,0,,,,,
3682,2188-INI,HIGH FREQUENCY - INITIO,INI,Initio Parfums Privés,NOT_FOUND,,,0,,,,,
3676,2180-VAL,"VOCE VIVA INTENSEPerfume white floral, citrus, vanilla, mossy, sweet, earthy, powdery",VAL,Valentino,NOT_FOUND,,,0,,,,,
3674,2182-JOM,Honeysuckle & Davana - Jo Malone,JOM,Jo Malone London,NOT_FOUND,,,0,,,,,
3673,2183-MIY,Miu Miu Fleur de Lait,MIY,,NOT_FOUND,,,0,,,,,
3672,2178-MON,,MON,,NOT_FOUND,,,0,,,,,
3670,2177-SERG,UN BOIS VANILLE - SERGE LUTENS,SERG,,NOT_FOUND,,,0,,,,,
3661,2165-KAY,VANILLA ROYALE SUGARED PATCHOULI - KAYALI,KAY,Kayali Fragrances,NOT_FOUND,,,0,,,,,
3660,887-RCAV,ACQUA - ROBERTO CAVALLI,RCAV,,NOT_FOUND,,,0,,,,,
3645,,,,,NOT_FOUND,,,0,,,,,
3641,,,,,NOT_FOUND,,,0,,,,,
3638,2174-ZIE,VANILLA BLEND,ZIE,,NOT_FOUND,,,0,,,,,
3635,1771-EMAN,DESNUDA - UNGARO EMANUEL,EMAN,,NOT_FOUND,,,0,,,,,
3632,2175-ESCE,MOLECULE 01 + MANDARIN - ESCENTRIC MOLECULES,ESCE,,NOT_FOUND,,,0,,,,,
3630,2171-XER,,XER,Xerjoff,NOT_FOUND,,,0,,,,,
3628,2097-ACQ,Blue Mediterraneo,ACQ,Acqua di Parma,NOT_FOUND,,,0,,,,,
3627,412-BOD,WHITE MUSK L'EAU - BODY SHOP,BOD,,NOT_FOUND,,,0,,,,,
3623,2157-BLG,MA MAGNIFICΑ,BLG,,NOT_FOUND,,,0,,,,,
3622,2154-KAY,UTOPIA VANILLA COCO 21 - KAYALI,KAY,Kayali Fragrances,NOT_FOUND,,,0,,,,,
3621,2153-KAY,DEJA VU WHITE FLOWER 57 - KAYALI,KAY,Kayali Fragrances,NOT_FOUND,,,0,,,,,
3618,2155-KAY,YUM PISTACHIO GELATO - KAYALI,KAY,Kayali Fragrances,NOT_FOUND,,,0,,,,,
3617,2156-NRO,FOR HER FOREVER - RODRIGUEZ,NRO,Narciso Rodriguez,NOT_FOUND,,,0,,,,,
3616,2158-MNT,RENDEZ VOUS A PARIS - MONTALE,MNT,,NOT_FOUND,,,0,,,,,
3603,2060-BAT,WHISKEY RESERVE - BATH & BODY WORKS,BAT,,NOT_FOUND,,,0,,,,,
3601,2063-MNT,HERBAL AQUATICA - MONTALE,MNT,,NOT_FOUND,,,0,,,,,
3600,2059-NARC,,NARC,,NOT_FOUND,,,0,,,,,
3596,2148-BAT,PURE WONDER - BATH & BODY WORKS,BAT,,NOT_FOUND,,,0,,,,,
3595,2149-ESC,SANTORINI SUNRISE - ESCADA,ESC,,NOT_FOUND,,,0,,,,,
3593,2150-LEL,THE MATCHA 26 - LE LABO,LEL,Le Labo,NOT_FOUND,,,0,,,,,
3590,2057-ESCE,MOLECULE 01 + BLACK TEA - ESCENTRIC,ESCE,,NOT_FOUND,,,0,,,,,
3588,2141-LTN,the fragrance notes,LTN,,NOT_FOUND,,,0,,,,,
3574,2142-PARF,PEGASUS EXCLUSIVE - PARFUMS DE MARLY,PARF,Parfums de Marly,NOT_FOUND,,,0,,,,,
3570,2137-ROJ,,ROJ,Roja Dove,NOT_FOUND,,,0,,,,,
3568,2134-MEM,OCEAN LEATHER - MEMO PARIS,MEM,,NOT_FOUND,,,0,,,,,
3567,,,,,NOT_FOUND,,,0,,,,,
3564,2130-AMG,REFLECTION MAN - AMOUAGE,AMG,Amouage,NOT_FOUND,,,0,,,,,
3563,2136-PARF,,PARF,Parfums de Marly,NOT_FOUND,,,0,,,,,
3538,2128-BEN,,BEN,,NOT_FOUND,,,0,,,,,
3534,2056-ARIA,MOD BLUSH - ARIANA GRANDE,ARIA,,NOT_FOUND,,,0,,,,,
3533,2055-BAT,DREAM BRIGHT - BATH & BODY WORKS,BAT,,NOT_FOUND,,,0,,,,,
3531,2048-KIL,MADLY IN LOVE - KILIAN,KIL,By Kilian,NOT_FOUND,,,0,,,,,
3530,2046-VICT,VERY SEXY OASIS - VICTORIA'S SECRET,VICT,,NOT_FOUND,,,0,,,,,
3529,2045-HER,EAU D'ORANGE VERTE - HERMES,HER,Hermès,NOT_FOUND,,,0,,,,,
3528,2053-BDIK,GRIS CHARNEL EXTRAIT - BDK,BDIK,,NOT_FOUND,,,0,,,,,
3525,2037-VICT,COCONUT MILK & ROSE - V,VICT,,NOT_FOUND,,,0,,,,,
3521,2115-EST,OASIS DAWN - ESTEE LAUDER,EST,,NOT_FOUND,,,0,,,,,
3520,2118-GUC,Bloom Intense,GUC,Gucci,NOT_FOUND,,,0,,,,,
3516,2122-GUR,ROSA ROSSA HARVEST - GUERLAIN,GUR,Guerlain,NOT_FOUND,,,0,,,,,
3515,2114-HER,UN JARDIN A CYTHERE - HERMES,HER,Hermès,NOT_FOUND,,,0,,,,,
3514,2123-KIL,BLUE MOON GINGER DASH - KILIAN,KIL,By Kilian,NOT_FOUND,,,0,,,,,
3512,2129-SOL,BRAZILIAN CRUSH CHEIROSA 62 - SOL DE JANEIRO,SOL,Sol de Janeiro,NOT_FOUND,,,0,,,,,
3510,2112-GUC,Rush Man,GUC,Gucci,NOT_FOUND,,,0,,,,,
3509,2090-MNT,CRAZY IN LOVE - MONTALE,MNT,,NOT_FOUND,,,0,,,,,
3508,2092-MAN,HINDU KUSH - MANCERA,MAN,,NOT_FOUND,,,0,,,,,
3505,2036-GIS,,GIS,,NOT_FOUND,,,0,,,,,
3503,2034-MAN,MELODY OF THE SUN - MANCERA,MAN,,NOT_FOUND,,,0,,,,,
3502,2035-HER,EAU DE BASILIC POURPRE - HERMES,HER,Hermès,NOT_FOUND,,,0,,,,,
3497,2093-MNTB,LADY EMBLEM - MONTBLANC,MNTB,,NOT_FOUND,,,0,,,,,
3496,2108-BDIK,CREME DE CUIR - BDK,BDIK,,NOT_FOUND,,,0,,,,,
3495,2103-EXN,VETIVER MOLOKO - EX NIHILO,EXN,Ex Nihilo,NOT_FOUND,,,0,,,,,
3494,2094-SHIS,,SHIS,,NOT_FOUND,,,0,,,,,
3493,2098-MIC,TWILIGHT SHIMMER - MICHAEL KORS,MIC,,NOT_FOUND,,,0,,,,,
3490,2109-LTN,the fragrance notes,LTN,,NOT_FOUND,,,0,,,,,
3489,2096-KEN,PARFUM D'ETE - KENZO,KEN,,NOT_FOUND,,,0,,,,,
3488,2095-VICT,STRAWBERRIES & CHAMPAGNE - VICTORIA'S SECRET,VICT,,NOT_FOUND,,,0,,,,,
3487,2102-MOS,FRESH COUTURE - MOSCHINO,MOS,,NOT_FOUND,,,0,,,,,
3486,2104-CHA,1957,CHA,Chanel,NOT_FOUND,,,0,,,,,
3485,,,,,NOT_FOUND,,,0,,,,,
3484,2107-GUR,TONKA IMPERIALE - GUERLAIN,GUR,Guerlain,NOT_FOUND,,,0,,,,,
3483,2105-MNT,OUD PASHMINA - MONTALE,MNT,,NOT_FOUND,,,0,,,,,
3482,1983-ATTAR,THE QUEEN OF SHEBA - ATTAR,ATTAR,,NOT_FOUND,,,0,,,,,
3481,2086-VICT,BARE - VICTORIA'S SECRET,VICT,,NOT_FOUND,,,0,,,,,
3478,2051-PRFRO,ACQUA DI SALE - PROFUMUM ROMA,PRFRO,Profumum Roma,NOT_FOUND,,,0,,,,,
3477,2050-NISH,TEMPFLUO - NISHANE,NISH,Nishane,NOT_FOUND,,,0,,,,,
3476,2049-NISH,PAPILEFIKO - NISHANE,NISH,Nishane,NOT_FOUND,,,0,,,,,
3475,2047-KIL,L'HEURE VERTE - KILIAN,KIL,By Kilian,NOT_FOUND,,,0,,,,,
3474,2043-VER,DYLAN PURPLE,VER,Versace,NOT_FOUND,,,0,,,,,
3473,2039-KAY,LOVEFEST BURNING CHERRY - KAYALI,KAY,Kayali Fragrances,NOT_FOUND,,,0,,,,,
3471,2067-ROJ,,ROJ,Roja Dove,NOT_FOUND,,,0,,,,,
3470,2074-MAN,INSTANT CRUSH - MANCERA,MAN,,NOT_FOUND,,,0,,,,,
3469,2073-LTN,the fragrance notes,LTN,,NOT_FOUND,,,0,,,,,
3468,2066-LEL,LIMETTE 37 - LE LABO,LEL,Le Labo,NOT_FOUND,,,0,,,,,
3467,2072-KIL,APPLE BRANDY ON THE ROCKS - KILIAN,KIL,By Kilian,NOT_FOUND,,,0,,,,,
3462,2065-FRA,,FRA,Franck Boclet,NOT_FOUND,,,0,,,,,
3460,2044-LORV,,LORV,,NOT_FOUND,,,0,,,,,
3455,2085-CLIV,X NEROLI LIMITED EDITION - CLIVE CHRISTIAN,CLIV,Clive Christian,NOT_FOUND,,,0,,,,,
3454,2069-NISH,KARAGOZ - NISHANE,NISH,Nishane,NOT_FOUND,,,0,,,,,
3453,2028-ZARK,YOUTH - ZARKOPERFUME,ZARK,,NOT_FOUND,,,0,,,,,
3451,2022-ANN,,ANN,,NOT_FOUND,,,0,,,,,
3450,2027-VICT,TEASE SUGAR FLEUR - VICTORIA'S SECRET,VICT,,NOT_FOUND,,,0,,,,,
3449,2026-HER,EAU DE CITRON NOIR - HERMES,HER,Hermès,NOT_FOUND,,,0,,,,,
3444,2025-TER,DRACO - TIZIANA TERENZI,TER,,NOT_FOUND,,,0,,,,,
3441,2020-VICT,VELVET PETALS SUNKISSED - VICTORIA'S SECRET,VICT,,NOT_FOUND,,,0,,,,,
3440,2021-ROJ,,ROJ,Roja Dove,NOT_FOUND,,,0,,,,,
3376,1984-ATTAR,MUSK KASHMIR - ATTAR,ATTAR,,NOT_FOUND,,,0,,,,,
3375,2014-AZZ,MOST WANTED,AZZ,Azzaro,NOT_FOUND,,,0,,,,,
3374,2016-PARELM,,PARELM,,NOT_FOUND,,,0,,,,,
3372,1926-KOS,,KOS,,NOT_FOUND,,,0,,,,,
3371,1990-MNT,MUKHALAT - MONTALE,MNT,,NOT_FOUND,,,0,,,,,
3370,1989-VERT,NARCOS'IS,VERT,,NOT_FOUND,,,0,,,,,
3369,1988-THEVE,,THEVE,,NOT_FOUND,,,0,,,,,
3368,1987-SON,,SON,,NOT_FOUND,,,0,,,,,
3367,1986-SOO,,SOO,,NOT_FOUND,,,0,,,,,
3366,1985-WID,GOLD II SAHARA - WIDIAN,WID,,NOT_FOUND,,,0,,,,,
3364,1958-DRC,,DRC,Dior,NOT_FOUND,,,0,,,,,
3363,1982-ALEX,ZAFEER OUD VANILLE - ALEXANDRE J,ALEX,,NOT_FOUND,,,0,,,,,
3362,1981-KHAL,,KHAL,,NOT_FOUND,,,0,,,,,
3361,1980-HIND,EMARATI MUSK PARFUM - HIND AL OUD,HIND,,NOT_FOUND,,,0,,,,,
3360,1979-RAS,,RAS,,NOT_FOUND,,,0,,,,,
3359,1978-ARM,STRONGER WITH YOU INTENSENLY,ARM,Giorgio Armani,NOT_FOUND,,,0,,,,,
3358,1977-SHIS,,SHIS,,NOT_FOUND,,,0,,,,,
3357,1975-ZARK,PINK MOLECULE 090,ZARK,,NOT_FOUND,,,0,,,,,
3355,1973-ETLR,ARCHIVES 69 - ETAT LIBRE D'ORANGE,ETLR,,NOT_FOUND,,,0,,,,,
3354,2015-MAN,TONKA COLA - MANCERA,MAN,,NOT_FOUND,,,0,,,,,
3353,1972-KAY,EDEN JUICY APPLE 01 EDP - KAYALI,KAY,Kayali Fragrances,NOT_FOUND,,,0,,,,,
3337,251-JOM,,JOM,Jo Malone London,NOT_FOUND,,,0,,,,,
3315,401-ARIA,,ARIA,,NOT_FOUND,,,0,,,,,
3312,1156-HER,,HER,Hermès,NOT_FOUND,,,0,,,,,
3301,1930-VIC,,VIC,,NOT_FOUND,,,0,,,,,
3295,111-BAC,,BAC,,NOT_FOUND,,,0,,,,,
3281,1065-CHA,,CHA,Chanel,NOT_FOUND,,,0,,,,,
3241,2012-DOL,Q QUEEN,DOL,Dolce&Gabbana,NOT_FOUND,,,0,,,,,
3233,2011-LTN,the fragrance notes,LTN,,NOT_FOUND,,,0,,,,,
3217,2008-EXN,FLEUR NARCOTIQUE EXTRAIT DE PARFUM - EX NIHILO,EXN,Ex Nihilo,NOT_FOUND,,,0,,,,,
3215,2017-DIE,D - DIESEL,DIE,,NOT_FOUND,,,0,,,,,
3214,2018-ARM,the notes CODE PARFUM,ARM,Giorgio Armani,NOT_FOUND,,,0,,,,,
3207,2009-MNT,HONEY AOUD - MONTALE,MNT,,NOT_FOUND,,,0,,,,,
3199,2007-SWISA,,SWISA,Swiss Arabian,NOT_FOUND,,,0,,,,,
3192,2006-NISH,HACIVAT - NISHANE,NISH,Nishane,NOT_FOUND,,,0,,,,,
3175,1167-HUG,HUGO - HUGO BOSS,HUG,,NOT_FOUND,,,0,,,,,
3120,2005-EXN,SANTAL CALLING - EX NIHILO,EXN,Ex Nihilo,NOT_FOUND,,,0,,,,,
3119,1997-LTN,the fragrance notes,LTN,,NOT_FOUND,,,0,,,,,
3118,1996-LTN,the fragrance notes,LTN,,NOT_FOUND,,,0,,,,,
3117,1998-LTN,Citrus fragrance for women and men,LTN,,NOT_FOUND,,,0,,,,,
3116,1929-BLG,Le Gemme Tygar Eau de Parfum,BLG,,NOT_FOUND,,,0,,,,,
3114,1999-MAN,AOUD LEMON MINT - MANCERA,MAN,,NOT_FOUND,,,0,,,,,
3111,1994-ROJ,,ROJ,Roja Dove,NOT_FOUND,,,0,,,,,
3107,1941-ARIA,CLOUD INTENSE - ARIANA GRANDE,ARIA,,NOT_FOUND,,,0,,,,,
3106,1991-CHL,NOMADE NATURELLE EDP - CHLOE,CHL,Chloé,NOT_FOUND,,,0,,,,,
2985,1965-BYRP,THE CHRONIC - BYRON PARFUMS,BYRP,Byron Parfums,NOT_FOUND,,,0,,,,,
2984,1921-VIV,BOUDOIR - VIVIENNE WESTWOOD,VIV,,NOT_FOUND,,,0,,,,,
2983,1964-ARB,MADAWI - ARABIAN OUD,ARB,,NOT_FOUND,,,0,,,,,
2976,1969-DOL,LIGHT BLUE ITALIAN LOVE POUR HOMME,DOL,Dolce&Gabbana,NOT_FOUND,,,0,,,,,
2975,1968-DOL,LIGHT BLUE ITALIAN LOVE W,DOL,Dolce&Gabbana,NOT_FOUND,,,0,,,,,
2974,1937-BIL,Eilish Billie Eilish,BIL,,NOT_FOUND,,,0,,,,,
2973,1954-CARN,PALO SANTO - CARNER BARCELONA,CARN,,NOT_FOUND,,,0,,,,,
2971,1956-JOM,Scarlet Poppy Intense Jo Malone,JOM,Jo Malone London,NOT_FOUND,,,0,,,,,
2967,1935-PARF,HALTANE - PARFUMS DE MARLY,PARF,Parfums de Marly,NOT_FOUND,,,0,,,,,
2965,1938-YZLO,BABY CAT,YZLO,Yves Saint Laurent,NOT_FOUND,,,0,,,,,
2964,1940-FRE,the notes of SYNTHETIC JUNGLE,FRE,,NOT_FOUND,,,0,,,,,
2944,1951-LAT,RAGHBA - LATTAFA,LAT,Lattafa Perfumes,NOT_FOUND,,,0,,,,,
2943,1870-ARDAL,,ARDAL,,NOT_FOUND,,,0,,,,,
2942,,,,,NOT_FOUND,,,0,,,,,
2941,,AL AMAKEN - SWISS ARABIAN,,,NOT_FOUND,,,0,,,,,
2940,1922-ORT,,ORT,Orto Parisi,NOT_FOUND,,,0,,,,,
2939,1946-MARC,GANYMEDE - MARC ANTOINE BARROIS,MARC,,NOT_FOUND,,,0,,,,,
2938,1945-XER,RENAISSANCE XJ 1861,XER,Xerjoff,NOT_FOUND,,,0,,,,,
2936,1928-ROJ,OLIGARCH - ROJA DOVE,ROJ,Roja Dove,NOT_FOUND,,,0,,,,,
2935,1924-PARF,SEDLEY - PARFUMS DE MARLY,PARF,Parfums de Marly,NOT_FOUND,,,0,,,,,
2934,1923-NISH,AMBRA CALABRIA - NISHANE,NISH,Nishane,NOT_FOUND,,,0,,,,,
2933,1927-AMG,,AMG,Amouage,NOT_FOUND,,,0,,,,,
2911,,,,,NOT_FOUND,,,0,,,,,
2885,1911-KIL,SINGLE MALT - KILIAN,KIL,By Kilian,NOT_FOUND,,,0,,,,,
2884,1909-XER,TORINO 21,XER,Xerjoff,NOT_FOUND,,,0,,,,,
2878,1899-ZARK,THE MUSE - ZARKOPERFUME,ZARK,,NOT_FOUND,,,0,,,,,
2877,1897-VICT,BOMBSHELL SUNDRENCHED - VICTORIAS SECRET,VICT,,NOT_FOUND,,,0,,,,,
2873,1901-MOS,TOY 2 BUBBLE GUM - MOSCHINO,MOS,,NOT_FOUND,,,0,,,,,
2860,1910-PRA,INFUSION DE VANILLE - PRADA,PRA,Prada,NOT_FOUND,,,0,,,,,
2859,1898-NRO,CRISTAL EAU DE PARFUM - RODRIGUEZ,NRO,Narciso Rodriguez,NOT_FOUND,,,0,,,,,
2857,1919-PRA,PARADOXE - PRADA,PRA,Prada,NOT_FOUND,,,0,,,,,
2826,1756-LBI,,LBI,,NOT_FOUND,,,0,,,,,
2825,1743-LBI,,LBI,,NOT_FOUND,,,0,,,,,
2824,1753-TEDL,,TEDL,,NOT_FOUND,,,0,,,,,
2823,998-ABE,,ABE,,NOT_FOUND,,,0,,,,,
2820,1917-MNTB,LEGEND RED - MONT BLANC,MNTB,,NOT_FOUND,,,0,,,,,
2819,1916-VICT,BLISSFUL GARDEN - VICTORIA'S SECRET,VICT,,NOT_FOUND,,,0,,,,,
2805,1894-MNT,FANTASTIC OUD - MONTALE,MNT,,NOT_FOUND,,,0,,,,,
2803,1828-LAN,"O OUI! Fragrance floral, white floral, fruity, fresh, citrus, aquatic",LAN,Lancôme,NOT_FOUND,,,0,,,,,
2801,1896-ESC,CHERRY IN JAPAN - ESCADA,ESC,,NOT_FOUND,,,0,,,,,
2800,1892-NRO,MUSC NOIR ROSE FOR HER - RODRIGUEZ,NRO,Narciso Rodriguez,NOT_FOUND,,,0,,,,,
2798,1885-WID,LONDON - WIDIAN,WID,,NOT_FOUND,,,0,,,,,
2797,1886-PARF,DELINA LA ROSE - PDM,PARF,Parfums de Marly,NOT_FOUND,,,0,,,,,
2796,1883-NISH,Fragrance WULONG CHA - NISHANE,NISH,Nishane,NOT_FOUND,,,0,,,,,
2795,1884-NISH,FAN YOUR FLAMES - NISHANE,NISH,Nishane,NOT_FOUND,,,0,,,,,
2794,1888-MOR,,MOR,,NOT_FOUND,,,0,,,,,
2793,1893-CHA,No 1 LEAU ROUGE,CHA,Chanel,NOT_FOUND,,,0,,,,,
2791,1880-KIL,KISSES DON’T LIE - KILIAN,KIL,By Kilian,NOT_FOUND,,,0,,,,,
2790,1879-KIL,GOOD GIRL GONE BAD EXTREME - KILIAN,KIL,By Kilian,NOT_FOUND,,,0,,,,,
2789,1878-KIL,A KISS FROM A ROSE - KILIAN,KIL,By Kilian,NOT_FOUND,,,0,,,,,
2788,1877-INI,OUD FOR HAPPINESS - INITIO PARFUMS,INI,Initio Parfums Privés,NOT_FOUND,,,0,,,,,
2787,1881-INI,MUSK THERAPY - INITIO PARFUMS,INI,Initio Parfums Privés,NOT_FOUND,,,0,,,,,
2786,1876-INI,ADDICTIVE VIBRATION - INITIO PARFUMS,INI,Initio Parfums Privés,NOT_FOUND,,,0,,,,,
2785,1875-ESCE,,ESCE,,NOT_FOUND,,,0,,,,,
2784,1873-MAN,ROSES AND CHOCOLATE - MANCERA,MAN,,NOT_FOUND,,,0,,,,,
2783,1874-LTN,CALIFORNIA Citrus fragrance for women and men,LTN,,NOT_FOUND,,,0,,,,,
2782,1891-LEL,TONKA 25 - LE LABO,LEL,Le Labo,NOT_FOUND,,,0,,,,,
2780,1861-ACQ,BLU MEDITERRANEO BERGAMOTTO DI CALABRIA,ACQ,Acqua di Parma,NOT_FOUND,,,0,,,,,
2773,1203-LOE,,LOE,,NOT_FOUND,,,0,,,,,
2772,1890-LEL,,LEL,Le Labo,NOT_FOUND,,,0,,,,,
2771,1853-KIL,KILLING ME SLOWLY - KILIAN,KIL,By Kilian,NOT_FOUND,,,0,,,,,
2769,1863-LAC,POUR FEMME - LACOSTE,LAC,,NOT_FOUND,,,0,,,,,
2768,1848-LEL,,LEL,Le Labo,NOT_FOUND,,,0,,,,,
2767,1854-EXN,LUST IN PARADISE - EXNIHILO,EXN,Ex Nihilo,NOT_FOUND,,,0,,,,,
2765,1860-NAS,,NAS,,NOT_FOUND,,,0,,,,,
2764,583-DON,PURE DKNY - DONNA KARAN,DON,Donna Karan,NOT_FOUND,,,0,,,,,
2759,1864-GUC,Rush 2,GUC,Gucci,NOT_FOUND,,,0,,,,,
2756,1855-LTN,,LTN,,NOT_FOUND,,,0,,,,,
2754,1857-ESCE,ESCENTRIC 05 - ESCENTRIC MOLECULES,ESCE,,NOT_FOUND,,,0,,,,,
2753,1856-PARF,MELIORA - PARFUMS DE MARLY,PARF,Parfums de Marly,NOT_FOUND,,,0,,,,,
2752,1852-PRFRO,BATTITO D'ALI - PROFUMUM ROMA,PRFRO,Profumum Roma,NOT_FOUND,,,0,,,,,
2751,1849-PRFRO,ACQUA E ZUCCHERO - PROFUMUM ROMA,PRFRO,Profumum Roma,NOT_FOUND,,,0,,,,,
2750,1850-LEL,ANOTHER 13 - LE LABO,LEL,Le Labo,NOT_FOUND,,,0,,,,,
2746,1846-MAN,COCO VANILLE - MANCERA,MAN,,NOT_FOUND,,,0,,,,,
2742,1631-DRC,VANILLA ORAMA,DRC,Dior,NOT_FOUND,,,0,,,,,
2741,317-MNT,BLACK AOUD - MONTALE,MNT,,NOT_FOUND,,,0,,,,,
2740,1542-JOM,English Oak & Redcurrant by Jo Malone London,JOM,Jo Malone London,NOT_FOUND,,,0,,,,,
2736,206-CRD,Bois du Portu,CRD,Creed,NOT_FOUND,,,0,,,,,
2735,1706-KIL,PLAYING WITH THE DEVIL - KILIAN,KIL,By Kilian,NOT_FOUND,,,0,,,,,
2734,997-ABE,,ABE,,NOT_FOUND,,,0,,,,,
2730,1833-SALV,,SALV,,NOT_FOUND,,,0,,,,,
2728,1841-BAN,,BAN,,NOT_FOUND,,,0,,,,,
2727,198-BON,HARRODS SWAROVSKI LIMITED EDITION - BOND,BON,,NOT_FOUND,,,0,,,,,
2726,197-BON,HARRODS ROYAL ROSE - BOND,BON,,NOT_FOUND,,,0,,,,,
2725,322-NAS,,NAS,,NOT_FOUND,,,0,,,,,
2720,201-CLIV,No,CLIV,Clive Christian,NOT_FOUND,,,0,,,,,
2719,1840-JOO,,JOO,,NOT_FOUND,,,0,,,,,
2718,1839-JOV,,JOV,,NOT_FOUND,,,0,,,,,
2717,1838-TAU,02 L'AIR DU DESERT MAROCAIN - TAUER PERFUMES,TAU,,NOT_FOUND,,,0,,,,,
2716,1837-KEI,,KEI,,NOT_FOUND,,,0,,,,,
2715,1836-COT,,COT,,NOT_FOUND,,,0,,,,,
2713,1835-JUL,,JUL,Juliette Has A Gun,NOT_FOUND,,,0,,,,,
2706,1827-JOM,Tropical Cherimoya by Jo Malone London,JOM,Jo Malone London,NOT_FOUND,,,0,,,,,
2705,1822-MNT,ORCHID POWDER - MONTALE,MNT,,NOT_FOUND,,,0,,,,,
2703,1826-JOM,Iris & White Musk by Jo Malone London,JOM,Jo Malone London,NOT_FOUND,,,0,,,,,
2701,1824-VAR,,VAR,,NOT_FOUND,,,0,,,,,
2700,1819-MIC,Midnight Shimmer,MIC,,NOT_FOUND,,,0,,,,,
2697,1818-FRE,the notes of MUSC RAVAGEUR,FRE,,NOT_FOUND,,,0,,,,,
2696,1801-JUL,NOT A PERFUME - JULIETTE HAS A GUN,JUL,Juliette Has A Gun,NOT_FOUND,,,0,,,,,
2695,1817-JUL,SUNNY SIDE UP - JULIETTE HAS A GUN,JUL,Juliette Has A Gun,NOT_FOUND,,,0,,,,,
2694,1816-TER,BIANCO PURO - TIZIANA TERENZI,TER,,NOT_FOUND,,,0,,,,,
2692,810-LTN,the fragrance notes,LTN,,NOT_FOUND,,,0,,,,,
2691,809-LTN,the fragrance notes,LTN,,NOT_FOUND,,,0,,,,,
2690,333-ROJ,,ROJ,Roja Dove,NOT_FOUND,,,0,,,,,
2689,1814-AJMA,,AJMA,Ajmal,NOT_FOUND,,,0,,,,,
2688,,,,,NOT_FOUND,,,0,,,,,
2687,1812-ALJA,,ALJA,,NOT_FOUND,,,0,,,,,
2686,1811-ALJA,,ALJA,,NOT_FOUND,,,0,,,,,
2685,1810-RAS,,RAS,,NOT_FOUND,,,0,,,,,
2684,320-NAS,,NAS,,NOT_FOUND,,,0,,,,,
2681,1807-PARF,DARCY - PARFUMS DE MARLY,PARF,Parfums de Marly,NOT_FOUND,,,0,,,,,
2680,1806-PARF,ORIANA - PARFUMS DE MARLY,PARF,Parfums de Marly,NOT_FOUND,,,0,,,,,
2672,1802-JOM,Midnight Musk & Amber by Jo Malone London,JOM,Jo Malone London,NOT_FOUND,,,0,,,,,
2670,1492-ABE,,ABE,,NOT_FOUND,,,0,,,,,
2661,1799-MAN,AOUD VANILLE - MANCERA,MAN,,NOT_FOUND,,,0,,,,,
2659,1797-INI,BLESSED BARAKA - INITIO PARFUMS,INI,Initio Parfums Privés,NOT_FOUND,,,0,,,,,
2658,1796-SERG,Jeux de Peau Serge Lutens,SERG,,NOT_FOUND,,,0,,,,,
2657,1795-MARG,Jazz Club edt,MARG,Maison Martin Margiela,NOT_FOUND,,,0,,,,,
2655,1794-ISS,L'Eau d'Issey Pure Nectar,ISS,,NOT_FOUND,,,0,,,,,
2654,1787-JIM,,JIM,Jimmy Choo,NOT_FOUND,,,0,,,,,
2647,1789-GUC,Flora Gorgeous Gardenia EDP,GUC,Gucci,NOT_FOUND,,,0,,,,,
2646,1786-COUR,,COUR,,NOT_FOUND,,,0,,,,,
2645,1784-ESC,SUMMER FESTIVAL - ESCADA,ESC,,NOT_FOUND,,,0,,,,,
2633,1762-ETLR,PUTAIN DES PALACES - ETAT LIBRE D'ORANGE,ETLR,,NOT_FOUND,,,0,,,,,
2631,1758-MNT,ROSES MUSK - MONTALE,MNT,,NOT_FOUND,,,0,,,,,
2629,1780-RCAV,JUST - CAVALLI,RCAV,,NOT_FOUND,,,0,,,,,
2628,1776-MNT,DARK VANILLA - MONTALE,MNT,,NOT_FOUND,,,0,,,,,
2627,1774-ARM,a TERRA DI GIOIA,ARM,Giorgio Armani,NOT_FOUND,,,0,,,,,
2626,1772-TER,BURDEL - TIZIANA TERENZI,TER,,NOT_FOUND,,,0,,,,,
2625,1770-BON,NEW YORK NIGHTS - BOND,BON,,NOT_FOUND,,,0,,,,,
2624,1769-LTN,the fragrance notes Roses,LTN,,NOT_FOUND,,,0,,,,,
2623,1768-LTN,the fragrance notes,LTN,,NOT_FOUND,,,0,,,,,
2622,,,,,NOT_FOUND,,,0,,,,,
2620,1764-GUR,AQUA ALLEGORIA COCONUT FIZZ - GUERLAIN,GUR,Guerlain,NOT_FOUND,,,0,,,,,
2619,1760-FRE,the notes of IRIS POUDRE,FRE,,NOT_FOUND,,,0,,,,,
2618,1755-MNT,VANILLA CAKE - MONTALE,MNT,,NOT_FOUND,,,0,,,,,
2612,1763-JILS,,JILS,,NOT_FOUND,,,0,,,,,
2611,1765-JEN,,JEN,,NOT_FOUND,,,0,,,,,
2609,1754-HER,VANILLE GALANTE HERMESSENCE - HERMES,HER,Hermès,NOT_FOUND,,,0,,,,,
2606,1752-JUL,VANILLA VIBES - JULIETTE HAS A GUN,JUL,Juliette Has A Gun,NOT_FOUND,,,0,,,,,
2605,1773-PRA,LUNA ROSSA OCEAN - PRADA,PRA,Prada,NOT_FOUND,,,0,,,,,
2604,1750-LTN,the fragrance notes,LTN,,NOT_FOUND,,,0,,,,,
2602,1748-BYR,Marijuana,BYR,Byredo,NOT_FOUND,,,0,,,,,
2601,1747-VICT,BARE VANILLA - VICTORIA SECRET,VICT,,NOT_FOUND,,,0,,,,,
2599,1745-SERG,Chergui Serge Lutens,SERG,,NOT_FOUND,,,0,,,,,
2598,1744-CLI,AROMATICS IN BLACK - CLINIQUE,CLI,,NOT_FOUND,,,0,,,,,
2555,1737-GIV,L INTERDIT ROUGE EDP,GIV,Givenchy,NOT_FOUND,,,0,,,,,
2553,1736-PRFRO,ARSO - PROFUMUM ROMA,PRFRO,Profumum Roma,NOT_FOUND,,,0,,,,,
2518,1732-MIC,SUPER GORGEOUS! - MICHAEL KORS,MIC,,NOT_FOUND,,,0,,,,,
2516,1731-VICT,TEASE CREAM CLOUD - VICTORIA'S SECRET,VICT,,NOT_FOUND,,,0,,,,,
2458,1730-HER,TWILLY EAU GINGER - HERMES,HER,Hermès,NOT_FOUND,,,0,,,,,
2454,1726-MNTB,,MNTB,,NOT_FOUND,,,0,,,,,
2452,1718-TER,CASSIOPEA - TIZIANA TERENZI,TER,,NOT_FOUND,,,0,,,,,
2451,1719-MEM,CORFU - MEMO PARIS,MEM,,NOT_FOUND,,,0,,,,,
2450,1720-LEL,VETIVER 46 - LE LABO,LEL,Le Labo,NOT_FOUND,,,0,,,,,
2440,1703-CAL,DEFY - CALVIN KLEIN,CAL,,NOT_FOUND,,,0,,,,,
2438,1700-MNT,MUSK TO MUSK - MONTALE,MNT,,NOT_FOUND,,,0,,,,,
2437,1701-TOSC,,TOSC,,NOT_FOUND,,,0,,,,,
2436,1694-TMFO,,TMFO,Tom Ford,NOT_FOUND,,,0,,,,,
2430,1697-LEL,THE NOIR 29 - LE LABO,LEL,Le Labo,NOT_FOUND,,,0,,,,,
2429,1698-LEL,OUD 27 - LE LABO,LEL,Le Labo,NOT_FOUND,,,0,,,,,
2428,1699-LTN,the fragrance notes,LTN,,NOT_FOUND,,,0,,,,,
2416,1685-FRE,the notes of EN PASSANT Woman's perfume,FRE,,NOT_FOUND,,,0,,,,,
2415,1682-HER,24 FAUBOURG - HERMES,HER,Hermès,NOT_FOUND,,,0,,,,,
2414,1683-HER,UN JARDIN SUR LA LAGUNE - HERMES,HER,Hermès,NOT_FOUND,,,0,,,,,
2413,1686-PRA,LUNA ROSSA BLACK - PRADA,PRA,Prada,NOT_FOUND,,,0,,,,,
2411,1675-NRO,AMBREE - NARCISO RODRIGUEZ,NRO,Narciso Rodriguez,NOT_FOUND,,,0,,,,,
2410,1676-CAL,EUPHORIA BLUSH - CALVIN KLEIN,CAL,,NOT_FOUND,,,0,,,,,
2408,1681-MNT,INTENSE CAFE - MONTALE,MNT,,NOT_FOUND,,,0,,,,,
2404,1672-KIL,VODKA ON THE ROCKS - KILIAN,KIL,By Kilian,NOT_FOUND,,,0,,,,,
2403,1656-LOC,,LOC,,NOT_FOUND,,,0,,,,,
2401,1659-CHRA,,CHRA,,NOT_FOUND,,,0,,,,,
2400,1655-JOM,Oat & Cornflower by Jo Malone London,JOM,Jo Malone London,NOT_FOUND,,,0,,,,,
2399,1658-GUR,LA PETITE ROBE NOIRE - GUERLAIN,GUR,Guerlain,NOT_FOUND,,,0,,,,,
2398,1671-KIL,ROLLING IN LOVE - KILIAN,KIL,By Kilian,NOT_FOUND,,,0,,,,,
2397,1670-NAS,,NAS,,NOT_FOUND,,,0,,,,,
2396,1669-PARF,GREENLEY - PARFUMS DE MARLY,PARF,Parfums de Marly,NOT_FOUND,,,0,,,,,
2393,1660-ESCE,MOLECULE 01,ESCE,,NOT_FOUND,,,0,,,,,
2386,1653-MAN,ROSES VANILLE - MANCERA,MAN,,NOT_FOUND,,,0,,,,,
2385,1648-FRE,the notes of CARNAL FLOWER,FRE,,NOT_FOUND,,,0,,,,,
2384,1652-DRC,MISS EAU DE PARFUM 2021,DRC,Dior,NOT_FOUND,,,0,,,,,
2382,1504-DON,BE DELICIOUS ΜΑΙ ΤΑΙ - DKNY,DON,Donna Karan,NOT_FOUND,,,0,,,,,
2377,1639-TER,,TER,,NOT_FOUND,,,0,,,,,
2376,1641-KHAL,,KHAL,,NOT_FOUND,,,0,,,,,
2370,1643-GUL,CLASSIQUE CABARET,GUL,Jean Paul Gaultier,NOT_FOUND,,,0,,,,,
2369,1642-VICT,ROSE CARAMEL - VICTORIA'S SECRET,VICT,,NOT_FOUND,,,0,,,,,
2366,1616-MDI,,MDI,,NOT_FOUND,,,0,,,,,
2365,1625-KIL,APPLE BRANDY - KILIAN,KIL,By Kilian,NOT_FOUND,,,0,,,,,
2352,1622-FRA,the notes of COCAINE-FRANCK BOCLET,FRA,Franck Boclet,NOT_FOUND,,,0,,,,,
2350,1626-BON,NEW HAARLEM - BOND,BON,,NOT_FOUND,,,0,,,,,
2348,1627-CLIV,,CLIV,Clive Christian,NOT_FOUND,,,0,,,,,
2347,1621-NAS,,NAS,,NOT_FOUND,,,0,,,,,
2343,1620-GUR,SPIRITUESE DOUBLE VANILLA,GUR,Guerlain,NOT_FOUND,,,0,,,,,
2337,1619-NISH,HUNDRED SILENT WAYS - NISHANE,NISH,Nishane,NOT_FOUND,,,0,,,,,
2336,1618-NISH,ANI - NISHANE,NISH,Nishane,NOT_FOUND,,,0,,,,,
2334,,,,,NOT_FOUND,,,0,,,,,
2333,1617-MNT,VANILLA EXTASY - MONTALE,MNT,,NOT_FOUND,,,0,,,,,
2331,1550-YAN,,YAN,,NOT_FOUND,,,0,,,,,
2328,1614-FRE,the notes of DAWN,FRE,,NOT_FOUND,,,0,,,,,
2327,1615-FRE,the notes of PROMISE,FRE,,NOT_FOUND,,,0,,,,,
2326,323-NAS,,NAS,,NOT_FOUND,,,0,,,,,
2325,1612-LTN,the fragrance notes,LTN,,NOT_FOUND,,,0,,,,,
2324,1613-FRE,the notes of THE NIGHT,FRE,,NOT_FOUND,,,0,,,,,
2322,1559-VICT,ANGEL GOLD - VICTORIA'S SECRET,VICT,,NOT_FOUND,,,0,,,,,
2320,1557-FRE,the notes of ROSE & CUIR,FRE,,NOT_FOUND,,,0,,,,,
2319,1555-GUR,SHALIMAR PHILTRE DE PARFUM - GUERLAIN,GUR,Guerlain,NOT_FOUND,,,0,,,,,
2318,1554-VICT,BOMBSHELL GOLD - VICTORIA'S SECRET,VICT,,NOT_FOUND,,,0,,,,,
2317,1551-VICT,TEASE DREAMER - VICTORIA'S SECRET,VICT,,NOT_FOUND,,,0,,,,,
2315,1553-MNT,ARABIANS TONKA - MONTALE,MNT,,NOT_FOUND,,,0,,,,,
2312,1476-NRO,MUSC NOIR FOR HER - NARCISO RODRIGUEZ,NRO,Narciso Rodriguez,NOT_FOUND,,,0,,,,,
2311,1477-HER,H24 - HERMES,HER,Hermès,NOT_FOUND,,,0,,,,,
2310,1537-CHA,LE LION,CHA,Chanel,NOT_FOUND,,,0,,,,,
2309,1539-ORT,,ORT,Orto Parisi,NOT_FOUND,,,0,,,,,
2306,1514-KIL,WATER CALIGRAPHY - KILIAN,KIL,By Kilian,NOT_FOUND,,,0,,,,,
2304,1512-KIL,IN THE CITY OF SIN - KILIAN,KIL,By Kilian,NOT_FOUND,,,0,,,,,
2302,1511-KIL,FORBIDDEN GAMES - KILIAN,KIL,By Kilian,NOT_FOUND,,,0,,,,,
2300,1510-KIL,BAMBOO HARMONY - KILIAN,KIL,By Kilian,NOT_FOUND,,,0,,,,,
2295,1536-BOA,HEROINE for women,BOA,,NOT_FOUND,,,0,,,,,
2294,1538-FRE,the notes of THE MOON,FRE,,NOT_FOUND,,,0,,,,,
2287,1484-VAL,UOMO BORN IN ROMA - VALENTINO,VAL,Valentino,NOT_FOUND,,,0,,,,,
2285,1488-LBI,,LBI,,NOT_FOUND,,,0,,,,,
2284,1480-ARM,STRONGER WITH YOU ABSOLUTELY,ARM,Giorgio Armani,NOT_FOUND,,,0,,,,,
2283,1483-DSQ,,DSQ,,NOT_FOUND,,,0,,,,,
2282,1490-DRC,HOMME 2020,DRC,Dior,NOT_FOUND,,,0,,,,,
2281,1478-HUG,BOSS BOTTLED EAU DE PARFUM - BOSS,HUG,,NOT_FOUND,,,0,,,,,
2279,1517-MOS,TOY 2 - MOSCHINO,MOS,,NOT_FOUND,,,0,,,,,
2276,1502-CHA,the fragrance COCON MADEM L'EAU PRIVEE,CHA,Chanel,NOT_FOUND,,,0,,,,,
2275,1495-BRB,Her London Dream,BRB,,NOT_FOUND,,,0,,,,,
2274,1522-ZAD,THIS IS US! - ZADIG & VOLTAIRE TYPE PERFUMEAmber Woody fragrance for women and men,ZAD,Zadig & Voltaire,NOT_FOUND,,,0,,,,,
2271,,,,,NOT_FOUND,,,0,,,,,
2270,1479-HER,L'OMBRE DES MERVEILLES - HERMES,HER,Hermès,NOT_FOUND,,,0,,,,,
2269,1528-KUR,BACCARAT ROUGE 540 EXTRAIT,KUR,,NOT_FOUND,,,0,,,,,
2267,1507-HUG,ALIVE EAU DE PARFUM - BOSS,HUG,,NOT_FOUND,,,0,,,,,
2266,1508-KIL,ANGELS SHARE - KILIAN,KIL,By Kilian,NOT_FOUND,,,0,,,,,
2254,1533-SERG,AMBRE SULTAN - SERGE LUTENS,SERG,,NOT_FOUND,,,0,,,,,
2252,1530-INI,DIVINE ATTRACTION - INITIO PARFUMS (U) PERFUME,INI,Initio Parfums Privés,NOT_FOUND,,,0,,,,,
2250,1531-PARF,KALAN - PARFUMS DE MARLY,PARF,Parfums de Marly,NOT_FOUND,,,0,,,,,
2248,1521-ZAD,GIRLS CAN BE CRAZY - ZADIG & VOLTAIRE,ZAD,Zadig & Voltaire,NOT_FOUND,,,0,,,,,
2247,1529-BDIK,ROUGE SMOKING - BDK,BDIK,,NOT_FOUND,,,0,,,,,
2244,1548-TMFO,SOLEIL NIEGE,TMFO,Tom Ford,NOT_FOUND,,,0,,,,,
2243,1545-MNT,INTENSE TIARE - MONTALE,MNT,,NOT_FOUND,,,0,,,,,
2242,1513-KIL,PRINCESS - KILIAN PERFUME,KIL,By Kilian,NOT_FOUND,,,0,,,,,
2237,147-NAS,,NAS,,NOT_FOUND,,,0,,,,,
2236,176-THAM,PEREGRINA - THAMEEN,THAM,,NOT_FOUND,,,0,,,,,
2235,170-ROJ,,ROJ,Roja Dove,NOT_FOUND,,,0,,,,,
2234,169-ROJ,,ROJ,Roja Dove,NOT_FOUND,,,0,,,,,
2232,129-LEL,ROSE 31 - LE LABO,LEL,Le Labo,NOT_FOUND,,,0,,,,,
2231,128-LEL,BERGAMOTE 22 - LE LABO,LEL,Le Labo,NOT_FOUND,,,0,,,,,
2230,155-PARF,LAYTON EXCLUSIF - PARFUMS DE MARLY,PARF,Parfums de Marly,NOT_FOUND,,,0,,,,,
2229,151-PARF,DELINA - PARFUMS DE MARLY,PARF,Parfums de Marly,NOT_FOUND,,,0,,,,,
2228,158-PARF,PERCIVAL - PARFUMS DE MARLY,PARF,Parfums de Marly,NOT_FOUND,,,0,,,,,
2224,121-INI,ATOMIC ROSE - INITIO PERFUME,INI,Initio Parfums Privés,NOT_FOUND,,,0,,,,,
2223,124-INI,Side Effect - Initio Parfums Prives,INI,Initio Parfums Privés,NOT_FOUND,,,0,,,,,
2218,826-MIS,,MIS,,NOT_FOUND,,,0,,,,,
2217,1217-MONT,,MONT,,NOT_FOUND,,,0,,,,,
2216,609-ESC,,ESC,,NOT_FOUND,,,0,,,,,
2214,125-JUL,LIQUID ILLUSION - JULIETTE HAS A GUN,JUL,Juliette Has A Gun,NOT_FOUND,,,0,,,,,
2213,896-RCAV,SPLENDID VANILLA - ROBERTO CAVALLI,RCAV,,NOT_FOUND,,,0,,,,,
2210,803-LAU,,LAU,,NOT_FOUND,,,0,,,,,
2208,246-JOM,Bronze Wood & Leather by Jo Malone London,JOM,Jo Malone London,NOT_FOUND,,,0,,,,,
2206,703-HER,KELLY CALECHE - HERMES,HER,Hermès,NOT_FOUND,,,0,,,,,
2205,126-KIL,LIGHT MY FIRE - KILIAN PERFUME,KIL,By Kilian,NOT_FOUND,,,0,,,,,
2204,171-DUP,,DUP,,NOT_FOUND,,,0,,,,,
2198,937-VAL,DONNA BORN IN ROMA - VALENTINO,VAL,Valentino,NOT_FOUND,,,0,,,,,
2191,120-INI,ABSOLUTE APHRODISIAC - INITIO PARFUMS,INI,Initio Parfums Privés,NOT_FOUND,,,0,,,,,
2190,123-INI,PSYCHEDELIC LOVE - INITIO PARFUMS PRIVES,INI,Initio Parfums Privés,NOT_FOUND,,,0,,,,,
2149,689-GUR,,GUR,Guerlain,NOT_FOUND,,,0,,,,,
2148,966-VICT,TEASE - VICTORIA'S SECRET,VICT,,NOT_FOUND,,,0,,,,,
2146,410-BOD,BLACK MUSK - BODY SHOP,BOD,,NOT_FOUND,,,0,,,,,
2145,637-EST,SPELLBOUND - ESTEE LAUDER,EST,,NOT_FOUND,,,0,,,,,
2142,1209-MNTB,EXPLORER - MONT BLANC,MNTB,,NOT_FOUND,,,0,,,,,
2141,1505-EST,BRONZE GODDESS AZUR - ESTEE LAUDER,EST,,NOT_FOUND,,,0,,,,,
2133,142-MAN,CEDRAT BOISE - MANCERA,MAN,,NOT_FOUND,,,0,,,,,
2132,122-INI,OUD FOR GREATNESS - INITIO PARFUMS PRIVES (U) PERFUME,INI,Initio Parfums Privés,NOT_FOUND,,,0,,,,,
2131,132-LTN,the fragrance notes,LTN,,NOT_FOUND,,,0,,,,,
2127,178-VIL,MANGO SKIN - VILHELM PARFUMERIE,VIL,,NOT_FOUND,,,0,,,,,
2126,133-MICA,YLANG IN GOLD - M,MICA,,NOT_FOUND,,,0,,,,,
2125,159-PARF,SAFANAD - PARFUMS DE MARLY,PARF,Parfums de Marly,NOT_FOUND,,,0,,,,,
2124,112-BON,BLEECKER STREET - BOND,BON,,NOT_FOUND,,,0,,,,,
2122,150-PARF,CASSILI - PARFUMS DE MARLY,PARF,Parfums de Marly,NOT_FOUND,,,0,,,,,
2120,157-PARF,PEGASUS - PARFUMS DE MARLY,PARF,Parfums de Marly,NOT_FOUND,,,0,,,,,
2119,119-HIS,1725 - HISTOIRES DE PARFUMS,HIS,,NOT_FOUND,,,0,,,,,
2118,179-XER,1861 NAXOS,XER,Xerjoff,NOT_FOUND,,,0,,,,,
2117,144-MAN,VANILLE EXCLUSIF - MANCERA,MAN,,NOT_FOUND,,,0,,,,,
2114,306-LAN,,LAN,Lancôme,NOT_FOUND,,,0,,,,,
2113,203-CLIV,X FOR MEN - CLIVE CHRISTIAN,CLIV,Clive Christian,NOT_FOUND,,,0,,,,,
2112,108-ARM,BLEU LAZULI,ARM,Giorgio Armani,NOT_FOUND,,,0,,,,,
2111,,,,,NOT_FOUND,,,0,,,,,
2109,143-MAN,RED TOBACCO - MANCERA,MAN,,NOT_FOUND,,,0,,,,,
2108,117-EXN,SWEET MORPHINE - EX NIHILO,EXN,Ex Nihilo,NOT_FOUND,,,0,,,,,
2105,383-YAN,,YAN,,NOT_FOUND,,,0,,,,,
2101,402-ARIA,SWEET LIKE CANDY - ARIANA GRANDE,ARIA,,NOT_FOUND,,,0,,,,,
2100,291-JOM,Tuberose Angelica by Jo Malone London,JOM,Jo Malone London,NOT_FOUND,,,0,,,,,
2099,1205-LOL,,LOL,,NOT_FOUND,,,0,,,,,
2098,972-VICT,WARM COCONUT SUGAR - VICTORIA'S SECRET,VICT,,NOT_FOUND,,,0,,,,,
2096,166-AZ,,AZ,,NOT_FOUND,,,0,,,,,
2094,160-PEN,BEWITCHING YASMINE,PEN,Penhaligon's,NOT_FOUND,,,0,,,,,
2091,1046-CAL,EVERYONE - CK,CAL,,NOT_FOUND,,,0,,,,,
2090,347-TMFO,GREY VETIVER (M),TMFO,Tom Ford,NOT_FOUND,,,0,,,,,
2087,276-JOM,Oud & Bergamot by Jo Malone London,JOM,Jo Malone London,NOT_FOUND,,,0,,,,,
2086,296-JOM,Vetiver & Golden Vanilla Jo Malone,JOM,Jo Malone London,NOT_FOUND,,,0,,,,,
2084,172-SHALM,MOROCCAN MUSK - SCENT SALIM,SHALM,,NOT_FOUND,,,0,,,,,
2083,932-TRU,INSIDE DELIGHT,TRU,,NOT_FOUND,,,0,,,,,
2079,683-GUR,,GUR,Guerlain,NOT_FOUND,,,0,,,,,
2078,677-GUC,G by G,GUC,Gucci,NOT_FOUND,,,0,,,,,
2075,539-DRC,MISS ROSE & ROSES,DRC,Dior,NOT_FOUND,,,0,,,,,
2062,685-GUR,CHAMPS ELYSEES EAU DE PARFUM - GUERLAIN,GUR,Guerlain,NOT_FOUND,,,0,,,,,
2061,401-ARIA,CLOUD - ARIANA GRANDE,ARIA,,NOT_FOUND,,,0,,,,,
2059,283-JOM,Poppy & Barley Jo Malone,JOM,Jo Malone London,NOT_FOUND,,,0,,,,,
2058,141-MAN,BLACK VANILLA - MANCERA,MAN,,NOT_FOUND,,,0,,,,,
2057,152-PARF,DELINA EXCLUSIF - PARFUMS DE MARLY,PARF,Parfums de Marly,NOT_FOUND,,,0,,,,,
2052,601-ESC,FLOR DEL SOL - ESCADA,ESC,,NOT_FOUND,,,0,,,,,
2051,174-SOS,ERBA PURA - SOSPIRO,SOS,Sospiro Perfumes,NOT_FOUND,,,0,,,,,
2050,231-DIP,Oud Palao,DIP,,NOT_FOUND,,,0,,,,,
1950,145-MEM,AFRICAN LEATHER - MEMO PARIS,MEM,,NOT_FOUND,,,0,,,,,
1949,130-LEL,SANTAL 26 - LE LABO,LEL,Le Labo,NOT_FOUND,,,0,,,,,
1945,385-YAR,,YAR,,NOT_FOUND,,,0,,,,,
1944,357-TMFO,NOIR MEN,TMFO,Tom Ford,NOT_FOUND,,,0,,,,,
1940,523-DRC,ISSIMO,DRC,Dior,NOT_FOUND,,,0,,,,,
1938,1097-DOL,LIGHT BLUE DISCOVER VULCANO,DOL,Dolce&Gabbana,NOT_FOUND,,,0,,,,,
1937,564-DOL,SEXY CHOCLATE,DOL,Dolce&Gabbana,NOT_FOUND,,,0,,,,,
1936,589-ELI,,ELI,,NOT_FOUND,,,0,,,,,
1935,1088-COM,,COM,,NOT_FOUND,,,0,,,,,
1933,1509-KIL,AMBER OUD - KILIAN,KIL,By Kilian,NOT_FOUND,,,0,,,,,
1932,608-ESC,,ESC,,NOT_FOUND,,,0,,,,,
1931,993-ZAD,JUST ROCK FOR HER - ZADIG & VOLTAIRE,ZAD,Zadig & Voltaire,NOT_FOUND,,,0,,,,,
1930,967-VICT,VELVET PETALS- VICTORIA'S SECRET,VICT,,NOT_FOUND,,,0,,,,,
1928,969-VICT,VERY SEXY NOW BEACH - VICTORIA'S SECRET,VICT,,NOT_FOUND,,,0,,,,,
1927,952-VICT,BOMBSHELL - VICTORIA'S SECRET,VICT,,NOT_FOUND,,,0,,,,,
1923,173-SOS,,SOS,Sospiro Perfumes,NOT_FOUND,,,0,,,,,
1922,1157-HER,TERRE D'HERMES EAU INTENSE VETIVER - HERMES,HER,Hermès,NOT_FOUND,,,0,,,,,
1921,687-GUR,L'INSTANT DE GUERLAIN - GUERLAIN,GUR,Guerlain,NOT_FOUND,,,0,,,,,
1920,679-GUC,Guilty Black Pour Femme,GUC,Gucci,NOT_FOUND,,,0,,,,,
1919,903-SALV,the fragrance notes LAGUNA - SALVADOR DALI,SALV,,NOT_FOUND,,,0,,,,,
1918,1236-PAL,,PAL,,NOT_FOUND,,,0,,,,,
1916,1230-PAC,ONE MILLION LUCKY,PAC,Rabanne,NOT_FOUND,,,0,,,,,
1915,808-LOL,,LOL,,NOT_FOUND,,,0,,,,,
1914,1201-LBI,,LBI,,NOT_FOUND,,,0,,,,,
1913,802-LBI,,LBI,,NOT_FOUND,,,0,,,,,
1911,775-LAL,,LAL,,NOT_FOUND,,,0,,,,,
1910,740-JUI,,JUI,,NOT_FOUND,,,0,,,,,
1909,318-MNT,,MNT,,NOT_FOUND,,,0,,,,,
1908,265-JOM,Lotus Blossom and Water Lily Jo Malone,JOM,Jo Malone London,NOT_FOUND,,,0,,,,,
1907,269-JOM,Nashi Blossom Jo Malone,JOM,Jo Malone London,NOT_FOUND,,,0,,,,,
1904,314-MOL,,MOL,,NOT_FOUND,,,0,,,,,
1903,538-DRC,MISS EAU DE PARFUM (2017),DRC,Dior,NOT_FOUND,,,0,,,,,
1902,522-DRC,ADDICT EAU DE TOILETTE,DRC,Dior,NOT_FOUND,,,0,,,,,
1897,1037-BLG,Bvl Man,BLG,,NOT_FOUND,,,0,,,,,
1895,999-ABE,,ABE,,NOT_FOUND,,,0,,,,,
1894,1006-ACQ,COLONIA INTENSA OUD,ACQ,Acqua di Parma,NOT_FOUND,,,0,,,,,
1890,834-MOS,So Real Cheap & Chic Moschino,MOS,,NOT_FOUND,,,0,,,,,
1889,762-KIL,INTOXICATED - KILIAN,KIL,By Kilian,NOT_FOUND,,,0,,,,,
1888,252-JOM,Frangipani Flower Cologne Jo Malone,JOM,Jo Malone London,NOT_FOUND,,,0,,,,,
1883,652-ARM,IN LOVE WITH YOU,ARM,Giorgio Armani,NOT_FOUND,,,0,,,,,
1882,1090-COS,,COS,,NOT_FOUND,,,0,,,,,
1881,1091-COS,,COS,,NOT_FOUND,,,0,,,,,
1880,177-TER,KIRKE - TIZIANA TERENZI,TER,,NOT_FOUND,,,0,,,,,
1879,305-KAY,VANILLA 28 - KAYALI,KAY,Kayali Fragrances,NOT_FOUND,,,0,,,,,
1878,337-TIFF,SHEER - TIFFANY & CO,TIFF,,NOT_FOUND,,,0,,,,,
1839,233-ESCE,,ESCE,,NOT_FOUND,,,0,,,,,
1833,271-JOM,Nectarine Blossom & Honey,JOM,Jo Malone London,NOT_FOUND,,,0,,,,,
1832,116-EXN,midnight special-ex nihilo,EXN,Ex Nihilo,NOT_FOUND,,,0,,,,,
1831,115-EXN,fleur narcotique-ex nihilo,EXN,Ex Nihilo,NOT_FOUND,,,0,,,,,
1819,854-NIN,the fragrance otes of NINA ROUGE,NIN,,NOT_FOUND,,,0,,,,,
1818,352-TMFO,MEN EXTREME,TMFO,Tom Ford,NOT_FOUND,,,0,,,,,
1817,1094-DOL,K KING (2019),DOL,Dolce&Gabbana,NOT_FOUND,,,0,,,,,
1815,131-LEL,Le Labo Santal 33,LEL,Le Labo,NOT_FOUND,,,0,,,,,
1814,153-PARF,Straigh to Heaven,PARF,Parfums de Marly,NOT_FOUND,,,0,,,,,
1813,694-GUR,TERRACOTTA LE PARFUM - GUERLAIN,GUR,Guerlain,NOT_FOUND,,,0,,,,,
1810,1161-HUG,BOSS BOTTLED OUD - HUGO BOSS,HUG,,NOT_FOUND,,,0,,,,,
1808,127-KIL,STRAIGHT TO HEAVEN - KILIAN,KIL,By Kilian,NOT_FOUND,,,0,,,,,
1807,111-BAC,ROUGE 540 - BACCARAT,BAC,,NOT_FOUND,,,0,,,,,
1806,195-ARM,VERT MALACHITE,ARM,Giorgio Armani,NOT_FOUND,,,0,,,,,
1805,763-KIL,KISSING BURNS 6,KIL,By Kilian,NOT_FOUND,,,0,,,,,
1804,767-KIL,VOULEZ-VOUS COUCHER AVEC MOI - KILIAN,KIL,By Kilian,NOT_FOUND,,,0,,,,,
1803,759-KIL,BAD BOYS ARE NO GOOD BUT GOOD BOYS ARE NO FUN-KILIAN,KIL,By Kilian,NOT_FOUND,,,0,,,,,
1801,765-KIL,LOVE DONT BE SHY - KILIAN,KIL,By Kilian,NOT_FOUND,,,0,,,,,
1796,110-ARM,ROSE D'ARABIE,ARM,Giorgio Armani,NOT_FOUND,,,0,,,,,
1792,760-KIL,BLACK PHANTOM - KILIAN,KIL,By Kilian,NOT_FOUND,,,0,,,,,
1786,154-PARF,LAYTON - PARFUMS DE MARLY,PARF,Parfums de Marly,NOT_FOUND,,,0,,,,,
1782,757-KIL,ADULTS - KILIAN,KIL,By Kilian,NOT_FOUND,,,0,,,,,
1780,699-HER,EAU DES MERVEILLES BLEUE - HERMES,HER,Hermès,NOT_FOUND,,,0,,,,,
1779,466-CAL,CALVIN KLEIN WOMEN - CALVIN KLEIN,CAL,,NOT_FOUND,,,0,,,,,
1777,615-EST,BEAUTIFUL BELLE - ESTEE LAUDER,EST,,NOT_FOUND,,,0,,,,,
1776,1187-JOV,,JOV,,NOT_FOUND,,,0,,,,,
1775,848-NRO,,NRO,Narciso Rodriguez,NOT_FOUND,,,0,,,,,
1774,647-ARM,CODE CASHMERE,ARM,Giorgio Armani,NOT_FOUND,,,0,,,,,
1771,731-JIM,,JIM,Jimmy Choo,NOT_FOUND,,,0,,,,,
1766,605-ESC,MIAMI BLOSSOM - ESCADA,ESC,,NOT_FOUND,,,0,,,,,
1765,936-VAL,DONNA - VALENTINO,VAL,Valentino,NOT_FOUND,,,0,,,,,
1762,1188-KAR,,KAR,,NOT_FOUND,,,0,,,,,
1419,,,,,NOT_FOUND,,,0,,,,,
1416,175-SHA,,SHA,,NOT_FOUND,,,0,,,,,
1415,168-RAS,,RAS,,NOT_FOUND,,,0,,,,,
1414,167-RAS,,RAS,,NOT_FOUND,,,0,,,,,
1413,156-PARF,OAJAN (U) - Parfums de Marly,PARF,Parfums de Marly,NOT_FOUND,,,0,,,,,
1412,149-PARF,CARLISLE (U) - PARFUMS DE MARLY,PARF,Parfums de Marly,NOT_FOUND,,,0,,,,,
1411,148-PARF,ATHALIA (W) - PARFUMS DE MARLY,PARF,Parfums de Marly,NOT_FOUND,,,0,,,,,
1410,146-MEM,RUSSIAN LEATHER - MEMO PARIS,MEM,,NOT_FOUND,,,0,,,,,
1409,118-HAM,REHAN - HAMIDI OUD,HAM,,NOT_FOUND,,,0,,,,,
1407,107-ARB,TITANIUM - ARABIAN OUD,ARB,,NOT_FOUND,,,0,,,,,
1406,106-ARB,SULTAN - ARABIAN OUD,ARB,,NOT_FOUND,,,0,,,,,
1405,105-ARB,PRESTIGE CLASSIC - ARABIAN OUD,ARB,,NOT_FOUND,,,0,,,,,
1404,104-ARB,KASHMIR - ARABIAN OUD,ARB,,NOT_FOUND,,,0,,,,,
1403,103-ARB,KALEMAT - ARABIAN OUD,ARB,,NOT_FOUND,,,0,,,,,
1402,101-AHW,KING'S HAREM - AHWAZ,AHW,,NOT_FOUND,,,0,,,,,
1267,384-YAR,,YAR,,NOT_FOUND,,,0,,,,,
1266,382-YAN,,YAN,,NOT_FOUND,,,0,,,,,
1265,381-YAN,,YAN,,NOT_FOUND,,,0,,,,,
1264,380-YAN,,YAN,,NOT_FOUND,,,0,,,,,
1263,379-YAN,,YAN,,NOT_FOUND,,,0,,,,,
1249,363-TMFO,OUD MINERALΕ,TMFO,Tom Ford,NOT_FOUND,,,0,,,,,
1247,361-TMFO,OMBRE LEATHER,TMFO,Tom Ford,NOT_FOUND,,,0,,,,,
1238,346-TMFO,FUCKING FABULOUS,TMFO,Tom Ford,NOT_FOUND,,,0,,,,,
1232,336-THCO,NARCISSUS NOIR - THE WHITE COMPANY,THCO,,NOT_FOUND,,,0,,,,,
1231,335-THCO,CASHMERE BLANC - THE WHITE COMPANY,THCO,,NOT_FOUND,,,0,,,,,
1230,334-SHI,,SHI,,NOT_FOUND,,,0,,,,,
1226,332-RAM,,RAM,,NOT_FOUND,,,0,,,,,
1225,331-PG,,PG,,NOT_FOUND,,,0,,,,,
1224,330-PG,,PG,,NOT_FOUND,,,0,,,,,
1222,327-PECK,,PECK,,NOT_FOUND,,,0,,,,,
1221,326-PECK,,PECK,,NOT_FOUND,,,0,,,,,
1220,325-PECK,,PECK,,NOT_FOUND,,,0,,,,,
1219,324-PARFD,BOIS DE PARADIS - PARFUMS DELRAE,PARFD,,NOT_FOUND,,,0,,,,,
1216,321-NAS,,NAS,,NOT_FOUND,,,0,,,,,
1214,319-MNT,THE NEW ROSE - MONTALE,MNT,,NOT_FOUND,,,0,,,,,
1213,316-MNT,,MNT,,NOT_FOUND,,,0,,,,,
1212,315-MNT,AOUD ORANGE - MONTALE,MNT,,NOT_FOUND,,,0,,,,,
1210,313-MOL,,MOL,,NOT_FOUND,,,0,,,,,
1209,312-MOL,,MOL,,NOT_FOUND,,,0,,,,,
1208,311-MOL,amber cocoon-mol,MOL,,NOT_FOUND,,,0,,,,,
1206,309-LOC,,LOC,,NOT_FOUND,,,0,,,,,
1205,308-LOC,,LOC,,NOT_FOUND,,,0,,,,,
1204,307-LOC,,LOC,,NOT_FOUND,,,0,,,,,
1203,304-KIE,ORIGINAL MUSK - KIEHL'S,KIE,,NOT_FOUND,,,0,,,,,
1202,303-JOM,Wood Sage & Sea Salt Jo Malone,JOM,Jo Malone London,NOT_FOUND,,,0,,,,,
1201,302-JOM,WISTERIA VIOLET - JO MALONE Clone,JOM,Jo Malone London,NOT_FOUND,,,0,,,,,
1200,301-JOM,"Wild Fig & Cassis Jo Malone Fragrance green, woody, fresh, fruity",JOM,Jo Malone London,NOT_FOUND,,,0,,,,,
1199,300-JOM,WILD BLUEBELL - JO MALONE Type,JOM,Jo Malone London,NOT_FOUND,,,0,,,,,
1198,299-JOM,WHITE LILAC & RHUBARB - JO MALONE Clone,JOM,Jo Malone London,NOT_FOUND,,,0,,,,,
1197,298-JOM,WHITE JASMINE & MINT - JO MALONE,JOM,Jo Malone London,NOT_FOUND,,,0,,,,,
1196,297-JOM,VINTAGE GARDENIA - JO MALONE type is a Floral fragrance for women,JOM,Jo Malone London,NOT_FOUND,,,0,,,,,
1195,295-JOM,VETYVER - JO MALONE is a Woody Aromatic fragrance for women and men,JOM,Jo Malone London,NOT_FOUND,,,0,,,,,
1194,294-JOM,VERBENAS OF PROVENCE - JO MALONE is a Citrus Aromatic fragrance for women,JOM,Jo Malone London,NOT_FOUND,,,0,,,,,
1193,293-JOM,VELVET ROSE OUD - JO MALONE Type is a Oriental Floral fragrance for women and men,JOM,Jo Malone London,NOT_FOUND,,,0,,,,,
1192,292-JOM,VANILLA & ANISE - JO MALONE,JOM,Jo Malone London,NOT_FOUND,,,0,,,,,
1191,290-JOM,SWEET LIME & CEDAR - JO MALONE,JOM,Jo Malone London,NOT_FOUND,,,0,,,,,
1190,289-JOM,SWEET ALMON & MACARRON - JO MALONE,JOM,Jo Malone London,NOT_FOUND,,,0,,,,,
1189,288-JOM,SORREL & LEMON THYME - JO MALONE,JOM,Jo Malone London,NOT_FOUND,,,0,,,,,
1188,287-JOM,SILK BLOSSOM - JO MALONE,JOM,Jo Malone London,NOT_FOUND,,,0,,,,,
1187,286-JOM,SHARDS OF CEDAR & RED THYME - JO MALONE,JOM,Jo Malone London,NOT_FOUND,,,0,,,,,
1186,285-JOM,SAFFRON - JO MALONE,JOM,Jo Malone London,NOT_FOUND,,,0,,,,,
1185,284-JOM,RED ROSES - JO MALONE,JOM,Jo Malone London,NOT_FOUND,,,0,,,,,
1184,282-JOM,POMELO - JO MALONE,JOM,Jo Malone London,NOT_FOUND,,,0,,,,,
1183,281-JOM,POMEGRANATE NOIR - JO MALONE,JOM,Jo Malone London,NOT_FOUND,,,0,,,,,
1182,280-JOM,PLUM BLOSSOM - JO MALONE,JOM,Jo Malone London,NOT_FOUND,,,0,,,,,
1181,279-JOM,PINK VETIVER - JO MALONE,JOM,Jo Malone London,NOT_FOUND,,,0,,,,,
1180,278-JOM,PEONY & MOSS - JO MALONE,JOM,Jo Malone London,NOT_FOUND,,,0,,,,,
1179,277-JOM,PEONY & BLUSH SUEDE - JO MALONE,JOM,Jo Malone London,NOT_FOUND,,,0,,,,,
1178,275-JOM,ORRIS & SANDALWOOD LIMITED EDITION - JO MALONE,JOM,Jo Malone London,NOT_FOUND,,,0,,,,,
1177,274-JOM,ORANGE BLOSSOM - JO MALONE,JOM,Jo Malone London,NOT_FOUND,,,0,,,,,
1176,273-JOM,OOLONG TEA - JO MALONE,JOM,Jo Malone London,NOT_FOUND,,,0,,,,,
1175,272-JOM,NUTMEG & GINGER - JO MALONE,JOM,Jo Malone London,NOT_FOUND,,,0,,,,,
1174,270-JOM,NASTURTIUM & CLOVER - JO MALONE,JOM,Jo Malone London,NOT_FOUND,,,0,,,,,
1173,268-JOM,MYRRH & TONKA - JO MALONE,JOM,Jo Malone London,NOT_FOUND,,,0,,,,,
1172,267-JOM,MIMOSA & CARDAMON - JO MALONE,JOM,Jo Malone London,NOT_FOUND,,,0,,,,,
1171,266-JOM,MIDNIGHT BLACK TEA - JO MALONE,JOM,Jo Malone London,NOT_FOUND,,,0,,,,,
1170,264-JOM,LIME BASIL & MANDARIN - JO MALONE,JOM,Jo Malone London,NOT_FOUND,,,0,,,,,
1169,263-JOM,JADE LEAF TEA - JO MALONE,JOM,Jo Malone London,NOT_FOUND,,,0,,,,,
1168,262-JOM,IRIS & LADY MOORE - JO MALONE,JOM,Jo Malone London,NOT_FOUND,,,0,,,,,
1167,261-JOM,INCENSE & EMBERS - JO MALONE,JOM,Jo Malone London,NOT_FOUND,,,0,,,,,
1166,260-JOM,INCENSE CEDRAT - JO MALONE,JOM,Jo Malone London,NOT_FOUND,,,0,,,,,
1165,259-JOM,HONEYSUCKLE & JASMINE - JO MALONE,JOM,Jo Malone London,NOT_FOUND,,,0,,,,,
1164,258-JOM,GREEN TOMATO LEAF - JO MALONE,JOM,Jo Malone London,NOT_FOUND,,,0,,,,,
1163,257-JOM,GREEN ORANGE & CORIANDER - JO MALONE,JOM,Jo Malone London,NOT_FOUND,,,0,,,,,
1162,256-JOM,GRAPEFRUIT - JO MALONE,JOM,Jo Malone London,NOT_FOUND,,,0,,,,,
1161,255-JOM,GOLDEN NEEDLE TEA - JO MALONE,JOM,Jo Malone London,NOT_FOUND,,,0,,,,,
1160,254-JOM,GARDENIA - JO MALONE,JOM,Jo Malone London,NOT_FOUND,,,0,,,,,
1159,253-JOM,FRENCH LIME BLOSSOM - JO MALONE,JOM,Jo Malone London,NOT_FOUND,,,0,,,,,
1158,251-JOM,ENGLISH PEAR & FREESIA - JO MALONE,JOM,Jo Malone London,NOT_FOUND,,,0,,,,,
1157,250-JOM,English Oak & Hazelnut - Jo Malone,JOM,Jo Malone London,NOT_FOUND,,,0,,,,,
1156,249-JOM,Earl Grey & Cucumber - Jo Malone,JOM,Jo Malone London,NOT_FOUND,,,0,,,,,
1155,248-JOM,Dark Amber & Ginger Lily - Jo Malone,JOM,Jo Malone London,NOT_FOUND,,,0,,,,,
1154,247-JOM,Carrot blossom & Fennel - Jo Malone,JOM,Jo Malone London,NOT_FOUND,,,0,,,,,
1153,245-JOM,Blue Agava & Cacao - Jo Malone,JOM,Jo Malone London,NOT_FOUND,,,0,,,,,
1152,244-JOM,Black Vetyver Cafe - Jo Malone,JOM,Jo Malone London,NOT_FOUND,,,0,,,,,
1151,243-JOM,Black Cedarwood & Juniper - Jo Malone,JOM,Jo Malone London,NOT_FOUND,,,0,,,,,
1150,242-JOM,Blackberry & Bay - Jo Malone,JOM,Jo Malone London,NOT_FOUND,,,0,,,,,
1149,241-JOM,Basil & Neroli Jo Malone,JOM,Jo Malone London,NOT_FOUND,,,0,,,,,
1148,240-JOM,Amber & Patchouli - Jo Malone,JOM,Jo Malone London,NOT_FOUND,,,0,,,,,
1147,239-JOM,Amber & Lavender - Jo Malone,JOM,Jo Malone London,NOT_FOUND,,,0,,,,,
1146,238-JOM,A Shot Of Oud Over Mango - Jo Malone,JOM,Jo Malone London,NOT_FOUND,,,0,,,,,
1145,237-JOM,A Shot Of Thai Over Mango - Jo Malone,JOM,Jo Malone London,NOT_FOUND,,,0,,,,,
1144,236-IND,,IND,,NOT_FOUND,,,0,,,,,
1143,235-HOLL,,HOLL,,NOT_FOUND,,,0,,,,,
1137,192-ARM,ROUGE MALACHITE,ARM,Giorgio Armani,NOT_FOUND,,,0,,,,,
1135,234-ESCE,ESCENTRIC 04,ESCE,,NOT_FOUND,,,0,,,,,
1134,232-ESCE,ESCENTRIC 01 - ESCENTRIC MOLECULES,ESCE,,NOT_FOUND,,,0,,,,,
1133,230-DIP,OPOPANAX,DIP,,NOT_FOUND,,,0,,,,,
1131,228-DIP,FEUILLE DE LAVANDE,DIP,,NOT_FOUND,,,0,,,,,
1130,227-DIP,FEU DE BOIS / WOOD FIRE,DIP,,NOT_FOUND,,,0,,,,,
1129,226-DIP,EAU LENTE,DIP,,NOT_FOUND,,,0,,,,,
1128,225-DIP,EL EAU DES SENS,DIP,,NOT_FOUND,,,0,,,,,
1126,223-DIP,BAIES,DIP,,NOT_FOUND,,,0,,,,,
1124,221-DIP,34 BOULEVARD SAINT GERMAIN 2011,DIP,,NOT_FOUND,,,0,,,,,
1120,217-CRD,the notes of SUBLIME VANILLE,CRD,Creed,NOT_FOUND,,,0,,,,,
1113,207-CRD,HIMALAYIA,CRD,Creed,NOT_FOUND,,,0,,,,,
1111,205-CRD,aven for her,CRD,Creed,NOT_FOUND,,,0,,,,,
1110,204-CRD,Avent,CRD,Creed,NOT_FOUND,,,0,,,,,
1106,200-CIR,,CIR,,NOT_FOUND,,,0,,,,,
1015,994-ZAD,THIS IS HER - ZADIG & VOLTAIRE,ZAD,Zadig & Voltaire,NOT_FOUND,,,0,,,,,
1014,992-ZAD,GIRLS CAN DO ANYTHING - ZADIG & VOLTAIRE,ZAD,Zadig & Voltaire,NOT_FOUND,,,0,,,,,
1009,986-YZLO,OPIUM,YZLO,Yves Saint Laurent,NOT_FOUND,,,0,,,,,
1002,978-YZLO,the notes of the fragrance BLACK OPIUM NUIT BLANCHE,YZLO,Yves Saint Laurent,NOT_FOUND,,,0,,,,,
999,,,,,NOT_FOUND,,,0,,,,,
998,973-VICT,WICKED - VICTORIA'S SECRET,VICT,,NOT_FOUND,,,0,,,,,
997,971-VICT,VERY SEXY TOUCH - VICTORIA'S SECRET,VICT,,NOT_FOUND,,,0,,,,,
996,968-VICT,VERY SEXY NOW - VICTORIAS SECRET,VICT,,NOT_FOUND,,,0,,,,,
995,965-VICT,the fragrance notes ofSEXY LITTLE THINGS-NOIR TEASE TEMPTATION - VICTORIA'S SECRET,VICT,,NOT_FOUND,,,0,,,,,
994,964-VICT,SCANDALOUS - VICTORIA'S SECRET,VICT,,NOT_FOUND,,,0,,,,,
993,963-VICT,PURE SEDUCTION - VICTORIA'S SECRET,VICT,,NOT_FOUND,,,0,,,,,
992,962-VICT,No1 FEATHERED MUSK - VICTORIA'S SECRET,VICT,,NOT_FOUND,,,0,,,,,
991,961-VICT,LOVE SPELL - VICTORIA'S SECRΕΤ,VICT,,NOT_FOUND,,,0,,,,,
990,960-VICT,the fragrance notes ofLOVE ME - VICTORIA'S SECRET,VICT,,NOT_FOUND,,,0,,,,,
989,959-VICT,FORBIDDEN  - VICTORIA'S SECRET,VICT,,NOT_FOUND,,,0,,,,,
988,958-VICT,FABULOUS - VICTORIA'S SECRET,VICT,,NOT_FOUND,,,0,,,,,
987,957-VICT,DREAM ANGELS GLOW - VICTORIA'S SECRET,VICT,,NOT_FOUND,,,0,,,,,
986,956-VICT,CRUSH - VICTORIA'S SECRET,VICT,,NOT_FOUND,,,0,,,,,
985,955-VICT,COCONUT PASSION - VICTORIA'S SECRET,VICT,,NOT_FOUND,,,0,,,,,
984,954-VICT,BOMBSHELL PINK DIAMOND - VICTORIA'S SECRET,VICT,,NOT_FOUND,,,0,,,,,
983,953-VICT,BOMBSHELL FOREVER - VICTORIA'S SECRET,VICT,,NOT_FOUND,,,0,,,,,
981,950-VICT,AMBER ROMANCE - VICTORIA'S SECRET,VICT,,NOT_FOUND,,,0,,,,,
980,949-VIC,FLOWER BOMB BLOOM,VIC,,NOT_FOUND,,,0,,,,,
979,948-VIC,FLOWER BOMB,VIC,,NOT_FOUND,,,0,,,,,
972,941-VAN,,VAN,,NOT_FOUND,,,0,,,,,
971,1270-VAN,,VAN,,NOT_FOUND,,,0,,,,,
970,939-VAL,VALENTINA PINK - VALENTINO,VAL,Valentino,NOT_FOUND,,,0,,,,,
969,938-VAL,VALENTINA - VALENTINO,VAL,Valentino,NOT_FOUND,,,0,,,,,
965,931-TRU,INSIDE,TRU,,NOT_FOUND,,,0,,,,,
961,927-TOUZ,,TOUZ,,NOT_FOUND,,,0,,,,,
960,926-TOM,,TOM,,NOT_FOUND,,,0,,,,,
957,923-TMU,notes AURA,TMU,,NOT_FOUND,,,0,,,,,
953,917-SWA,,SWA,,NOT_FOUND,,,0,,,,,
952,916-SOF,,SOF,,NOT_FOUND,,,0,,,,,
951,915-SIS,,SIS,,NOT_FOUND,,,0,,,,,
950,914-SIS,,SIS,,NOT_FOUND,,,0,,,,,
949,913-SIS,,SIS,,NOT_FOUND,,,0,,,,,
948,912-SHIS,,SHIS,,NOT_FOUND,,,0,,,,,
947,911-SEPH,,SEPH,,NOT_FOUND,,,0,,,,,
946,910-SARJ,,SARJ,,NOT_FOUND,,,0,,,,,
945,909-SFER,,SFER,,NOT_FOUND,,,0,,,,,
944,908-SFER,,SFER,,NOT_FOUND,,,0,,,,,
943,907-SFER,,SFER,,NOT_FOUND,,,0,,,,,
942,906-SFER,,SFER,,NOT_FOUND,,,0,,,,,
941,905-SFER,,SFER,,NOT_FOUND,,,0,,,,,
940,902-SALV,,SALV,,NOT_FOUND,,,0,,,,,
939,904-SALV,,SALV,,NOT_FOUND,,,0,,,,,
938,901-ROG,ROSE - ROGER & GALLET Type,ROG,,NOT_FOUND,,,0,,,,,
936,899-ROC,MADEMOISSELE - ROCHAS,ROC,,NOT_FOUND,,,0,,,,,
935,898-ROC,AQUA WOMAN - ROCHAS,ROC,,NOT_FOUND,,,0,,,,,
934,897-RCAV,TIGER OUD - ROBERTO CAVALLI,RCAV,,NOT_FOUND,,,0,,,,,
933,895-RCAV,SERPENTINE - CAVALLI,RCAV,,NOT_FOUND,,,0,,,,,
932,894-RCAV,PARADISO - ROBERTO CAVALLI,RCAV,,NOT_FOUND,,,0,,,,,
931,893-RCAV,NERO ASSOLUTO - CAVALLI,RCAV,,NOT_FOUND,,,0,,,,,
930,892-RCAV,JUST HER - ROBERTO CAVALLI,RCAV,,NOT_FOUND,,,0,,,,,
929,891-RCAV,JUST GOLD FOR HER - ROBERTO CAVALLI,RCAV,,NOT_FOUND,,,0,,,,,
928,890-RCAV,EXOTICA - CAVALLI,RCAV,,NOT_FOUND,,,0,,,,,
927,889-RCAV,ESSENZA - ROBERTO CAVALLI,RCAV,,NOT_FOUND,,,0,,,,,
926,888-RCAV,DIVINE OUD (U) - ROBERTO CAVALLI,RCAV,,NOT_FOUND,,,0,,,,,
924,886-RIH,RIRI - RIHANNA,RIH,,NOT_FOUND,,,0,,,,,
923,885-REP,,REP,,NOT_FOUND,,,0,,,,,
920,882-PRA,PRADA AMBER MAN,PRA,Prada,NOT_FOUND,,,0,,,,,
918,1239-PRA,INFUSION D'OEILLET - PRADA,PRA,Prada,NOT_FOUND,,,0,,,,,
917,879-PRA,INFUSION D'IRIS - PRADA,PRA,Prada,NOT_FOUND,,,0,,,,,
916,878-PRA,INFUSION DE MIMOSA - PRADA,PRA,Prada,NOT_FOUND,,,0,,,,,
915,875-PRA,CANDY KISS - PRADA,PRA,Prada,NOT_FOUND,,,0,,,,,
914,874-PRA,,PRA,Prada,NOT_FOUND,,,0,,,,,
913,873-PRA,CANDY FLORALE - PRADA,PRA,Prada,NOT_FOUND,,,0,,,,,
911,871-PIER,,PIER,,NOT_FOUND,,,0,,,,,
910,870-PIER,,PIER,,NOT_FOUND,,,0,,,,,
909,869-PIER,,PIER,,NOT_FOUND,,,0,,,,,
908,868-PARH,,PARH,,NOT_FOUND,,,0,,,,,
907,867-PAL,,PAL,,NOT_FOUND,,,0,,,,,
906,866-PAC,ULTRA VIOLET for women,PAC,Rabanne,NOT_FOUND,,,0,,,,,
898,857-ONE,YOU & I - ONE DIRECTION,ONE,,NOT_FOUND,,,0,,,,,
897,856-NIN,RICCI RICCI,NIN,,NOT_FOUND,,,0,,,,,
896,855-NIN,PREMIER JOUR,NIN,,NOT_FOUND,,,0,,,,,
895,853-NIN,NINA,NIN,,NOT_FOUND,,,0,,,,,
893,851-NIN,L'EXTASE,NIN,,NOT_FOUND,,,0,,,,,
892,850-NIN,L'AIR DU TEMPS,NIN,,NOT_FOUND,,,0,,,,,
891,849-NRO,ROSE MUSC - RODRIGUEZ,NRO,Narciso Rodriguez,NOT_FOUND,,,0,,,,,
890,847-NRO,POUDREE NARCISO - NARCISO RODRIGUEZ,NRO,Narciso Rodriguez,NOT_FOUND,,,0,,,,,
889,846-NRO,NARCISO ROUGE - RODRIGUEZ,NRO,Narciso Rodriguez,NOT_FOUND,,,0,,,,,
888,845-NRO,NARCISO (WHITE) - NARCISO RODRIGUEZ,NRO,Narciso Rodriguez,NOT_FOUND,,,0,,,,,
887,843-NRO,FOR HER PINK EAU DE TOILETTE - RODRIGUEZ,NRO,Narciso Rodriguez,NOT_FOUND,,,0,,,,,
886,844-NRO,L'ABSOLU FOR HER  - NARCISO RODRIGUEZ,NRO,Narciso Rodriguez,NOT_FOUND,,,0,,,,,
885,841-NRO,FLEUR MUSK FOR HER - RODRIGUEZ,NRO,Narciso Rodriguez,NOT_FOUND,,,0,,,,,
884,842-NRO,FOR HER BLACK EDP - NARCISO RODRIGUEZ,NRO,Narciso Rodriguez,NOT_FOUND,,,0,,,,,
883,840-NAO,NAOMI - CAMPBELL,NAO,,NOT_FOUND,,,0,,,,,
881,838-MOS,STARS - MOSCHINO,MOS,,NOT_FOUND,,,0,,,,,
880,837-MOS,PINK BOUQUET - MOSCHINO,MOS,,NOT_FOUND,,,0,,,,,
879,836-MOS,L'EAU CHEAP & CHIC - MOSCHINO,MOS,,NOT_FOUND,,,0,,,,,
878,835-MOS,FUNNY MOSCHINO,MOS,,NOT_FOUND,,,0,,,,,
877,833-MOS,CHEAP & CHIC LIGHT CLOUDS - MOSCHINO,MOS,,NOT_FOUND,,,0,,,,,
876,832-MOS,CHEAP & CHIC I LOVE LOVE - MOSCHINO,MOS,,NOT_FOUND,,,0,,,,,
875,831-MOS,CHEAP & CHIC - MOSCHINO,MOS,,NOT_FOUND,,,0,,,,,
874,830-MNTB,LEGEND POUR FEMME - MONT BLANC,MNTB,,NOT_FOUND,,,0,,,,,
873,829-MNTB,FEMME - MONT BLANC,MNTB,,NOT_FOUND,,,0,,,,,
872,828-MIY,L’Eau Bleue Miu Miu,MIY,,NOT_FOUND,,,0,,,,,
871,827-MISN,MISSONI - MISSONI,MISN,,NOT_FOUND,,,0,,,,,
870,825-MIC,WONDERLUST - MICHAEL KORS,MIC,,NOT_FOUND,,,0,,,,,
869,824-MIC,WHITE LUMINOUS GOLD - MICHAEL KORS,MIC,,NOT_FOUND,,,0,,,,,
868,823-MIC,SPORTY CITRUS - MICHAEL KORS,MIC,,NOT_FOUND,,,0,,,,,
867,822-MIC,SEXY RUBY - KORS,MIC,,NOT_FOUND,,,0,,,,,
866,821-MIC,SEXY SUNSET - KORS,MIC,,NOT_FOUND,,,0,,,,,
865,820-MIC,SEXY RIO DE JANEIRO KORS,MIC,,NOT_FOUND,,,0,,,,,
864,819-MIC,SEXY AMBER - KORS,MIC,,NOT_FOUND,,,0,,,,,
863,818-MIC,CORAL - KORS,MIC,,NOT_FOUND,,,0,,,,,
862,817-MIC,24K BRILLIANT GOLD - KORS,MIC,,NOT_FOUND,,,0,,,,,
861,816-MAX,MAX MARA,MAX,,NOT_FOUND,,,0,,,,,
860,815-MAR,HONEY - MARC JACOBS,MAR,,NOT_FOUND,,,0,,,,,
859,814-MAR,DOT - MARC JACOBS,MAR,,NOT_FOUND,,,0,,,,,
858,813-MAR,DECADENCE - MARC JACOBS,MAR,,NOT_FOUND,,,0,,,,,
856,812-MAR,DAISY DREAM - MARC JACOBS,MAR,,NOT_FOUND,,,0,,,,,
855,811-MAR,DAISY - MARC JACOBS,MAR,,NOT_FOUND,,,0,,,,,
852,807-LOL,LOLITA - LOLITA LEMPICKA,LOL,,NOT_FOUND,,,0,,,,,
851,806-LOL,L'EAU JOLIE - LOLITA LEMPICKA,LOL,,NOT_FOUND,,,0,,,,,
850,805-LOL,L DE LOLITA LEMPICKA,LOL,,NOT_FOUND,,,0,,,,,
849,804-LOE,,LOE,,NOT_FOUND,,,0,,,,,
848,801-LANV,MARRY ME,LANV,,NOT_FOUND,,,0,,,,,
847,800-LANV,LANVIN ME,LANV,,NOT_FOUND,,,0,,,,,
846,799-LANV,ECLAT D'ARPEGE,LANV,,NOT_FOUND,,,0,,,,,
831,777-LAL,SCULPTEUR D' EPICES - LALIQUE,LAL,,NOT_FOUND,,,0,,,,,
830,776-LAL,SATINE - LALIQUE,LAL,,NOT_FOUND,,,0,,,,,
829,774-LAL,LIVING LALIQUE - LALIQUE,LAL,,NOT_FOUND,,,0,,,,,
828,773-LAL,AMETHYST - LALIQUE,LAL,,NOT_FOUND,,,0,,,,,
827,772-LAD,,LAD,,NOT_FOUND,,,0,,,,,
826,771-LAP,,LAP,,NOT_FOUND,,,0,,,,,
825,770-LAP,,LAP,,NOT_FOUND,,,0,,,,,
823,768-KIL,WOMAN IN GOLD - KILIAN,KIL,By Kilian,NOT_FOUND,,,0,,,,,
822,766-KIL,MOONLIGHT IN HEAVEN - KILIAN,KIL,By Kilian,NOT_FOUND,,,0,,,,,
821,764-KIL,LIAISONS DANGEREUSES - KILIAN,KIL,By Kilian,NOT_FOUND,,,0,,,,,
820,761-KIL,GOOD GIRL GONE BAD - KILIAN,KIL,By Kilian,NOT_FOUND,,,0,,,,,
819,758-KIL,BACK TO BLACK - KILIAN,KIL,By Kilian,NOT_FOUND,,,0,,,,,
818,756-KEN,WORLD - KENZO,KEN,,NOT_FOUND,,,0,,,,,
817,755-KEN,SUMMER - KENZO,KEN,,NOT_FOUND,,,0,,,,,
814,752-KEN,JUNGLE L'ELEPHANT - KENZO,KEN,,NOT_FOUND,,,0,,,,,
813,751-KEN,JEU D'AMOUR - KENZO,KEN,,NOT_FOUND,,,0,,,,,
812,750-KEN,FLOWER L ELIXIR - KENZO,KEN,,NOT_FOUND,,,0,,,,,
811,749-KEN,FLOWER - KENZO,KEN,,NOT_FOUND,,,0,,,,,
810,748-KEN,COULEUR VIOLET - KENZO,KEN,,NOT_FOUND,,,0,,,,,
809,747-KEN,AMOUR LE PARFUM - KENZO,KEN,,NOT_FOUND,,,0,,,,,
808,746-KAR,,KAR,,NOT_FOUND,,,0,,,,,
807,745-KAR,,KAR,,NOT_FOUND,,,0,,,,,
806,744-JUS,,JUS,,NOT_FOUND,,,0,,,,,
805,743-JUS,,JUS,,NOT_FOUND,,,0,,,,,
804,742-JUI,,JUI,,NOT_FOUND,,,0,,,,,
803,741-JUI,,JUI,,NOT_FOUND,,,0,,,,,
802,739-JUI,,JUI,,NOT_FOUND,,,0,,,,,
801,738-JUI,,JUI,,NOT_FOUND,,,0,,,,,
800,737-JUI,,JUI,,NOT_FOUND,,,0,,,,,
799,736-JUI,,JUI,,NOT_FOUND,,,0,,,,,
798,735-JIM,,JIM,Jimmy Choo,NOT_FOUND,,,0,,,,,
797,734-JIM,,JIM,Jimmy Choo,NOT_FOUND,,,0,,,,,
796,733-JIM,,JIM,Jimmy Choo,NOT_FOUND,,,0,,,,,
795,732-JIM,,JIM,Jimmy Choo,NOT_FOUND,,,0,,,,,
794,730-JIM,,JIM,Jimmy Choo,NOT_FOUND,,,0,,,,,
793,729-JIM,,JIM,Jimmy Choo,NOT_FOUND,,,0,,,,,
791,727-JEN,,JEN,,NOT_FOUND,,,0,,,,,
789,723-GUL,X CLASSIQUE,GUL,Jean Paul Gaultier,NOT_FOUND,,,0,,,,,
786,719-ISS,PLEATS PLEASE - ISSEY MIYAKE,ISS,,NOT_FOUND,,,0,,,,,
784,717-ISS,CLASSIC - ISSEY MIYAKE,ISS,,NOT_FOUND,,,0,,,,,
783,716-ISS,A SCENT - ISSEY MIYAKE,ISS,,NOT_FOUND,,,0,,,,,
782,715-HUG,WOMAN EXTREME - HUGO BOSS,HUG,,NOT_FOUND,,,0,,,,,
781,714-HUG,THE SCENT FOR HER - HUGO BOSS,HUG,,NOT_FOUND,,,0,,,,,
780,713-HUG,MA VIE - HUGO BOSS,HUG,,NOT_FOUND,,,0,,,,,
779,712-HUG,HUGO BOSS WOMAN,HUG,,NOT_FOUND,,,0,,,,,
778,711-HUG,BOSS ORANGE FEMME - HUGO BOSS,HUG,,NOT_FOUND,,,0,,,,,
777,710-HUG,BOSS JOUR - HUGO BOSS,HUG,,NOT_FOUND,,,0,,,,,
776,709-HER,VOYAGE D'HERMES - HERMES,HER,Hermès,NOT_FOUND,,,0,,,,,
775,708-HER,UN JARDIN SUR LE NIL - HERMES Unisex,HER,Hermès,NOT_FOUND,,,0,,,,,
773,706-HER,OSMANTHE YUNNAN - HERMES,HER,Hermès,NOT_FOUND,,,0,,,,,
772,705-HER,LE JARDIN DE MONSIEUR LI - HERMES,HER,Hermès,NOT_FOUND,,,0,,,,,
771,704-HER,L'AMBRE DES MERVEILLES - HERMES,HER,Hermès,NOT_FOUND,,,0,,,,,
768,700-HER,ELIXIR DES MERVEILLES - HERMES,HER,Hermès,NOT_FOUND,,,0,,,,,
766,697-HER,AMBRE NARGUILE - HERMES,HER,Hermès,NOT_FOUND,,,0,,,,,
765,696-GLA,,GLA,,NOT_FOUND,,,0,,,,,
764,695-GUE,,GUE,,NOT_FOUND,,,0,,,,,
763,693-GUR,SHALIMAR PARFUM - GUERLAIN,GUR,Guerlain,NOT_FOUND,,,0,,,,,
762,692-GUR,SAMSARA - GUERLAIN,GUR,Guerlain,NOT_FOUND,,,0,,,,,
761,691-GUR,MUGUET - GUERLAIN,GUR,Guerlain,NOT_FOUND,,,0,,,,,
760,690-GUR,MON GUERLAIN - GUERLAIN,GUR,Guerlain,NOT_FOUND,,,0,,,,,
759,688-GUR,L'INSTANT MAGIC - GUERLAIN,GUR,Guerlain,NOT_FOUND,,,0,,,,,
758,686-GUR,INSOLENCE - GUERLAIN,GUR,Guerlain,NOT_FOUND,,,0,,,,,
757,684-GUR,BAISER DE RUSSIE - GUERLAIN,GUR,Guerlain,NOT_FOUND,,,0,,,,,
756,682-GUR,AQUA ALLEGORIA FLORA ROSA - GUERLAIN,GUR,Guerlain,NOT_FOUND,,,0,,,,,
754,680-GUC,G,GUC,Gucci,NOT_FOUND,,,0,,,,,
753,678-GUC,Guilty,GUC,Gucci,NOT_FOUND,,,0,,,,,
749,673-GRS,,GRS,,NOT_FOUND,,,0,,,,,
739,663-GIV,the fragrance Amarige Mariage,GIV,Givenchy,NOT_FOUND,,,0,,,,,
731,651-ARM,LEI/ELLE/SHE/ELLA,ARM,Giorgio Armani,NOT_FOUND,,,0,,,,,
730,650-ARM,BECAUSE IT'S YOU,ARM,Giorgio Armani,NOT_FOUND,,,0,,,,,
729,649-ARM,CODE TURQUOISE,ARM,Giorgio Armani,NOT_FOUND,,,0,,,,,
728,648-ARM,CODE SATIN,ARM,Giorgio Armani,NOT_FOUND,,,0,,,,,
723,641-FRE,the notes of PORTRAIT OF A LADY,FRE,,NOT_FOUND,,,0,,,,,
722,640-FEN,,FEN,,NOT_FOUND,,,0,,,,,
721,639-FEN,,FEN,,NOT_FOUND,,,0,,,,,
720,638-EST,WHITE LINEN - ESTEE LAUDER,EST,,NOT_FOUND,,,0,,,,,
719,636-EST,SENSUOUS NUDE - ESTEE LAUDER,EST,,NOT_FOUND,,,0,,,,,
718,635-EST,SENSUOUS NOIR - ESTEE LAUDER,EST,,NOT_FOUND,,,0,,,,,
716,633-EST,TUBEROSE GARDENIA - ESTEE LAUDER,EST,,NOT_FOUND,,,0,,,,,
715,632-EST,JASMIN WHITE MOSS - ESTEE LAUDER,EST,,NOT_FOUND,,,0,,,,,
714,631-EST,PRIVATE COLLECTION - ESTEE LAUDER,EST,,NOT_FOUND,,,0,,,,,
713,630-EST,PLEASURES DELIGHT - ESTEE LAUDER,EST,,NOT_FOUND,,,0,,,,,
712,629-EST,PLEASURES - ESTEE LAUDER,EST,,NOT_FOUND,,,0,,,,,
710,627-EST,MODERN MUSE LE ROUGE - ESTEE LAUDER,EST,,NOT_FOUND,,,0,,,,,
709,626-EST,MODERN MUSE - ESTEE LAUDER,EST,,NOT_FOUND,,,0,,,,,
708,625-EST,KNOWING  - ESTEE LAUDER,EST,,NOT_FOUND,,,0,,,,,
707,624-EST,INTUITION - ESTEE LAUDER,EST,,NOT_FOUND,,,0,,,,,
706,623-EST,ESTEE - ESTEE LAUDER,EST,,NOT_FOUND,,,0,,,,,
705,622-EST,CINNABAR - ESTEE LAUDER,EST,,NOT_FOUND,,,0,,,,,
704,621-EST,BR,EST,,NOT_FOUND,,,0,,,,,
703,620-EST,BRONZE GODDESS SOLEIL - ESTEE LAUDER,EST,,NOT_FOUND,,,0,,,,,
702,619-EST,BR,EST,,NOT_FOUND,,,0,,,,,
701,618-EST,BRONZE GODDESS CAPRI - ESTEE LAUDER,EST,,NOT_FOUND,,,0,,,,,
700,617-EST,BRASIL DREAM - ESTEE LAUDER,EST,,NOT_FOUND,,,0,,,,,
699,616-EST,BEYOND PARADISE - ESTEE LAUDER,EST,,NOT_FOUND,,,0,,,,,
698,614-EST,BEAUTIFUL - ESTEE LAUDER,EST,,NOT_FOUND,,,0,,,,,
697,613-ESC,,ESC,,NOT_FOUND,,,0,,,,,
696,612-ESC,,ESC,,NOT_FOUND,,,0,,,,,
695,611-ESC,TAJ SUNSET - ESCADA,ESC,,NOT_FOUND,,,0,,,,,
694,610-ESC,SORBETTO ROSSO - ESCADA,ESC,,NOT_FOUND,,,0,,,,,
693,607-ESC,MARINE GROOVE - ESCADA,ESC,,NOT_FOUND,,,0,,,,,
692,606-ESC,MARGARETHA LEY (CLASSIC) - ESCADA,ESC,,NOT_FOUND,,,0,,,,,
691,604-ESC,MAGNETISM - ESCADA,ESC,,NOT_FOUND,,,0,,,,,
690,603-ESC,INCREDIBLE ME - ESCADA,ESC,,NOT_FOUND,,,0,,,,,
689,602-ESC,JOYFUL - ESCADA,ESC,,NOT_FOUND,,,0,,,,,
688,600-ESC,FIESTA CARIOCA - ESCADA,ESC,,NOT_FOUND,,,0,,,,,
687,599-ESC,CHERRY IN THE AIR - ESCADA,ESC,,NOT_FOUND,,,0,,,,,
686,598-ESC,the fragrance notes ofCELEBRATE NOW - ESCADA,ESC,,NOT_FOUND,,,0,,,,,
685,597-ESC,BORN IN PARADISE,ESC,,NOT_FOUND,,,0,,,,,
684,596-ESC,AGUA DEL SOL,ESC,,NOT_FOUND,,,0,,,,,
683,595-EMIL,EMILIO PUCCI,EMIL,,NOT_FOUND,,,0,,,,,
682,594-EMAN,DIVA - EMANOUEL UNGARO,EMAN,,NOT_FOUND,,,0,,,,,
681,593-ELZT,,ELZT,,NOT_FOUND,,,0,,,,,
680,592-ELIZ,,ELIZ,Elizabeth Arden,NOT_FOUND,,,0,,,,,
679,591-ELIZ,,ELIZ,Elizabeth Arden,NOT_FOUND,,,0,,,,,
678,590-ELIZ,,ELIZ,Elizabeth Arden,NOT_FOUND,,,0,,,,,
677,588-ELI,,ELI,,NOT_FOUND,,,0,,,,,
676,587-DSQ,,DSQ,,NOT_FOUND,,,0,,,,,
675,586-DSQ,,DSQ,,NOT_FOUND,,,0,,,,,
674,585-DSQ,,DSQ,,NOT_FOUND,,,0,,,,,
673,584-DSQ,,DSQ,,NOT_FOUND,,,0,,,,,
671,582-DON,,DON,Donna Karan,NOT_FOUND,,,0,,,,,
670,581-DON,MY NY - Donna Karan,DON,Donna Karan,NOT_FOUND,,,0,,,,,
669,580-DON,GOLDEN DELICIOUS - DKNY,DON,Donna Karan,NOT_FOUND,,,0,,,,,
668,579-DON,FRUITY ROOTY - DKNY,DON,Donna Karan,NOT_FOUND,,,0,,,,,
667,578-DON,DKNY,DON,Donna Karan,NOT_FOUND,,,0,,,,,
666,577-DON,CASHMERE MIST - DKNY,DON,Donna Karan,NOT_FOUND,,,0,,,,,
665,576-DON,,DON,Donna Karan,NOT_FOUND,,,0,,,,,
664,575-DON,BE TEMPTED - DKNY,DON,Donna Karan,NOT_FOUND,,,0,,,,,
663,574-DON,BE DELICIOUS - DKNY,DON,Donna Karan,NOT_FOUND,,,0,,,,,
662,573-DIE,LOVERDOSE RED KISS - DIESEL,DIE,,NOT_FOUND,,,0,,,,,
661,572-DIE,LOVERDOS,DIE,,NOT_FOUND,,,0,,,,,
660,571-DAV,,DAV,,NOT_FOUND,,,0,,,,,
659,570-DOL,(RED CUP),DOL,Dolce&Gabbana,NOT_FOUND,,,0,,,,,
652,562-DOL,POUR FEMME INTENSE,DOL,Dolce&Gabbana,NOT_FOUND,,,0,,,,,
642,552-DOL,ANTHOLOGY L'IMPERATRICE 3,DOL,Dolce&Gabbana,NOT_FOUND,,,0,,,,,
641,551-COUR,HYPERBOLE - COURREGES,COUR,,NOT_FOUND,,,0,,,,,
640,550-COA,COACH THE FRAGRANCE - COACH,COA,,NOT_FOUND,,,0,,,,,
638,548-CLI,HAPPY - CLINIQUE,CLI,,NOT_FOUND,,,0,,,,,
637,547-CLI,BEYOND ROSE - CLINIQUE,CLI,,NOT_FOUND,,,0,,,,,
636,546-CLI,AROMATICS IN WHITE - CLINIQUE,CLI,,NOT_FOUND,,,0,,,,,
635,545-CLI,AROMATICS ELIXIR - CLINIQUE,CLI,,NOT_FOUND,,,0,,,,,
630,537-DRC,Fragrance MISS CHERIE,DRC,Dior,NOT_FOUND,,,0,,,,,
629,536-DRC,BLOOMING BOUQUET,DRC,Dior,NOT_FOUND,,,0,,,,,
628,535-DRC,MISS ABSOLUTELY BLOOMING,DRC,Dior,NOT_FOUND,,,0,,,,,
620,527-DRC,GRAND BAL,DRC,Dior,NOT_FOUND,,,0,,,,,
619,526-DRC,ESCALE A PORTOFINO,DRC,Dior,NOT_FOUND,,,0,,,,,
615,520-CHO,WISH - CHOPARD,CHO,,NOT_FOUND,,,0,,,,,
614,519-CHO,HAPPY SPIRIT AMIRA D'AMOUR - CHOPARD,CHO,,NOT_FOUND,,,0,,,,,
613,518-CHO,CASMIR - CHOPARD,CHO,,NOT_FOUND,,,0,,,,,
612,517-CHL,SEE - CHLOE,CHL,Chloé,NOT_FOUND,,,0,,,,,
611,516-CHL,ROSES DE CHLOE - CHLOE,CHL,Chloé,NOT_FOUND,,,0,,,,,
610,515-CHL,NOMADE - CHLOE,CHL,Chloé,NOT_FOUND,,,0,,,,,
609,514-CHL,LOVE STORY - CHLOE,CHL,Chloé,NOT_FOUND,,,0,,,,,
608,513-CHL,LOVE - CHLOE,CHL,Chloé,NOT_FOUND,,,0,,,,,
606,511-CHL,FLEUR DE PARFUM - CHLOE,CHL,Chloé,NOT_FOUND,,,0,,,,,
605,510-CHL,Chloé,CHL,Chloé,NOT_FOUND,,,0,,,,,
603,508-CHA,the fragrance Coco Black,CHA,Chanel,NOT_FOUND,,,0,,,,,
602,507-CHA,COCON MADEM INTENSE,CHA,Chanel,NOT_FOUND,,,0,,,,,
601,506-CHA,COCON MADEM,CHA,Chanel,NOT_FOUND,,,0,,,,,
600,505-CHA,COCO EAUDEPARFUM,CHA,Chanel,NOT_FOUND,,,0,,,,,
599,504-CHA,Five L'EAU,CHA,Chanel,NOT_FOUND,,,0,,,,,
598,503-CHA,No 5 EAU PREMIER,CHA,Chanel,NOT_FOUND,,,0,,,,,
596,501-CHA,No 19 POUDRE,CHA,Chanel,NOT_FOUND,,,0,,,,,
595,500-CHA,No 19,CHA,Chanel,NOT_FOUND,,,0,,,,,
589,493-CER,the aromatic notes of 1881 CERRUTI FOR WOMEN,CER,,NOT_FOUND,,,0,,,,,
588,492-CARV,LE PARFUM - CARVEN,CARV,,NOT_FOUND,,,0,,,,,
585,489-CRT,LA PANTHERE - CARTIER,CRT,,NOT_FOUND,,,0,,,,,
584,488-CRT,CARAT - CARTIER,CRT,,NOT_FOUND,,,0,,,,,
583,487-CRT,BAISER VOLE - CARTIER,CRT,,NOT_FOUND,,,0,,,,,
576,478-CAL,SECRET OBSESSION - CALVIN KLEIN,CAL,,NOT_FOUND,,,0,,,,,
575,477-CAL,REVEAL - CALVIN KLEIN,CAL,,NOT_FOUND,,,0,,,,,
574,1052-CAL,ONE SUMMER 2014 - CALVIN KLEIN,CAL,,NOT_FOUND,,,0,,,,,
573,475-CAL,OBSESSION - CALVIN KLEIN,CAL,,NOT_FOUND,,,0,,,,,
572,474-CAL,OBSESSED - CALVIN KLEIN,CAL,,NOT_FOUND,,,0,,,,,
571,473-CAL,EUPHORIA GOLD-CK,CAL,,NOT_FOUND,,,0,,,,,
570,472-CAL,EUPHORIA - CALVIN KLEIN,CAL,,NOT_FOUND,,,0,,,,,
569,470-CAL,ETERNITY - CALVIN KLEIN,CAL,,NOT_FOUND,,,0,,,,,
568,469-CAL,ESCAPE - CALVIN KLEIN,CAL,,NOT_FOUND,,,0,,,,,
567,468-CAL,DOWN TOWN - CALVIN KLEIN,CAL,,NOT_FOUND,,,0,,,,,
566,467-CAL,CONTRADICTION - CALVIN KLEIN,CAL,,NOT_FOUND,,,0,,,,,
565,465-CAL,BEAUTY - CALVIN KLEIN,CAL,,NOT_FOUND,,,0,,,,,
550,445-BLG,OMNIA AMETHYST,BLG,,NOT_FOUND,,,0,,,,,
544,438-BLG,CORAL OMNIA,BLG,,NOT_FOUND,,,0,,,,,
543,437-BLG,,BLG,,NOT_FOUND,,,0,,,,,
542,436-BLG,BLV for Women,BLG,,NOT_FOUND,,,0,,,,,
541,435-BLG,,BLG,,NOT_FOUND,,,0,,,,,
538,1496-BRB,BURBERRY WEEKEND,BRB,,NOT_FOUND,,,0,,,,,
537,431-BRB,BURBERRY TOUCH,BRB,,NOT_FOUND,,,0,,,,,
535,429-BRB,BURBERRY SUMMER WOMEN,BRB,,NOT_FOUND,,,0,,,,,
534,428-BRB,BURBERRY SPORT,BRB,,NOT_FOUND,,,0,,,,,
532,426-BRB,BURBERRY LONDON,BRB,,NOT_FOUND,,,0,,,,,
530,424-BRB,BURBERRY CLASSIC,BRB,,NOT_FOUND,,,0,,,,,
528,422-BRB,BURBERRY BODY TENDER,BRB,,NOT_FOUND,,,0,,,,,
527,421-BRB,BURBERRY BODY,BRB,,NOT_FOUND,,,0,,,,,
525,419-BRI,ROCKER FEMME FANTASY - BRITNEY SPEARS,BRI,,NOT_FOUND,,,0,,,,,
524,418-BRI,FANTASY - BRITNEY SPEARS,BRI,,NOT_FOUND,,,0,,,,,
523,417-BOUR,SOIR DE PARIS - BOURJOIS,BOUR,,NOT_FOUND,,,0,,,,,
522,416-BOU,PLACE VENDOME WHITE GOLD - BOUCHERON,BOU,,NOT_FOUND,,,0,,,,,
520,414-BOT,KNOT - BOTTEGA VENETA,BOT,Bottega Veneta,NOT_FOUND,,,0,,,,,
519,413-BOT,BOTTEGA VENETA-BOTTEGA VENETA,BOT,Bottega Veneta,NOT_FOUND,,,0,,,,,
518,411-BOD,WHITE MUSK - BODY SHOP,BOD,,NOT_FOUND,,,0,,,,,
517,409-BOB,BEACH - BOBBI BROWN,BOB,,NOT_FOUND,,,0,,,,,
516,407-BAT,PINK AMBER  & MOROCCO ORCHID  - BATH & BODY WORKS,BAT,,NOT_FOUND,,,0,,,,,
513,404-BAL,BALE PARIS,BAL,,NOT_FOUND,,,0,,,,,
511,400-ARIA,Ari Ariana Grande,ARIA,,NOT_FOUND,,,0,,,,,
509,398-AQU,PINK SUGAR - AQUOLINA,AQU,,NOT_FOUND,,,0,,,,,
506,395-AGE,FATALE PINK - AGENT PROVOCATEUR,AGE,,NOT_FOUND,,,0,,,,,
505,394-AGE,APHRODISIAQUE - AGENT PROVOCATEUR,AGE,,NOT_FOUND,,,0,,,,,
502,390-ACQ,Mandorlo di Sicilia,ACQ,Acqua di Parma,NOT_FOUND,,,0,,,,,
501,1493-ACQ,FICO DI AMALFI,ACQ,Acqua di Parma,NOT_FOUND,,,0,,,,,
365,1290-ZAD,THIS IS HIM - ZADIG & VOLTAIRE Type,ZAD,Zadig & Voltaire,NOT_FOUND,,,0,,,,,
355,1279-YZLO,KOUROS SILVER,YZLO,Yves Saint Laurent,NOT_FOUND,,,0,,,,,
350,1274-VER,DYLAN BLUE,VER,Versace,NOT_FOUND,,,0,,,,,
349,1273-VER,DREAMER,VER,Versace,NOT_FOUND,,,0,,,,,
347,1271-VAN,,VAN,,NOT_FOUND,,,0,,,,,
346,1270-VAN,,VAN,,NOT_FOUND,,,0,,,,,
345,1269-VAL,VALENTINO UOMO EDITION NOIR,VAL,Valentino,NOT_FOUND,,,0,,,,,
344,1268-VAL,"VALENTINO UOMO - VALENTINO Perfume with rich roast coffee, hazelnut, and chocolate",VAL,Valentino,NOT_FOUND,,,0,,,,,
343,1267-TRU,UOMO THE RED,TRU,,NOT_FOUND,,,0,,,,,
339,1263-TRU,A WAY FOR HIM,TRU,,NOT_FOUND,,,0,,,,,
336,1259-SHU,,SHU,,NOT_FOUND,,,0,,,,,
335,1258-SFER,,SFER,,NOT_FOUND,,,0,,,,,
334,1257-SFER,,SFER,,NOT_FOUND,,,0,,,,,
333,1256-ROC,ROCHAS MAN,ROC,,NOT_FOUND,,,0,,,,,
331,1254-RCAV,JUST HIM - ROBERTO CAVALLI,RCAV,,NOT_FOUND,,,0,,,,,
330,1253-RCAV,JUST CAVALLI GOLD FOR HIM - ROBERTO CAVALLI,RCAV,,NOT_FOUND,,,0,,,,,
329,1252-RCAV,BLACK - ROBERTO CAVALLI,RCAV,,NOT_FOUND,,,0,,,,,
328,1251-ROM,,ROM,,NOT_FOUND,,,0,,,,,
322,1245-PRA,PRADA AMBER,PRA,Prada,NOT_FOUND,,,0,,,,,
320,1243-PRA,LUNA ROSSA SPORT PRADA,PRA,Prada,NOT_FOUND,,,0,,,,,
319,1242-PRA,LUNA ROSSA EXTREME PRADA,PRA,Prada,NOT_FOUND,,,0,,,,,
318,1241-PRA,LUNA ROSSA CARBON - PRADA,PRA,Prada,NOT_FOUND,,,0,,,,,
317,1240-PRA,LUNA ROSSA - PRADA,PRA,Prada,NOT_FOUND,,,0,,,,,
315,1238-PRA,INFUSION D'HOMME - PRADA,PRA,Prada,NOT_FOUND,,,0,,,,,
314,1237-PIN,,PIN,,NOT_FOUND,,,0,,,,,
313,1235-PAC,ULTRAVIOLET for men,PAC,Rabanne,NOT_FOUND,,,0,,,,,
312,1233-PAC,PURE XS EDT,PAC,Rabanne,NOT_FOUND,,,0,,,,,
311,1232-PAC,,PAC,Rabanne,NOT_FOUND,,,0,,,,,
310,1231-PAC,ONE MILLION PRIVE,PAC,Rabanne,NOT_FOUND,,,0,,,,,
309,1229-PAC,ONE MILLION,PAC,Rabanne,NOT_FOUND,,,0,,,,,
306,1225-PAC,BLACK XS for men,PAC,Rabanne,NOT_FOUND,,,0,,,,,
305,1224-APO,SCULPTURE - NIKOS APOSTOLOPOULOS,APO,,NOT_FOUND,,,0,,,,,
304,1223-NRO,NARCISO POUR HOMME - RODRIGUEZ,NRO,Narciso Rodriguez,NOT_FOUND,,,0,,,,,
303,1222-NRO,BLEU NOIR,NRO,Narciso Rodriguez,NOT_FOUND,,,0,,,,,
302,1221-MOS,UOMO? - MOSCHINO,MOS,,NOT_FOUND,,,0,,,,,
300,1219-MOS,POUR HOMME - MOSCHINO,MOS,,NOT_FOUND,,,0,,,,,
299,1218-MOS,FOREVER  - MOSCHINO,MOS,,NOT_FOUND,,,0,,,,,
297,1215-MNTB,PRESENCE - MONT BLANC,MNTB,,NOT_FOUND,,,0,,,,,
296,1214-MNTB,LEGEND SPIRIT - MONT BLANC,MNTB,,NOT_FOUND,,,0,,,,,
295,1213-MNTB,LEGEND NIGHT - MONT BLANC,MNTB,,NOT_FOUND,,,0,,,,,
294,1212-MNTB,LEGEND INTENSE - MONT BLANC,MNTB,,NOT_FOUND,,,0,,,,,
293,1211-MNTB,LEGEND FOR MEN - MONT BLANC,MNTB,,NOT_FOUND,,,0,,,,,
292,1210-MNTB,INDIVIDUEL - MONT BLANC,MNTB,,NOT_FOUND,,,0,,,,,
291,1208-MNTB,EMBLEM - MONT BLANC,MNTB,,NOT_FOUND,,,0,,,,,
290,1207-MIC,KORS FOR MEN,MIC,,NOT_FOUND,,,0,,,,,
289,1206-MAR,BANG - MARC JACOBS,MAR,,NOT_FOUND,,,0,,,,,
288,1204-LOE,,LOE,,NOT_FOUND,,,0,,,,,
286,1202-LOE,,LOE,,NOT_FOUND,,,0,,,,,
284,777-LAL,,LAL,,NOT_FOUND,,,0,,,,,
283,1198-LAL,,LAL,,NOT_FOUND,,,0,,,,,
282,1197-LAC,LACOSTE HOMME,LAC,,NOT_FOUND,,,0,,,,,
278,1193-KEN,TOTEM ORANGE - KENZO,KEN,,NOT_FOUND,,,0,,,,,
276,1191-KEN,L' EAU PAR ELECTRIC WAVE -KENZO,KEN,,NOT_FOUND,,,0,,,,,
275,1190-KEN,KENZO - KENZO,KEN,,NOT_FOUND,,,0,,,,,
274,1189-KEN,HOMME SPORT EXTREME - KENZO,KEN,,NOT_FOUND,,,0,,,,,
273,1186-JOO,,JOO,,NOT_FOUND,,,0,,,,,
272,1185-JOO,,JOO,,NOT_FOUND,,,0,,,,,
271,1184-JOO,,JOO,,NOT_FOUND,,,0,,,,,
270,1183-VAR,,VAR,,NOT_FOUND,,,0,,,,,
269,1182-JIM,,JIM,Jimmy Choo,NOT_FOUND,,,0,,,,,
264,1176-GUL,GAULT 2,GUL,Jean Paul Gaultier,NOT_FOUND,,,0,,,,,
263,1175-JAC,,JAC,,NOT_FOUND,,,0,,,,,
261,1174-JAC,,JAC,,NOT_FOUND,,,0,,,,,
260,1173-ISS,Nuit d'Issey Bleu Astral - ISSEY MIYAKE,ISS,,NOT_FOUND,,,0,,,,,
259,1172-ISS,EAU D'ISSEY HOMME - ISSEY MIYAKE,ISS,,NOT_FOUND,,,0,,,,,
258,1171-HUG,UNLIMITED - HUGO BOSS,HUG,,NOT_FOUND,,,0,,,,,
256,1169-HUG,THE SCENT - HUGO BOSS,HUG,,NOT_FOUND,,,0,,,,,
255,1168-HUG,HUGO ICED - BOSS,HUG,,NOT_FOUND,,,0,,,,,
254,1166-HUG,HUGO DARK BLUE - HUGO BOSS,HUG,,NOT_FOUND,,,0,,,,,
253,1165-HUG,ENERGISE - HUGO BOSS,HUG,,NOT_FOUND,,,0,,,,,
252,1164-HUG,ELEMENTS - HUGO BOSS,HUG,,NOT_FOUND,,,0,,,,,
251,1163-HUG,BOSS ORANGE - HUGO BOSS,HUG,,NOT_FOUND,,,0,,,,,
250,1162-HUG,BOSS BOTTLED TONIC - HUGO,HUG,,NOT_FOUND,,,0,,,,,
249,1160-HUG,,HUG,,NOT_FOUND,,,0,,,,,
247,1158-HER,TERRE EAU TRES FRAICHE - HERMES,HER,Hermès,NOT_FOUND,,,0,,,,,
246,1156-HER,TERRE D'HERMES - HERMES,HER,Hermès,NOT_FOUND,,,0,,,,,
245,1155-HER,POIVRE SAMARCANDE HERMES,HER,Hermès,NOT_FOUND,,,0,,,,,
244,1154-HER,UN JARDIN EN MEDITERRANEE - HERMES,HER,Hermès,NOT_FOUND,,,0,,,,,
243,1153-HER,EAU DE MANDARINE AMBREE - HERMES,HER,Hermès,NOT_FOUND,,,0,,,,,
242,1152-HER,BEL AMI - HERMES,HER,Hermès,NOT_FOUND,,,0,,,,,
241,1151-HAL,,HAL,,NOT_FOUND,,,0,,,,,
240,1150-GLA,,GLA,,NOT_FOUND,,,0,,,,,
239,1149-GUR,L' HOMME IDEAL - GUERLAIN,GUR,Guerlain,NOT_FOUND,,,0,,,,,
236,1146-GUC,Guilty Intense,GUC,Gucci,NOT_FOUND,,,0,,,,,
234,1144-GUC,G,GUC,Gucci,NOT_FOUND,,,0,,,,,
231,1141-GIV,P,GIV,Givenchy,NOT_FOUND,,,0,,,,,
227,1136-ARM,STRONGER WITH YOU,ARM,Giorgio Armani,NOT_FOUND,,,0,,,,,
226,1134-ARM,DIAMONDS,ARM,Giorgio Armani,NOT_FOUND,,,0,,,,,
225,1133-ARM,BLACK CODE,ARM,Giorgio Armani,NOT_FOUND,,,0,,,,,
222,1130-ARM,CODE PROFUMO,ARM,Giorgio Armani,NOT_FOUND,,,0,,,,,
221,1129-ARM,CODE ICE,ARM,Giorgio Armani,NOT_FOUND,,,0,,,,,
220,1128-ARM,CODE COLONIA,ARM,Giorgio Armani,NOT_FOUND,,,0,,,,,
215,1122-GFE,,GFE,,NOT_FOUND,,,0,,,,,
213,1120-FER,,FER,,NOT_FOUND,,,0,,,,,
212,1119-FEN,,FEN,,NOT_FOUND,,,0,,,,,
211,1118-FAB,,FAB,,NOT_FOUND,,,0,,,,,
210,1117-EST,INTUITION - ESTEE LAUDER,EST,,NOT_FOUND,,,0,,,,,
209,1116-ZEG,,ZEG,Ermenegildo Zegna,NOT_FOUND,,,0,,,,,
208,1115-ZEG,,ZEG,Ermenegildo Zegna,NOT_FOUND,,,0,,,,,
206,1135-ARM,LUI/IL/HE/EL,ARM,Giorgio Armani,NOT_FOUND,,,0,,,,,
205,1114-DUN,,DUN,,NOT_FOUND,,,0,,,,,
204,1113-DSQ,,DSQ,,NOT_FOUND,,,0,,,,,
203,1112-DSQ,,DSQ,,NOT_FOUND,,,0,,,,,
202,1111-DSQ,,DSQ,,NOT_FOUND,,,0,,,,,
201,1110-DSQ,,DSQ,,NOT_FOUND,,,0,,,,,
200,1109-DIE,,DIE,,NOT_FOUND,,,0,,,,,
199,1108-DIE,ONLY THE BRAVE - DIESEL,DIE,,NOT_FOUND,,,0,,,,,
198,1107-DIE,BAD - DIESEL,DIE,,NOT_FOUND,,,0,,,,,
197,1106-DAV,,DAV,,NOT_FOUND,,,0,,,,,
196,1105-DAV,,DAV,,NOT_FOUND,,,0,,,,,
195,1104-DAV,,DAV,,NOT_FOUND,,,0,,,,,
194,1103-DAV,,DAV,,NOT_FOUND,,,0,,,,,
193,1102-DAV,,DAV,,NOT_FOUND,,,0,,,,,
190,1098-DOL,Pour Homme 1994,DOL,Dolce&Gabbana,NOT_FOUND,,,0,,,,,
187,1095-DOL,LIGHT BLUE MAN,DOL,Dolce&Gabbana,NOT_FOUND,,,0,,,,,
186,1093-DOL,INTENSO,DOL,Dolce&Gabbana,NOT_FOUND,,,0,,,,,
184,1089-COM,,COM,,NOT_FOUND,,,0,,,,,
183,1087-COM,,COM,,NOT_FOUND,,,0,,,,,
182,1086-CLI,HAPPY - CLINIQUE,CLI,,NOT_FOUND,,,0,,,,,
169,1073-DRC,HOMME PARFUM,DRC,Dior,NOT_FOUND,,,0,,,,,
161,1064-CHA,ALLURE FOR MEN,CHA,Chanel,NOT_FOUND,,,0,,,,,
160,1063-CER,,CER,,NOT_FOUND,,,0,,,,,
159,1062-CRT,ROADSTER - CARTIER,CRT,,NOT_FOUND,,,0,,,,,
158,1061-CRT,PASHA DE CARTIER - CARTIER,CRT,,NOT_FOUND,,,0,,,,,
157,1060-CRT,L'ENVOL DE CARTIER,CRT,,NOT_FOUND,,,0,,,,,
156,1059-CRT,DECLARATION - CARTIER,CRT,,NOT_FOUND,,,0,,,,,
151,476-CAL,ONE SUMMER 2016 CALVIN KLEIN,CAL,,NOT_FOUND,,,0,,,,,
150,1051-CAL,ONE SHOCK FOR HIM  - CALVIN KLEIN,CAL,,NOT_FOUND,,,0,,,,,
149,1050-CAL,ONE RED EDITION FOR HIM - CALVIN KLEIN,CAL,,NOT_FOUND,,,0,,,,,
148,1049-CAL,ONE - CK,CAL,,NOT_FOUND,,,0,,,,,
147,1048-CAL,OBSESSION - CALVIN KLEIN,CAL,,NOT_FOUND,,,0,,,,,
146,1047-CAL,EUPHORIA MEN - CALVIN KLEIN,CAL,,NOT_FOUND,,,0,,,,,
145,1045-CAL,ETERNITY NOW - CALVIN KLEIN,CAL,,NOT_FOUND,,,0,,,,,
143,1043-CAL,BE  - CALVIN KLEIN,CAL,,NOT_FOUND,,,0,,,,,
141,1041-BLG,POUR HOMME BLG,BLG,,NOT_FOUND,,,0,,,,,
140,1040-BLG,NOTTE POUR HOMME,BLG,,NOT_FOUND,,,0,,,,,
139,1039-BLG,MAN IN BLACK - BVLGARI,BLG,,NOT_FOUND,,,0,,,,,
138,1038-BLG,MAN EXTREME - BVLGARI,BLG,,NOT_FOUND,,,0,,,,,
136,1035-BLG,BLACK - BVLGARI,BLG,,NOT_FOUND,,,0,,,,,
135,1034-BLG,AQUA - BVLGARI,BLG,,NOT_FOUND,,,0,,,,,
132,1031-BRB,RHYTHM BRIT - BURBERRY,BRB,,NOT_FOUND,,,0,,,,,
131,1030-BRB,MR,BRB,,NOT_FOUND,,,0,,,,,
130,1029-BRB,MR BURBERRY - BURBERRY,BRB,,NOT_FOUND,,,0,,,,,
129,1028-BRB,Sport for Men,BRB,,NOT_FOUND,,,0,,,,,
127,1026-BRB,Brit,BRB,,NOT_FOUND,,,0,,,,,
126,1025-BRB,Brit Rhythm Intense,BRB,,NOT_FOUND,,,0,,,,,
125,1024-BOU,VANILLE DE ZANZIBAR (u),BOU,,NOT_FOUND,,,0,,,,,
124,1023-BOT,,BOT,Bottega Veneta,NOT_FOUND,,,0,,,,,
123,1022-BOT,,BOT,Bottega Veneta,NOT_FOUND,,,0,,,,,
122,1021-BOG,,BOG,,NOT_FOUND,,,0,,,,,
118,1016-AZZ,VISIT AZZARO,AZZ,Azzaro,NOT_FOUND,,,0,,,,,
117,1015-AZZ,Night Time,AZZ,Azzaro,NOT_FOUND,,,0,,,,,
110,1008-ACQ,COLONIA PURA (U),ACQ,Acqua di Parma,NOT_FOUND,,,0,,,,,
109,1007-ACQ,COLONIA LEATHER,ACQ,Acqua di Parma,NOT_FOUND,,,0,,,,,
106,390-ACQ,BLU MEDITERRANEO MANDORLO DI SICILIA,ACQ,Acqua di Parma,NOT_FOUND,,,0,,,,,
