shobi_code,inspired_by,resolution,evidence,note
2701-DIP,Cafe Verlet,NON_PERSONAL_FRAGRANCE,https://verlet.fr/en/blogs/news/verlet-x-diptyque,"Official Verlet x Diptyque collaboration identifies Cafe as a scented candle; no personal-perfume Fragrantica ID should be forced."
2586-DIP,Biscuit DIP,NON_PERSONAL_FRAGRANCE,https://verlet.fr/en/blogs/news/verlet-x-diptyque,"Official Verlet x Diptyque collaboration identifies Biscuit as a scented candle; no personal-perfume Fragrantica ID should be forced."
230-DIP,OPOPANAX,NON_PERSONAL_FRAGRANCE,https://www.fragrantica.com/board/viewtopic.php?id=238885,"Fragrantica discussion explicitly identifies Diptyque Opopanax as a candle/home scent."
228-DIP,FEUILLE DE LAVANDE,NON_PERSONAL_FRAGRANCE,https://www.fragrantica.com/board/viewtopic.php?id=247022,"Fragrantica candle/home-fragrance discussion lists Diptyque Feuille de Lavande among candles."
227-DIP,FEU DE BOIS / WOOD FIRE,NON_PERSONAL_FRAGRANCE,https://www.fragrantica.com/board/viewtopic.php?id=84835,"Fragrantica discussion explicitly states Feu de Bois exists as candle/home fragrance rather than personal perfume."
223-DIP,BAIES,NON_PERSONAL_FRAGRANCE,https://www.fragrantica.com/board/viewtopic.php?id=293898,"Fragrantica discussion identifies Baies as a Diptyque candle; L'Ombre Dans L'Eau is similar but must not be substituted."
222-DIP,AMBRE,NON_PERSONAL_FRAGRANCE,https://leparfum.com.gr/en/elegants-fragrances/222-dip-el,"Shobi's own source explicitly describes 222-DIP AMBRE as Home fragrance oil; Diptyque also sells Ambre as a candle. Do not assign a personal-perfume Fragrantica ID."
1748-BYR,Marijuana,INVALID_BRAND_REFERENCE,https://www.fragrantica.com/news/How-They-Counterfeit-Niche-Perfumes-11278.html,"Fragrantica investigated Marijuana Byredo and reports that it has nothing to do with Byredo and is a counterfeit-market product. Do not assign a Byredo Fragrantica ID."
564-DOL,SEXY CHOCLATE,INVALID_BRAND_REFERENCE,https://www.fragrantica.com/board/viewtopic.php?id=10627,"Fragrantica community documentation going back to 2010 states Dolce & Gabbana never had a perfume named Sexy Chocolate; later discussions identify circulating bottles as fake/counterfeit. Do not assign a D&G ID."
130-LEL,SANTAL 26 - LE LABO,NON_PERSONAL_FRAGRANCE,https://www.lelabofragrances.com/santal-26-33.html,"Official Le Labo product is SANTAL 26 Classic Candle/Home Fragrance. It must not be converted to Santal 33 or another personal perfume."
381-YAN,fresh cut roses yankee candles dupe,NON_PERSONAL_FRAGRANCE,https://www.yankeecandle.it/yankee-candle/acquista-per/acquista-per-nome-della-fragranza-a-z/fresh-cut-roses/,"Official Yankee Candle page confirms Fresh Cut Roses is sold as candles/home fragrance."
379-YAN,clean cotton yankee candles,NON_PERSONAL_FRAGRANCE,https://www.yankeecandle.it/yankee-candle/candele/per-tipo/candele-original/candela-clean-cotton/SAP_1010728E.html,"Official Yankee Candle page confirms Clean Cotton as a candle/home fragrance."
1550-YAN,home sweet home yankee arwmata_xvrou,NON_PERSONAL_FRAGRANCE,https://www.yankeecandle.it/yankee-candle/candele/per-tipo/candele-original/candele-grandi-original/candela-home-sweet-home/SAP_11597E.html,"Official Yankee Candle page confirms Home Sweet Home as a candle/home fragrance."
383-YAN,wedding day yankee,NON_PERSONAL_FRAGRANCE,https://www.geurkaarsenwebshop.nl/product-tag/yankee-candle-wedding-day/,"Legacy retailer documents Yankee Candle Wedding Day in Large Jar, Medium Jar, Small Jar, tea lights, votive and tart formats; not a personal perfume."
382-YAN,pomegranate cider yankee candles,NON_PERSONAL_FRAGRANCE,https://www.ebay.com/p/1101262595,"Legacy Yankee Candle Pomegranate Cider is documented as a retired 22 oz jar candle; no personal-perfume ID should be forced."
380-YAN,fall festival yankee candles smells,NON_PERSONAL_FRAGRANCE,https://www.ebay.co.uk/itm/366537224116,"Legacy Yankee Candle Fall Festival is documented as a large 22 oz jar candle; no personal-perfume ID should be forced."
289-JOM,SWEET ALMON & MACARRON - JO MALONE,NON_PERSONAL_FRAGRANCE,https://www.jomalone.com/product/25970/24265/home/candles/sweet-almond-macaroon-deluxe-candle,"Official Jo Malone product is Sweet Almond & Macaroon Deluxe Candle, not a Cologne."
261-JOM,INCENSE & EMBERS - JO MALONE,NON_PERSONAL_FRAGRANCE,https://www.johnlewis.com/jo-malone-london-incense-embers-scented-candle-200g/p1113258,"Retail documentation identifies Jo Malone London Incense & Embers specifically as a 200g scented candle/home fragrance."
258-JOM,GREEN TOMATO LEAF - JO MALONE,NON_PERSONAL_PRODUCT,https://www.jomalone.com/veggies-collection/tomato-scents,"Jo Malone tomato collection uses Tomato Leaf/Green Tomato accords in home and bath products rather than a standalone Cologne matching this Shobi reference."
314-MOL,ziao jao molton brown,NON_PERSONAL_PRODUCT,https://www.onlinepoundstore.co.uk/product/molton-brown-healthy-ziao-jao-hairwash-50ml/,"Molton Brown Healthy Ziao Jao is documented as Hairwash; Shobi converted its scent into EDP but the source product is not a personal fragrance."
313-MOL,thai vert molton brown,NON_PERSONAL_PRODUCT,https://www.heldenlounge.de/Molton-Brown-Lime-Patchouli-Hand-Wash/MOB-THW,"Thai Vert is documented as the former name of Molton Brown Lime & Patchouli Hand Wash; no standalone personal-perfume ID should be forced."
311-MOL,amber cocoon-mol,NON_PERSONAL_PRODUCT,https://www.moltonbrown.co.uk/store/exclusive-offers/amber-cocoon-fine-liquid-hand-wash/WBB1535,"Official Molton Brown page documents Amber Cocoon as Fine Liquid Hand Wash/hand-care scent; no matching standalone perfume page has been established."
1156-HER,1156 her mix 137 kur,LAYERED_SHOBI_PRODUCT,https://leparfum.com.gr/en/layered-perfumes/1156-her-mix-137-kur,"Shobi source URL itself identifies this as a layered mix; it cannot map honestly to one Fragrantica perfume."
1065-CHA,1065 cha mix 1181 gul,LAYERED_SHOBI_PRODUCT,https://leparfum.com.gr/en/layered-perfumes/1065-cha-mix-1181-gul,"Shobi source URL itself identifies this as a layered mix; it cannot map honestly to one Fragrantica perfume."
200-CIR,200 cir el,NON_PERSONAL_FRAGRANCE,https://trudon.com/us_en/candles-and-home/collections/ernesto-collection.html,"Shobi source resolves 200-CIR to Ernesto by Cire Trudon; Ernesto is a candle/home-fragrance collection. Later perfume Carmen must not be substituted."
2085-CLIV,X NEROLI LIMITED EDITION - CLIVE CHRISTIAN,REAL_FRAGRANCE_MISSING_FRAGRANTICA_PAGE,https://www.clivechristian.com/blogs/new-collection-launch/a-blossoming-story,"Official Clive Christian source confirms X Neroli Limited Edition is a genuine 2020 perfume; Fragrantica forum records a later request to add the missing fragrance, so no fabricated ID should be assigned."
2816-MOOD,Blonde Maracuja Mood London,REAL_FRAGRANCE_MISSING_FRAGRANTICA_BRAND,https://www.mood.london/products/blonde-maracuja-100ml,"Official Mood London product confirms Blonde Maracuja is real. Fragrantica missing-brand request threads still requested Mood London in 2025-2026, so there is no legitimate Fragrantica perfume ID to assign yet."
,Mukhallat Al Emirates Al Haramain Original,REAL_FRAGRANCE_MISSING_FRAGRANTICA_PAGE,https://www.fragrantica.com/board/viewtopic.php?id=66784,"Mukhallat Al Emirates is a real Al Haramain perfume oil/attar; Fragrantica community documentation explicitly lists it as not present in the database. No ID should be invented."
330-PG,oriental blossom pg,HOUSEHOLD_FRAGRANCE_BRAND_MISMATCH,https://www.marketingweek.com/pg-plots-fresh-variant-for-daz-to-see-off-rival-surf/,"Oriental Blossom is documented as a Surf laundry-detergent fragrance variant relaunched by Unilever, not a P&G personal perfume. Shobi's PG attribution is therefore not suitable for a Fragrantica perfume mapping."
326-PECK,calm pecksniff s,NON_PERSONAL_PRODUCT,https://zh.gilchristsoames.com/our-products/retail-brands-gb/pecksniffs-2/,"Gilchrist & Soames documents Pecksniff's Mood Therapy Calm as a guest/body-care line with Calm Body Lotion and soaps, with the same orange, mandarin, coriander, nutmeg and geranium scent profile. It is not a standalone personal perfume."
,WHITE MUSK Perfume,SHOBI_ORIGINAL_GENERIC,https://leparfum.com.gr/en/fragrances-for-women/white-musk-perfume,"The Shobi master explicitly labels Prestashop product 999 as WHITE MUSK Shobi Perfume with no external inspired-by brand or perfume. The previous Al Haramain inference is false; do not choose among unrelated Fragrantica White Musk entries."
,Dopamine Arabic Perfume العطور,SHOBI_ORIGINAL_GENERIC,https://leparfum.com.gr/en/niche-perfumes/dopamine-arabic-perfume-العطور,"The Shobi master and product page provide only Shobi's Dopamine Arabic Perfume name and floral/vanilla/fruity/jasmine profile, with no external original or inspired-by identity. No Fragrantica match should be invented."
331-PG,CRYSTAL WATER & WATER LILY - P&G,NON_PERSONAL_FRAGRANCE,https://www.talkingretail.com/products-news/bold-refreshes-laundry-sales-with-portfolio-relaunch-22-02-2010/,"Recovered source identity as P&G Bold 2in1 Crystal Rain & White Lily. P&G launched the scent in 2010 for its laundry detergent line; a P&G safety sheet confirms the exact Bold product and its former name Refreshing Water & Spa Minerals. Shobi's Crystal Water & Water Lily wording is a corrupted/reordered legacy label, not a personal perfume."
335-THCO,CASHMERE BLANC - THE WHITE COMPANY,LEGACY_REFERENCE_NO_EXACT_FRAGRANTICA_ENTRY,https://www.fragrantica.com/designers/The-White-Company.html,"Fragrantica currently lists 12 The White Company entries but no Cashmere Blanc. Shobi and independent White-Company-inspired fragrance-oil sellers preserve the Cashmere Blanc label, but available evidence does not justify substituting Blanc or any other exact Fragrantica perfume."
336-THCO,NARCISSUS NOIR - THE WHITE COMPANY,LEGACY_REFERENCE_NO_EXACT_FRAGRANTICA_ENTRY,https://www.fragrantica.com/designers/The-White-Company.html,"Fragrantica currently lists 12 The White Company entries but no Narcissus Noir. Shobi preserves this legacy reference, but no reliable exact Fragrantica page or ID has been recovered; do not substitute the distinct Noir entry."
