shobi_code,brand_query,name_query,candidate_brand,candidate_name,fid,url
570-DOL,dolce gabbana,,dolce gabbana,sicily,486,https://www.fragrantica.com/perfume/Dolce-Gabbana/Sicily-486.html
570-DOL,dolce gabbana,,dolce gabbana,by,489,https://www.fragrantica.com/perfume/Dolce-Gabbana/By-489.html
570-DOL,dolce gabbana,,dolce gabbana,by,490,https://www.fragrantica.com/perfume/Dolce-Gabbana/By-490.html
570-DOL,dolce gabbana,,dolce gabbana,dolce gabbana,484,https://www.fragrantica.com/perfume/Dolce-Gabbana/Dolce-Gabbana-484.html
570-DOL,dolce gabbana,,dolce gabbana,dolce gabbana perfume for babies,23597,https://www.fragrantica.com/perfume/Dolce-Gabbana/Dolce-Gabbana-Perfume-for-Babies-23597.html
570-DOL,dolce gabbana,,dolce gabbana,dolce gabbana pour femme,15335,https://www.fragrantica.com/perfume/Dolce-Gabbana/Dolce-Gabbana-Pour-Femme-15335.html
570-DOL,dolce gabbana,,dolce gabbana,dolce gabbana pour femme intense,18837,https://www.fragrantica.com/perfume/Dolce-Gabbana/Dolce-Gabbana-Pour-Femme-Intense-18837.html
570-DOL,dolce gabbana,,dolce gabbana,dolce gabbana pour homme 1994,483,https://www.fragrantica.com/perfume/Dolce-Gabbana/Dolce-Gabbana-pour-Homme-1994-483.html
570-DOL,dolce gabbana,,dolce gabbana,dolce gabbana pour homme 2012,15336,https://www.fragrantica.com/perfume/Dolce-Gabbana/Dolce-Gabbana-Pour-Homme-2012-15336.html
570-DOL,dolce gabbana,,dolce gabbana,dolce gabbana pour homme intenso,28935,https://www.fragrantica.com/perfume/Dolce-Gabbana/Dolce-Gabbana-Pour-Homme-Intenso-28935.html
570-DOL,dolce gabbana,,dolce gabbana,d g feminine,487,https://www.fragrantica.com/perfume/Dolce-Gabbana/D-G-Feminine-487.html
570-DOL,dolce gabbana,,dolce gabbana,d g masculine,488,https://www.fragrantica.com/perfume/Dolce-Gabbana/D-G-Masculine-488.html
570-DOL,dolce gabbana,,dolce gabbana,d g anthology l amoureux 6,6087,https://www.fragrantica.com/perfume/Dolce-Gabbana/D-G-Anthology-L-Amoureux-6-6087.html
570-DOL,dolce gabbana,,dolce gabbana,d g anthology l empereur 4,14407,https://www.fragrantica.com/perfume/Dolce-Gabbana/D-G-Anthology-L-Empereur-4-14407.html
570-DOL,dolce gabbana,,dolce gabbana,d g anthology l imperatrice 3,6086,https://www.fragrantica.com/perfume/Dolce-Gabbana/D-G-Anthology-L-Imperatrice-3-6086.html
570-DOL,dolce gabbana,,dolce gabbana,d g anthology la force 11,6842,https://www.fragrantica.com/perfume/Dolce-Gabbana/D-G-Anthology-La-Force-11-6842.html
570-DOL,dolce gabbana,,dolce gabbana,d g anthology la lune 18,6089,https://www.fragrantica.com/perfume/Dolce-Gabbana/D-G-Anthology-La-Lune-18-6089.html
570-DOL,dolce gabbana,,dolce gabbana,d g anthology la roue de la fortune 10,6088,https://www.fragrantica.com/perfume/Dolce-Gabbana/D-G-Anthology-La-Roue-de-La-Fortune-10-6088.html
570-DOL,dolce gabbana,,dolce gabbana,d g anthology la temperance 14,12483,https://www.fragrantica.com/perfume/Dolce-Gabbana/D-G-Anthology-La-Temperance-14-12483.html
570-DOL,dolce gabbana,,dolce gabbana,d g anthology le bateleur 1,6085,https://www.fragrantica.com/perfume/Dolce-Gabbana/D-G-Anthology-Le-Bateleur-1-6085.html
570-DOL,dolce gabbana,,dolce gabbana,d g anthology le fou 21,12484,https://www.fragrantica.com/perfume/Dolce-Gabbana/D-G-Anthology-Le-Fou-21-12484.html
570-DOL,dolce gabbana,,dolce gabbana,l imperatrice limited edition,63485,https://www.fragrantica.com/perfume/Dolce-Gabbana/L-Imperatrice-Limited-Edition-63485.html
570-DOL,dolce gabbana,,dolce gabbana,l imperatrice royale,102672,https://www.fragrantica.com/perfume/Dolce-Gabbana/L-Imperatrice-Royale-102672.html
570-DOL,dolce gabbana,,dolce gabbana,devotion,84951,https://www.fragrantica.com/perfume/Dolce-Gabbana/Devotion-84951.html
570-DOL,dolce gabbana,,dolce gabbana,devotion intense,96028,https://www.fragrantica.com/perfume/Dolce-Gabbana/Devotion-Intense-96028.html
570-DOL,dolce gabbana,,dolce gabbana,devotion pour homme,101353,https://www.fragrantica.com/perfume/Dolce-Gabbana/Devotion-Pour-Homme-101353.html
570-DOL,dolce gabbana,,dolce gabbana,devotion pour homme parfum,112765,https://www.fragrantica.com/perfume/Dolce-Gabbana/Devotion-Pour-Homme-Parfum-112765.html
570-DOL,dolce gabbana,,dolce gabbana,devotion sacred heart limited edition,113726,https://www.fragrantica.com/perfume/Dolce-Gabbana/Devotion-Sacred-Heart-Limited-Edition-113726.html
570-DOL,dolce gabbana,,dolce gabbana,my devotion eau de parfum intense,113886,https://www.fragrantica.com/perfume/Dolce-Gabbana/My-Devotion-Eau-de-Parfum-Intense-113886.html
570-DOL,dolce gabbana,,dolce gabbana,dgvib3 eau de parfum,87434,https://www.fragrantica.com/perfume/Dolce-Gabbana/DGVIB3-Eau-de-Parfum-87434.html
570-DOL,dolce gabbana,,dolce gabbana,dolce,22955,https://www.fragrantica.com/perfume/Dolce-Gabbana/Dolce-22955.html
570-DOL,dolce gabbana,,dolce gabbana,dolce blue jasmine,90660,https://www.fragrantica.com/perfume/Dolce-Gabbana/Dolce-Blue-Jasmine-90660.html
570-DOL,dolce gabbana,,dolce gabbana,dolce floral drops,29524,https://www.fragrantica.com/perfume/Dolce-Gabbana/Dolce-Floral-Drops-29524.html
570-DOL,dolce gabbana,,dolce gabbana,dolce garden,48151,https://www.fragrantica.com/perfume/Dolce-Gabbana/Dolce-Garden-48151.html
570-DOL,dolce gabbana,,dolce gabbana,dolce lily,72055,https://www.fragrantica.com/perfume/Dolce-Gabbana/Dolce-Lily-72055.html
570-DOL,dolce gabbana,,dolce gabbana,dolce peony,53803,https://www.fragrantica.com/perfume/Dolce-Gabbana/Dolce-Peony-53803.html
570-DOL,dolce gabbana,,dolce gabbana,dolce rosa excelsa,32612,https://www.fragrantica.com/perfume/Dolce-Gabbana/Dolce-Rosa-Excelsa-32612.html
570-DOL,dolce gabbana,,dolce gabbana,dolce rose,64693,https://www.fragrantica.com/perfume/Dolce-Gabbana/Dolce-Rose-64693.html
570-DOL,dolce gabbana,,dolce gabbana,dolce shine,59129,https://www.fragrantica.com/perfume/Dolce-Gabbana/Dolce-Shine-59129.html
570-DOL,dolce gabbana,,dolce gabbana,dolce violet,80038,https://www.fragrantica.com/perfume/Dolce-Gabbana/Dolce-Violet-80038.html
570-DOL,dolce gabbana,,dolce gabbana,fefe,95982,https://www.fragrantica.com/perfume/Dolce-Gabbana/Fefe-95982.html
570-DOL,dolce gabbana,,dolce gabbana,lemon,59230,https://www.fragrantica.com/perfume/Dolce-Gabbana/Lemon-59230.html
570-DOL,dolce gabbana,,dolce gabbana,orange,59229,https://www.fragrantica.com/perfume/Dolce-Gabbana/Orange-59229.html
570-DOL,dolce gabbana,,dolce gabbana,pineapple,59231,https://www.fragrantica.com/perfume/Dolce-Gabbana/Pineapple-59231.html
570-DOL,dolce gabbana,,dolce gabbana,k by dolce gabbana,56358,https://www.fragrantica.com/perfume/Dolce-Gabbana/K-by-Dolce-Gabbana-56358.html
570-DOL,dolce gabbana,,dolce gabbana,k by dolce gabbana eau de parfum,62311,https://www.fragrantica.com/perfume/Dolce-Gabbana/K-by-Dolce-Gabbana-Eau-de-Parfum-62311.html
570-DOL,dolce gabbana,,dolce gabbana,k by dolce gabbana eau de parfum intense,89373,https://www.fragrantica.com/perfume/Dolce-Gabbana/K-by-Dolce-Gabbana-Eau-de-Parfum-Intense-89373.html
570-DOL,dolce gabbana,,dolce gabbana,k by dolce gabbana parfum,103329,https://www.fragrantica.com/perfume/Dolce-Gabbana/K-by-Dolce-Gabbana-Parfum-103329.html
570-DOL,dolce gabbana,,dolce gabbana,light blue,485,https://www.fragrantica.com/perfume/Dolce-Gabbana/Light-Blue-485.html
570-DOL,dolce gabbana,,dolce gabbana,light blue capri in love eau de parfum,104638,https://www.fragrantica.com/perfume/Dolce-Gabbana/Light-Blue-Capri-In-Love-Eau-de-Parfum-104638.html
570-DOL,dolce gabbana,,dolce gabbana,light blue capri in love pour homme eau de parfum,104639,https://www.fragrantica.com/perfume/Dolce-Gabbana/Light-Blue-Capri-In-Love-Pour-Homme-Eau-de-Parfum-104639.html
570-DOL,dolce gabbana,,dolce gabbana,light blue discover vulcano pour homme,23619,https://www.fragrantica.com/perfume/Dolce-Gabbana/Light-Blue-Discover-Vulcano-Pour-Homme-23619.html
570-DOL,dolce gabbana,,dolce gabbana,light blue dreaming in portofino,14799,https://www.fragrantica.com/perfume/Dolce-Gabbana/Light-Blue-Dreaming-in-Portofino-14799.html
570-DOL,dolce gabbana,,dolce gabbana,light blue eau de toilette,104985,https://www.fragrantica.com/perfume/Dolce-Gabbana/Light-Blue-Eau-de-Toilette-104985.html
570-DOL,dolce gabbana,,dolce gabbana,light blue eau intense,44034,https://www.fragrantica.com/perfume/Dolce-Gabbana/Light-Blue-Eau-Intense-44034.html
570-DOL,dolce gabbana,,dolce gabbana,light blue eau intense pour homme,44035,https://www.fragrantica.com/perfume/Dolce-Gabbana/Light-Blue-Eau-Intense-Pour-Homme-44035.html
570-DOL,dolce gabbana,,dolce gabbana,light blue escape to panarea,23620,https://www.fragrantica.com/perfume/Dolce-Gabbana/Light-Blue-Escape-to-Panarea-23620.html
570-DOL,dolce gabbana,,dolce gabbana,light blue forever,66555,https://www.fragrantica.com/perfume/Dolce-Gabbana/Light-Blue-Forever-66555.html
570-DOL,dolce gabbana,,dolce gabbana,light blue forever pour homme,66556,https://www.fragrantica.com/perfume/Dolce-Gabbana/Light-Blue-Forever-pour-Homme-66556.html
570-DOL,dolce gabbana,,dolce gabbana,light blue italian love,72621,https://www.fragrantica.com/perfume/Dolce-Gabbana/Light-Blue-Italian-Love-72621.html
570-DOL,dolce gabbana,,dolce gabbana,light blue italian zest,49201,https://www.fragrantica.com/perfume/Dolce-Gabbana/Light-Blue-Italian-Zest-49201.html
570-DOL,dolce gabbana,,dolce gabbana,light blue italian zest pour homme,49202,https://www.fragrantica.com/perfume/Dolce-Gabbana/Light-Blue-Italian-Zest-Pour-Homme-49202.html
570-DOL,dolce gabbana,,dolce gabbana,light blue living stromboli,14800,https://www.fragrantica.com/perfume/Dolce-Gabbana/Light-Blue-Living-Stromboli-14800.html
570-DOL,dolce gabbana,,dolce gabbana,light blue love in capri,36601,https://www.fragrantica.com/perfume/Dolce-Gabbana/Light-Blue-Love-in-Capri-36601.html
570-DOL,dolce gabbana,,dolce gabbana,light blue love is love pour femme,60037,https://www.fragrantica.com/perfume/Dolce-Gabbana/Light-Blue-Love-Is-Love-Pour-Femme-60037.html
570-DOL,dolce gabbana,,dolce gabbana,light blue love is love pour homme,60038,https://www.fragrantica.com/perfume/Dolce-Gabbana/Light-Blue-Love-Is-Love-Pour-Homme-60038.html
570-DOL,dolce gabbana,,dolce gabbana,light blue pour homme,1068,https://www.fragrantica.com/perfume/Dolce-Gabbana/Light-Blue-pour-Homme-1068.html
570-DOL,dolce gabbana,,dolce gabbana,light blue pour homme beauty of capri,36602,https://www.fragrantica.com/perfume/Dolce-Gabbana/Light-Blue-Pour-Homme-Beauty-of-Capri-36602.html
570-DOL,dolce gabbana,,dolce gabbana,light blue pour homme eau de toilette,104984,https://www.fragrantica.com/perfume/Dolce-Gabbana/Light-Blue-Pour-Homme-Eau-de-Toilette-104984.html
570-DOL,dolce gabbana,,dolce gabbana,light blue pour homme italian love,72622,https://www.fragrantica.com/perfume/Dolce-Gabbana/Light-Blue-pour-Homme-Italian-Love-72622.html
570-DOL,dolce gabbana,,dolce gabbana,light blue pour homme summer vibes,80377,https://www.fragrantica.com/perfume/Dolce-Gabbana/Light-Blue-Pour-Homme-Summer-Vibes-80377.html
570-DOL,dolce gabbana,,dolce gabbana,light blue summer vibes,80376,https://www.fragrantica.com/perfume/Dolce-Gabbana/Light-Blue-Summer-Vibes-80376.html
570-DOL,dolce gabbana,,dolce gabbana,light blue sun,54493,https://www.fragrantica.com/perfume/Dolce-Gabbana/Light-Blue-Sun-54493.html
570-DOL,dolce gabbana,,dolce gabbana,light blue sun pour homme,54494,https://www.fragrantica.com/perfume/Dolce-Gabbana/Light-Blue-Sun-Pour-Homme-54494.html
570-DOL,dolce gabbana,,dolce gabbana,light blue sunset in salina,29959,https://www.fragrantica.com/perfume/Dolce-Gabbana/Light-Blue-Sunset-in-Salina-29959.html
570-DOL,dolce gabbana,,dolce gabbana,light blue swimming in lipari,29960,https://www.fragrantica.com/perfume/Dolce-Gabbana/Light-Blue-Swimming-in-Lipari-29960.html
570-DOL,dolce gabbana,,dolce gabbana,q by dolce gabbana,78873,https://www.fragrantica.com/perfume/Dolce-Gabbana/Q-by-Dolce-Gabbana-78873.html
570-DOL,dolce gabbana,,dolce gabbana,q by dolce gabbana eau de parfum intense,89376,https://www.fragrantica.com/perfume/Dolce-Gabbana/Q-by-Dolce-Gabbana-Eau-de-Parfum-Intense-89376.html
570-DOL,dolce gabbana,,dolce gabbana,q by dolce gabbana parfum,103330,https://www.fragrantica.com/perfume/Dolce-Gabbana/Q-by-Dolce-Gabbana-Parfum-103330.html
570-DOL,dolce gabbana,,dolce gabbana,masculine re edition 1999,115379,https://www.fragrantica.com/perfume/Dolce-Gabbana/Masculine-Re-Edition-1999-115379.html
570-DOL,dolce gabbana,,dolce gabbana,sicily re edition 2003,115376,https://www.fragrantica.com/perfume/Dolce-Gabbana/Sicily-Re-Edition-2003-115376.html
570-DOL,dolce gabbana,,dolce gabbana,dolce gabbana the only one 2,53428,https://www.fragrantica.com/perfume/Dolce-Gabbana/Dolce-Gabbana-The-Only-One-2-53428.html
570-DOL,dolce gabbana,,dolce gabbana,l eau the one,4494,https://www.fragrantica.com/perfume/Dolce-Gabbana/L-eau-The-One-4494.html
570-DOL,dolce gabbana,,dolce gabbana,rose the one,6461,https://www.fragrantica.com/perfume/Dolce-Gabbana/Rose-The-One-6461.html
570-DOL,dolce gabbana,,dolce gabbana,the one,698,https://www.fragrantica.com/perfume/Dolce-Gabbana/The-One-698.html
570-DOL,dolce gabbana,,dolce gabbana,the one baroque,48999,https://www.fragrantica.com/perfume/Dolce-Gabbana/The-One-Baroque-48999.html
570-DOL,dolce gabbana,,dolce gabbana,the one baroque for men,49000,https://www.fragrantica.com/perfume/Dolce-Gabbana/The-One-Baroque-For-Men-49000.html
570-DOL,dolce gabbana,,dolce gabbana,the one collector for men,27419,https://www.fragrantica.com/perfume/Dolce-Gabbana/The-One-Collector-For-Men-27419.html
570-DOL,dolce gabbana,,dolce gabbana,the one collector for women,27418,https://www.fragrantica.com/perfume/Dolce-Gabbana/The-One-Collector-For-Women-27418.html
570-DOL,dolce gabbana,,dolce gabbana,the one desire,17124,https://www.fragrantica.com/perfume/Dolce-Gabbana/The-One-Desire-17124.html
570-DOL,dolce gabbana,,dolce gabbana,the one eau de parfum intense,121010,https://www.fragrantica.com/perfume/Dolce-Gabbana/The-One-Eau-de-Parfum-Intense-121010.html
570-DOL,dolce gabbana,,dolce gabbana,the one eau de toilette,46273,https://www.fragrantica.com/perfume/Dolce-Gabbana/The-One-Eau-de-Toilette-46273.html
570-DOL,dolce gabbana,,dolce gabbana,the one essence,31968,https://www.fragrantica.com/perfume/Dolce-Gabbana/The-One-Essence-31968.html
570-DOL,dolce gabbana,,dolce gabbana,the one for men,2056,https://www.fragrantica.com/perfume/Dolce-Gabbana/The-One-for-Men-2056.html
570-DOL,dolce gabbana,,dolce gabbana,the one for men eau de parfum,31909,https://www.fragrantica.com/perfume/Dolce-Gabbana/The-One-for-Men-Eau-de-Parfum-31909.html
570-DOL,dolce gabbana,,dolce gabbana,the one for men eau de parfum intense,59313,https://www.fragrantica.com/perfume/Dolce-Gabbana/The-One-For-Men-Eau-de-Parfum-Intense-59313.html
570-DOL,dolce gabbana,,dolce gabbana,the one for men platinum limited edition,22108,https://www.fragrantica.com/perfume/Dolce-Gabbana/The-One-for-Men-Platinum-Limited-Edition-22108.html
570-DOL,dolce gabbana,,dolce gabbana,the one gentleman,8907,https://www.fragrantica.com/perfume/Dolce-Gabbana/The-One-Gentleman-8907.html
570-DOL,dolce gabbana,,dolce gabbana,the one gold,69001,https://www.fragrantica.com/perfume/Dolce-Gabbana/The-One-Gold-69001.html
570-DOL,dolce gabbana,,dolce gabbana,the one gold for men,69000,https://www.fragrantica.com/perfume/Dolce-Gabbana/The-One-Gold-For-Men-69000.html
570-DOL,dolce gabbana,,dolce gabbana,the one gold limited edition,22107,https://www.fragrantica.com/perfume/Dolce-Gabbana/The-One-Gold-Limited-Edition-22107.html
570-DOL,dolce gabbana,,dolce gabbana,the one grey,50611,https://www.fragrantica.com/perfume/Dolce-Gabbana/The-One-Grey-50611.html
570-DOL,dolce gabbana,,dolce gabbana,the one lace edition,13498,https://www.fragrantica.com/perfume/Dolce-Gabbana/The-One-Lace-Edition-13498.html
570-DOL,dolce gabbana,,dolce gabbana,the one luminous night,65224,https://www.fragrantica.com/perfume/Dolce-Gabbana/The-One-Luminous-Night-65224.html
570-DOL,dolce gabbana,,dolce gabbana,the one mysterious night,50207,https://www.fragrantica.com/perfume/Dolce-Gabbana/The-One-Mysterious-Night-50207.html
570-DOL,dolce gabbana,,dolce gabbana,the one pour homme eau de parfum,121024,https://www.fragrantica.com/perfume/Dolce-Gabbana/The-One-Pour-Homme-Eau-de-Parfum-121024.html
570-DOL,dolce gabbana,,dolce gabbana,the one pour homme parfum,121009,https://www.fragrantica.com/perfume/Dolce-Gabbana/The-One-Pour-Homme-Parfum-121009.html
570-DOL,dolce gabbana,,dolce gabbana,the one royal night,33180,https://www.fragrantica.com/perfume/Dolce-Gabbana/The-One-Royal-Night-33180.html
570-DOL,dolce gabbana,,dolce gabbana,the one sport,14225,https://www.fragrantica.com/perfume/Dolce-Gabbana/The-One-Sport-14225.html
570-DOL,dolce gabbana,,dolce gabbana,the only one,51249,https://www.fragrantica.com/perfume/Dolce-Gabbana/The-Only-One-51249.html
570-DOL,dolce gabbana,,dolce gabbana,the only one eau de parfum intense,59312,https://www.fragrantica.com/perfume/Dolce-Gabbana/The-Only-One-Eau-de-Parfum-Intense-59312.html
570-DOL,dolce gabbana,,dolce gabbana,velvet amber skin,46198,https://www.fragrantica.com/perfume/Dolce-Gabbana/Velvet-Amber-Skin-46198.html
570-DOL,dolce gabbana,,dolce gabbana,velvet amber sun,46199,https://www.fragrantica.com/perfume/Dolce-Gabbana/Velvet-Amber-Sun-46199.html
570-DOL,dolce gabbana,,dolce gabbana,velvet bergamot,25154,https://www.fragrantica.com/perfume/Dolce-Gabbana/Velvet-Bergamot-25154.html
570-DOL,dolce gabbana,,dolce gabbana,velvet black patchouli,65937,https://www.fragrantica.com/perfume/Dolce-Gabbana/Velvet-Black-Patchouli-65937.html
570-DOL,dolce gabbana,,dolce gabbana,velvet blue musk,85511,https://www.fragrantica.com/perfume/Dolce-Gabbana/Velvet-Blue-Musk-85511.html
570-DOL,dolce gabbana,,dolce gabbana,velvet cypress,42825,https://www.fragrantica.com/perfume/Dolce-Gabbana/Velvet-Cypress-42825.html
570-DOL,dolce gabbana,,dolce gabbana,velvet desert oud,18165,https://www.fragrantica.com/perfume/Dolce-Gabbana/Velvet-Desert-Oud-18165.html
570-DOL,dolce gabbana,,dolce gabbana,velvet desire,13746,https://www.fragrantica.com/perfume/Dolce-Gabbana/Velvet-Desire-13746.html
570-DOL,dolce gabbana,,dolce gabbana,velvet exotic leather,31355,https://www.fragrantica.com/perfume/Dolce-Gabbana/Velvet-Exotic-Leather-31355.html
570-DOL,dolce gabbana,,dolce gabbana,velvet ginestra,36811,https://www.fragrantica.com/perfume/Dolce-Gabbana/Velvet-Ginestra-36811.html
570-DOL,dolce gabbana,,dolce gabbana,velvet honey santal,115372,https://www.fragrantica.com/perfume/Dolce-Gabbana/Velvet-Honey-Santal-115372.html
570-DOL,dolce gabbana,,dolce gabbana,velvet incenso,49694,https://www.fragrantica.com/perfume/Dolce-Gabbana/Velvet-Incenso-49694.html
570-DOL,dolce gabbana,,dolce gabbana,velvet infusion,97831,https://www.fragrantica.com/perfume/Dolce-Gabbana/Velvet-Infusion-97831.html
570-DOL,dolce gabbana,,dolce gabbana,velvet love,13747,https://www.fragrantica.com/perfume/Dolce-Gabbana/Velvet-Love-13747.html
570-DOL,dolce gabbana,,dolce gabbana,velvet mimosa bloom,31356,https://www.fragrantica.com/perfume/Dolce-Gabbana/Velvet-Mimosa-Bloom-31356.html
570-DOL,dolce gabbana,,dolce gabbana,velvet mughetto,60621,https://www.fragrantica.com/perfume/Dolce-Gabbana/Velvet-Mughetto-60621.html
570-DOL,dolce gabbana,,dolce gabbana,velvet oriental musk,55167,https://www.fragrantica.com/perfume/Dolce-Gabbana/Velvet-Oriental-Musk-55167.html
570-DOL,dolce gabbana,,dolce gabbana,velvet passion oud,115374,https://www.fragrantica.com/perfume/Dolce-Gabbana/Velvet-Passion-Oud-115374.html
570-DOL,dolce gabbana,,dolce gabbana,velvet patchouli,13744,https://www.fragrantica.com/perfume/Dolce-Gabbana/Velvet-Patchouli-13744.html
570-DOL,dolce gabbana,,dolce gabbana,velvet pure,39623,https://www.fragrantica.com/perfume/Dolce-Gabbana/Velvet-Pure-39623.html
570-DOL,dolce gabbana,,dolce gabbana,velvet rose,25153,https://www.fragrantica.com/perfume/Dolce-Gabbana/Velvet-Rose-25153.html
570-DOL,dolce gabbana,,dolce gabbana,velvet sicily,51464,https://www.fragrantica.com/perfume/Dolce-Gabbana/Velvet-Sicily-51464.html
570-DOL,dolce gabbana,,dolce gabbana,velvet sublime,13748,https://www.fragrantica.com/perfume/Dolce-Gabbana/Velvet-Sublime-13748.html
570-DOL,dolce gabbana,,dolce gabbana,velvet tender oud,18164,https://www.fragrantica.com/perfume/Dolce-Gabbana/Velvet-Tender-Oud-18164.html
570-DOL,dolce gabbana,,dolce gabbana,velvet vetiver,13745,https://www.fragrantica.com/perfume/Dolce-Gabbana/Velvet-Vetiver-13745.html
570-DOL,dolce gabbana,,dolce gabbana,velvet wood,13743,https://www.fragrantica.com/perfume/Dolce-Gabbana/Velvet-Wood-13743.html
570-DOL,dolce gabbana,,dolce gabbana,velvet zafferano,97640,https://www.fragrantica.com/perfume/Dolce-Gabbana/Velvet-Zafferano-97640.html
570-DOL,dolce gabbana,,dolce gabbana,velvet zafferano limited edition,103770,https://www.fragrantica.com/perfume/Dolce-Gabbana/Velvet-Zafferano-Limited-Edition-103770.html
570-DOL,dolce gabbana,,dolce gabbana,my devotion sacred heart limited edition,132575,https://www.fragrantica.com/perfume/Dolce-Gabbana/My-Devotion-Sacred-Heart-Limited-Edition-132575.html
570-DOL,dolce gabbana,,dolce gabbana,your devotion eau de parfum intense,135822,https://www.fragrantica.com/perfume/Dolce-Gabbana/Your-Devotion-Eau-de-Parfum-Intense-135822.html
570-DOL,dolce gabbana,,dolce gabbana,dolce magnolia,126394,https://www.fragrantica.com/perfume/Dolce-Gabbana/Dolce-Magnolia-126394.html
570-DOL,dolce gabbana,,dolce gabbana,dolce alcohol free perfume gel,126491,https://www.fragrantica.com/perfume/Dolce-Gabbana/Dolce-Alcohol-Free-Perfume-Gel-126491.html
570-DOL,dolce gabbana,,dolce gabbana,dolce blue jasmine alcohol free perfume gel,126492,https://www.fragrantica.com/perfume/Dolce-Gabbana/Dolce-Blue-Jasmine-Alcohol-Free-Perfume-Gel-126492.html
570-DOL,dolce gabbana,,dolce gabbana,dolce violet alcohol free perfume gel,126493,https://www.fragrantica.com/perfume/Dolce-Gabbana/Dolce-Violet-Alcohol-Free-Perfume-Gel-126493.html
570-DOL,dolce gabbana,,dolce gabbana,k by dolce gabbana elixir,125736,https://www.fragrantica.com/perfume/Dolce-Gabbana/K-by-Dolce-Gabbana-Elixir-125736.html
570-DOL,dolce gabbana,,dolce gabbana,light blue capri in love pour homme travel retail exclusive,129330,https://www.fragrantica.com/perfume/Dolce-Gabbana/Light-Blue-Capri-In-Love-Pour-Homme-Travel-Retail-Exclusive-129330.html
570-DOL,dolce gabbana,,dolce gabbana,light blue capri in love travel retail exclusive,129331,https://www.fragrantica.com/perfume/Dolce-Gabbana/Light-Blue-Capri-In-Love-Travel-Retail-Exclusive-129331.html
570-DOL,dolce gabbana,,dolce gabbana,light blue eau de parfum,128390,https://www.fragrantica.com/perfume/Dolce-Gabbana/Light-Blue-Eau-de-Parfum-128390.html
570-DOL,dolce gabbana,,dolce gabbana,light blue perfume gel,130522,https://www.fragrantica.com/perfume/Dolce-Gabbana/Light-Blue-Perfume-Gel-130522.html
570-DOL,dolce gabbana,,dolce gabbana,light blue pour homme eau de parfum,128389,https://www.fragrantica.com/perfume/Dolce-Gabbana/Light-Blue-Pour-Homme-Eau-de-Parfum-128389.html
570-DOL,dolce gabbana,,dolce gabbana,q by dolce gabbana elixir,125737,https://www.fragrantica.com/perfume/Dolce-Gabbana/Q-by-Dolce-Gabbana-Elixir-125737.html
570-DOL,dolce gabbana,,dolce gabbana,velvet crystal smoke,125240,https://www.fragrantica.com/perfume/Dolce-Gabbana/Velvet-Crystal-Smoke-125240.html
570-DOL,dolce gabbana,,dolce gabbana,velvet desert oud limited edition,127304,https://www.fragrantica.com/perfume/Dolce-Gabbana/Velvet-Desert-Oud-Limited-Edition-127304.html
570-DOL,dolce gabbana,,dolce gabbana,velvet blue musk hair mist,135675,https://www.fragrantica.com/perfume/Dolce-Gabbana/Velvet-Blue-Musk-Hair-Mist-135675.html
570-DOL,dolce gabbana,,dolce gabbana,velvet desert oud hair mist,135673,https://www.fragrantica.com/perfume/Dolce-Gabbana/Velvet-Desert-Oud-Hair-Mist-135673.html
570-DOL,dolce gabbana,,dolce gabbana,velvet passion oud hair mist,135674,https://www.fragrantica.com/perfume/Dolce-Gabbana/Velvet-Passion-Oud-Hair-Mist-135674.html
570-DOL,dolce gabbana,,bana,1373,83572,https://www.fragrantica.com/perfume/Bana/1373-83572.html
570-DOL,dolce gabbana,,bana,1727,83571,https://www.fragrantica.com/perfume/Bana/1727-83571.html
570-DOL,dolce gabbana,,dolce,bella,139642,https://www.fragrantica.com/perfume/Dolce/Bella-139642.html
570-DOL,dolce gabbana,,dolce,classic,139649,https://www.fragrantica.com/perfume/Dolce/Classic-139649.html
570-DOL,dolce gabbana,,dolce,luna,139645,https://www.fragrantica.com/perfume/Dolce/Luna-139645.html
612-ESC,escada,turquoise,,,,
904-SALV,salvador dali,,,,,
1251-ROM,romeo gigli,,,,,
1526-AL HAR,al haramain,mukhallat al emirates,,,,
1955-LAP,la prairie,cellular energizing,,,,
2178-MON,moncler,pour homme,,,,
2552-SOR,sora dora,,,,,
334-SHI,shirley may,,,,,
