shobi_code,name,fragrantica_id,final_status,reason
100-AMG,,2366,FID_MAPPED,
101-AHW,,42972,FID_MAPPED,
102-AMG,,15294,FID_MAPPED,
103-ARB,,21623,FID_MAPPED,
104-ARB,,63057,FID_MAPPED,
105-ARB,,21602,FID_MAPPED,
106-ARB,,21560,FID_MAPPED,
107-ARB,,127709,FID_MAPPED,
108-ARM,,48059,FID_MAPPED,
109-ARM,,55282,FID_MAPPED,
110-ARM,,10886,FID_MAPPED,
111-BAC,,33519,FID_MAPPED,
112-BON,,1301,FID_MAPPED,
113-DRC,,15231,FID_MAPPED,
114-CRD,,4248,FID_MAPPED,
115-EXN,,27571,FID_MAPPED,
116-EXN,,45957,FID_MAPPED,
117-EXN,,33574,FID_MAPPED,
118-HAM,,27808,FID_MAPPED,
119-HIS,,4491,FID_MAPPED,
120-INI,,30989,FID_MAPPED,
121-INI,,57587,FID_MAPPED,
122-INI,,53641,FID_MAPPED,
123-INI,,45977,FID_MAPPED,
124-INI,,42260,FID_MAPPED,
125-JUL,,51055,FID_MAPPED,
126-KIL,,25992,FID_MAPPED,
127-KIL,,4323,FID_MAPPED,
128-LEL,,6327,FID_MAPPED,
129-LEL,,3678,FID_MAPPED,
130-LEL,,23529,FID_MAPPED,
131-LEL,,12201,FID_MAPPED,
132-LTN,,49755,FID_MAPPED,
133-MICA,,14409,FID_MAPPED,
134-KUR,,15566,FID_MAPPED,
135-KUR,,53401,FID_MAPPED,
136-KUR,,53400,FID_MAPPED,
137-KUR,,40816,FID_MAPPED,
138-KUR,,17661,FID_MAPPED,
139-KUR,,30352,FID_MAPPED,
140-KUR,,48456,FID_MAPPED,
141-MAN,,46662,FID_MAPPED,
142-MAN,,15211,FID_MAPPED,
143-MAN,,46663,FID_MAPPED,
144-MAN,,51494,FID_MAPPED,
145-MEM,,31383,FID_MAPPED,
146-MEM,,40544,FID_MAPPED,
147-NAS,,12130,FID_MAPPED,
148-PARF,,36539,FID_MAPPED,
149-PARF,,33514,FID_MAPPED,
150-PARF,,54660,FID_MAPPED,
151-PARF,,43871,FID_MAPPED,
152-PARF,,50370,FID_MAPPED,
153-PARF,,16939,FID_MAPPED,
154-PARF,,39314,FID_MAPPED,
155-PARF,,46633,FID_MAPPED,
156-PARF,,21548,FID_MAPPED,
157-PARF,,16938,FID_MAPPED,
158-PARF,,51037,FID_MAPPED,
159-PARF,,18749,FID_MAPPED,
160-PEN,,46504,FID_MAPPED,
161-PEN,,54665,FID_MAPPED,
162-PEN,,38352,FID_MAPPED,
163-PEN,,31396,FID_MAPPED,
164-PEN,,61523,FID_MAPPED,
165-PEN,,40716,FID_MAPPED,
166-AZ,,40007,FID_MAPPED,
167-RAS,,19688,FID_MAPPED,
168-RAS,,19687,FID_MAPPED,
169-ROJ,,38675,FID_MAPPED,
170-ROJ,,20558,FID_MAPPED,
171-DUP,,21459,FID_MAPPED,
172-SHALM,,47982,FID_MAPPED,
173-SOS,,13816,FID_MAPPED,
174-SOS,,18652,FID_MAPPED,
175-SHA,,2776,FID_MAPPED,
176-THAM,,59756,FID_MAPPED,
177-TER,,32172,FID_MAPPED,
178-VIL,,49305,FID_MAPPED,
179-XER,,30529,FID_MAPPED,
180-XER,,104515,FID_MAPPED,
181-XER,,17786,FID_MAPPED,
182-XER,,16448,FID_MAPPED,
183-XER,,26709,FID_MAPPED,
184-YAS,,22418,FID_MAPPED,
185-AL HAR,,61372,FID_MAPPED,
186-ARM,,405,FID_MAPPED,
187-ARM,,406,FID_MAPPED,
188-ARM,,408,FID_MAPPED,
189-ARM,,14205,FID_MAPPED,
190-ARM,,29301,FID_MAPPED,
191-ARM,,2699,FID_MAPPED,
192-ARM,,34589,FID_MAPPED,
193-ARM,,10884,FID_MAPPED,
194-ARM,,58907,FID_MAPPED,
195-ARM,,34588,FID_MAPPED,
196-BELLA,,26662,FID_MAPPED,
197-BON,,27420,FID_MAPPED,
198-BON,,7166,FID_MAPPED,
199-CARO,,3166,FID_MAPPED,
200-CIR,,,TERMINAL_NO_FID,NON_PERSONAL_FRAGRANCE
201-CLIV,,4648,FID_MAPPED,
202-CLIV,,4653,FID_MAPPED,
203-CLIV,,4650,FID_MAPPED,
204-CRD,,9828,FID_MAPPED,
205-CRD,,38497,FID_MAPPED,
206-CRD,,3805,FID_MAPPED,
207-CRD,,465,FID_MAPPED,
208-CRD,,4249,FID_MAPPED,
209-CRD,,4250,FID_MAPPED,
210-CRD,,474,FID_MAPPED,
211-CRD,,4262,FID_MAPPED,
212-CRD,,31562,FID_MAPPED,
213-CRD,,12317,FID_MAPPED,
214-CRD,,473,FID_MAPPED,
215-CRD,,472,FID_MAPPED,
216-CRD,,471,FID_MAPPED,
217-CRD,,7024,FID_MAPPED,
218-CRD,,7515,FID_MAPPED,
219-CRD,,41698,FID_MAPPED,
220-CRD,,111515,FID_MAPPED,
221-DIP,,12208,FID_MAPPED,
222-DIP,,,TERMINAL_NO_FID,NON_PERSONAL_FRAGRANCE
223-DIP,,,TERMINAL_NO_FID,NON_PERSONAL_FRAGRANCE
224-DIP,,6501,FID_MAPPED,
225-DIP,,35678,FID_MAPPED,
226-DIP,,3829,FID_MAPPED,
227-DIP,,,TERMINAL_NO_FID,NON_PERSONAL_FRAGRANCE
228-DIP,,,TERMINAL_NO_FID,NON_PERSONAL_FRAGRANCE
229-DIP,,3865,FID_MAPPED,
230-DIP,,,TERMINAL_NO_FID,NON_PERSONAL_FRAGRANCE
231-DIP,,31738,FID_MAPPED,
232-ESCE,,846,FID_MAPPED,
233-ESCE,,3606,FID_MAPPED,
234-ESCE,,42995,FID_MAPPED,
235-HOLL,,4307,FID_MAPPED,
236-IND,,42046,FID_MAPPED,
237-JOM,,16436,FID_MAPPED,
238-JOM,,16434,FID_MAPPED,
239-JOM,,5582,FID_MAPPED,
240-JOM,,12927,FID_MAPPED,
241-JOM,,40419,FID_MAPPED,
242-JOM,,15134,FID_MAPPED,
243-JOM,,22504,FID_MAPPED,
244-JOM,,8278,FID_MAPPED,
245-JOM,,2280,FID_MAPPED,
246-JOM,,52803,FID_MAPPED,
247-JOM,,35881,FID_MAPPED,
248-JOM,,3783,FID_MAPPED,
249-JOM,,11488,FID_MAPPED,
250-JOM,,46187,FID_MAPPED,
251-JOM,,10314,FID_MAPPED,
252-JOM,,54458,FID_MAPPED,
253-JOM,,5580,FID_MAPPED,
254-JOM,,2289,FID_MAPPED,
255-JOM,,36752,FID_MAPPED,
256-JOM,,5584,FID_MAPPED,
257-JOM,,13827,FID_MAPPED,
258-JOM,,,TERMINAL_NO_FID,NON_PERSONAL_PRODUCT
259-JOM,,9554,FID_MAPPED,
260-JOM,,29737,FID_MAPPED,
261-JOM,,,TERMINAL_NO_FID,NON_PERSONAL_FRAGRANCE
262-JOM,,14136,FID_MAPPED,
263-JOM,,36751,FID_MAPPED,
264-JOM,,5585,FID_MAPPED,
265-JOM,,3784,FID_MAPPED,
266-JOM,,36750,FID_MAPPED,
267-JOM,,31825,FID_MAPPED,
268-JOM,,42027,FID_MAPPED,
269-JOM,,37551,FID_MAPPED,
270-JOM,,35880,FID_MAPPED,
271-JOM,,3782,FID_MAPPED,
272-JOM,,2290,FID_MAPPED,
273-JOM,,36749,FID_MAPPED,
274-JOM,,2279,FID_MAPPED,
275-JOM,,39183,FID_MAPPED,
276-JOM,,12928,FID_MAPPED,
277-JOM,,18767,FID_MAPPED,
278-JOM,,14135,FID_MAPPED,
279-JOM,,16433,FID_MAPPED,
280-JOM,,15005,FID_MAPPED,
281-JOM,,5581,FID_MAPPED,
282-JOM,,13826,FID_MAPPED,
283-JOM,,48316,FID_MAPPED,
284-JOM,,5484,FID_MAPPED,
285-JOM,,18546,FID_MAPPED,
286-JOM,,37578,FID_MAPPED,
287-JOM,,24717,FID_MAPPED,
288-JOM,,35878,FID_MAPPED,
289-JOM,,,TERMINAL_NO_FID,NON_PERSONAL_FRAGRANCE
290-JOM,,5031,FID_MAPPED,
291-JOM,,25069,FID_MAPPED,
292-JOM,,6459,FID_MAPPED,
293-JOM,,15286,FID_MAPPED,
294-JOM,,8922,FID_MAPPED,
295-JOM,,2291,FID_MAPPED,
296-JOM,,58393,FID_MAPPED,
297-JOM,,2289,FID_MAPPED,
298-JOM,,2278,FID_MAPPED,
299-JOM,,14134,FID_MAPPED,
300-JOM,,12310,FID_MAPPED,
301-JOM,,4579,FID_MAPPED,
302-JOM,,22503,FID_MAPPED,
303-JOM,,25529,FID_MAPPED,
304-KIE,,6188,FID_MAPPED,
305-KAY,,52616,FID_MAPPED,
306-LAN,,39739,FID_MAPPED,
307-LOC,,8458,FID_MAPPED,
308-LOC,,2224,FID_MAPPED,
309-LOC,,17836,FID_MAPPED,
310-MIL,,4804,FID_MAPPED,
311-MOL,,,TERMINAL_NO_FID,NON_PERSONAL_PRODUCT
312-MOL,,951,FID_MAPPED,
313-MOL,,,TERMINAL_NO_FID,NON_PERSONAL_PRODUCT
314-MOL,,,TERMINAL_NO_FID,NON_PERSONAL_PRODUCT
315-MNT,,23365,FID_MAPPED,
316-MNT,,3786,FID_MAPPED,
317-MNT,,1142,FID_MAPPED,
318-MNT,,2186,FID_MAPPED,
319-MNT,,40906,FID_MAPPED,
320-NAS,,40200,FID_MAPPED,
321-NAS,,6472,FID_MAPPED,
322-NAS,,25575,FID_MAPPED,
323-NAS,,4291,FID_MAPPED,
324-PARFD,,2662,FID_MAPPED,
325-PECK,,31590,FID_MAPPED,
326-PECK,,,TERMINAL_NO_FID,NON_PERSONAL_PRODUCT
327-PECK,,31584,FID_MAPPED,
328-PEN,,18488,FID_MAPPED,
329-PEN,,13266,FID_MAPPED,
330-PG,,,TERMINAL_NO_FID,HOUSEHOLD_FRAGRANCE_BRAND_MISMATCH
331-PG,,,TERMINAL_NO_FID,NON_PERSONAL_FRAGRANCE
332-RAM,,15503,FID_MAPPED,
333-ROJ,,30776,FID_MAPPED,
334-SHI,,,PENDING_IDENTITY,UNRESOLVED_SOURCE_IDENTITY
335-THCO,,,TERMINAL_NO_FID,LEGACY_REFERENCE_NO_EXACT_FRAGRANTICA_ENTRY
336-THCO,,,TERMINAL_NO_FID,LEGACY_REFERENCE_NO_EXACT_FRAGRANTICA_ENTRY
337-TIFF,,53062,FID_MAPPED,
338-TMFO,,6363,FID_MAPPED,
339-TMFO,,52790,FID_MAPPED,
340-TMFO,,1018,FID_MAPPED,
341-TMFO,,42432,FID_MAPPED,
342-TMFO,,1823,FID_MAPPED,
343-TMFO,,15913,FID_MAPPED,
344-TMFO,,25482,FID_MAPPED,
345-TMFO,,50458,FID_MAPPED,
346-TMFO,,46513,FID_MAPPED,
347-TMFO,,6697,FID_MAPPED,
348-TMFO,,4329,FID_MAPPED,
349-TMFO,,1851,FID_MAPPED,
350-TMFO,,51411,FID_MAPPED,
351-TMFO,,25481,FID_MAPPED,
352-TMFO,,1820,FID_MAPPED,
353-TMFO,,55766,FID_MAPPED,
354-TMFO,,45691,FID_MAPPED,
355-TMFO,,12192,FID_MAPPED,
356-TMFO,,32614,FID_MAPPED,
357-TMFO,,15727,FID_MAPPED,
358-TMFO,,1822,FID_MAPPED,
359-TMFO,,29675,FID_MAPPED,
360-TMFO,,30957,FID_MAPPED,
361-TMFO,,50239,FID_MAPPED,
362-TMFO,,38650,FID_MAPPED,
363-TMFO,,45192,FID_MAPPED,
364-TMFO,,1826,FID_MAPPED,
365-TMFO,,28009,FID_MAPPED,
366-TMFO,,18490,FID_MAPPED,
367-TMFO,,58781,FID_MAPPED,
368-TMFO,,17333,FID_MAPPED,
369-TMFO,,17220,FID_MAPPED,
370-TMFO,,44106,FID_MAPPED,
371-TMFO,,34893,FID_MAPPED,
372-TMFO,,48029,FID_MAPPED,
373-TMFO,,21402,FID_MAPPED,
374-TMFO,,1825,FID_MAPPED,
375-TMFO,,1849,FID_MAPPED,
376-TMFO,,22963,FID_MAPPED,
377-TMFO,,3797,FID_MAPPED,
378-TMFO,,6386,FID_MAPPED,
379-YAN,,,TERMINAL_NO_FID,NON_PERSONAL_FRAGRANCE
380-YAN,,,TERMINAL_NO_FID,NON_PERSONAL_FRAGRANCE
381-YAN,,,TERMINAL_NO_FID,NON_PERSONAL_FRAGRANCE
382-YAN,,,TERMINAL_NO_FID,NON_PERSONAL_FRAGRANCE
383-YAN,,,TERMINAL_NO_FID,NON_PERSONAL_FRAGRANCE
384-YAR,,9010,FID_MAPPED,
385-YAR,,9012,FID_MAPPED,
387-,,9351,FID_MAPPED,
390-ACQ,,1688,FID_MAPPED,
391-ACQ,,40154,FID_MAPPED,
392-AER,,19056,FID_MAPPED,
393-AER,,19057,FID_MAPPED,
394-AGE,,45363,FID_MAPPED,
395-AGE,,25352,FID_MAPPED,
396-ANT,,3751,FID_MAPPED,
397-ANT,,37470,FID_MAPPED,
398-AQU,,975,FID_MAPPED,
399-ARA,,122,FID_MAPPED,
400-ARIA,,31661,FID_MAPPED,
401-ARIA,,50384,FID_MAPPED,
402-ARIA,,39970,FID_MAPPED,
403-BAL,,397,FID_MAPPED,
404-BAL,,7247,FID_MAPPED,
405-BAL,,15512,FID_MAPPED,
406-BAL,,21987,FID_MAPPED,
407-BAT,,25388,FID_MAPPED,
408-BAT,,3545,FID_MAPPED,
409-BOB,,10456,FID_MAPPED,
410-BOD,,32247,FID_MAPPED,
411-BOD,,2432,FID_MAPPED,
412-BOD,,44100,FID_MAPPED,
413-BOT,,12863,FID_MAPPED,
414-BOT,,26465,FID_MAPPED,
415-BOU,,29443,FID_MAPPED,
416-BOU,,31618,FID_MAPPED,
417-BOUR,,3604,FID_MAPPED,
418-BRI,,600,FID_MAPPED,
419-BRI,,28607,FID_MAPPED,
420-BRB,,29562,FID_MAPPED,
421-BRB,,13014,FID_MAPPED,
422-BRB,,17320,FID_MAPPED,
423-BRB,,819,FID_MAPPED,
424-BRB,,818,FID_MAPPED,
425-BRB,,51694,FID_MAPPED,
426-BRB,,813,FID_MAPPED,
427-BRB,,25836,FID_MAPPED,
428-BRB,,7613,FID_MAPPED,
429-BRB,,930,FID_MAPPED,
430-BRB,,5946,FID_MAPPED,
431-BRB,,814,FID_MAPPED,
433-BRB,,32566,FID_MAPPED,
434-BRB,,45820,FID_MAPPED,
435-BLG,,29442,FID_MAPPED,
436-BLG,,156,FID_MAPPED,
437-BLG,,142,FID_MAPPED,
438-BLG,,14297,FID_MAPPED,
439-BLG,,31538,FID_MAPPED,
440-BLG,,45241,FID_MAPPED,
441-BLG,,3750,FID_MAPPED,
442-BLG,,11512,FID_MAPPED,
443-BLG,,149,FID_MAPPED,
444-BLG,,151,FID_MAPPED,
445-BLG,,780,FID_MAPPED,
446-BLG,,152,FID_MAPPED,
447-BLG,,23709,FID_MAPPED,
448-BLG,,155,FID_MAPPED,
449-BYR,,6458,FID_MAPPED,
450-BYR,,43324,FID_MAPPED,
451-BYR,,6686,FID_MAPPED,
452-BYR,,8441,FID_MAPPED,
453-BYR,,57007,FID_MAPPED,
454-BYR,,54747,FID_MAPPED,
455-BYR,,46358,FID_MAPPED,
456-CAC,,12764,FID_MAPPED,
457-CAC,,238,FID_MAPPED,
458-CAC,,236,FID_MAPPED,
459-CAC,,23871,FID_MAPPED,
460-CAC,,244,FID_MAPPED,
461-CAC,,246,FID_MAPPED,
462-CAC,,1276,FID_MAPPED,
463-CAC,,242,FID_MAPPED,
464-CAC,,48112,FID_MAPPED,
465-CAL,,8840,FID_MAPPED,
466-CAL,,50662,FID_MAPPED,
467-CAL,,255,FID_MAPPED,
468-CAL,,14606,FID_MAPPED,
469-CAL,,271,FID_MAPPED,
470-CAL,,257,FID_MAPPED,
472-CAL,,253,FID_MAPPED,
473-CAL,,25812,FID_MAPPED,
474-CAL,,79356,FID_MAPPED,
475-CAL,,248,FID_MAPPED,
477-CAL,,26372,FID_MAPPED,
478-CAL,,3592,FID_MAPPED,
479-CAR,,296,FID_MAPPED,
480-CAR,,306,FID_MAPPED,
481-CAR,,10126,FID_MAPPED,
482-CAR,,22857,FID_MAPPED,
483-CAR,,35780,FID_MAPPED,
484-CAR,,13618,FID_MAPPED,
485-CAR,,39681,FID_MAPPED,
486-CAR,,48103,FID_MAPPED,
487-CRT,,12878,FID_MAPPED,
488-CRT,,50748,FID_MAPPED,
489-CRT,,23295,FID_MAPPED,
490-CRT,,312,FID_MAPPED,
491-CRT,,32436,FID_MAPPED,
492-CARV,,17744,FID_MAPPED,
493-CER,,327,FID_MAPPED,
494-CHA,,502,FID_MAPPED,
495-CHA,,606,FID_MAPPED,
497-CHA,,610,FID_MAPPED,
498-CHA,,1483,FID_MAPPED,
499-CHA,,8069,FID_MAPPED,
500-CHA,,11,FID_MAPPED,
501-CHA,,12424,FID_MAPPED,
502-CHA,,608,FID_MAPPED,
503-CHA,,1360,FID_MAPPED,
504-CHA,,38543,FID_MAPPED,
505-CHA,,609,FID_MAPPED,
506-CHA,,611,FID_MAPPED,
507-CHA,,48310,FID_MAPPED,
508-CHA,,15963,FID_MAPPED,
509-CHA,,43718,FID_MAPPED,
510-CHL,,1733,FID_MAPPED,
511-CHL,,39632,FID_MAPPED,
512-CHL,,14000,FID_MAPPED,
513-CHL,,9370,FID_MAPPED,
514-CHL,,26227,FID_MAPPED,
515-CHL,,48434,FID_MAPPED,
516-CHL,,18702,FID_MAPPED,
517-CHL,,17123,FID_MAPPED,
518-CHO,,348,FID_MAPPED,
519-CHO,,30520,FID_MAPPED,
520-CHO,,353,FID_MAPPED,
521-DRC,,215,FID_MAPPED,
522-DRC,,25159,FID_MAPPED,
523-DRC,,224,FID_MAPPED,
524-DRC,,222,FID_MAPPED,
525-DRC,,221,FID_MAPPED,
526-DRC,,3291,FID_MAPPED,
527-DRC,,14984,FID_MAPPED,
528-DRC,,219,FID_MAPPED,
529-DRC,,9600,FID_MAPPED,
530-DRC,,210,FID_MAPPED,
531-DRC,,43704,FID_MAPPED,
532-DRC,,51285,FID_MAPPED,
533-DRC,,1282,FID_MAPPED,
534-DRC,,223,FID_MAPPED,
535-DRC,,39070,FID_MAPPED,
536-DRC,,23280,FID_MAPPED,
537-DRC,,213,FID_MAPPED,
538-DRC,,45202,FID_MAPPED,
539-DRC,,58562,FID_MAPPED,
540-DRC,,218,FID_MAPPED,
541-DRC,,35561,FID_MAPPED,
542-DRC,,214,FID_MAPPED,
543-DRC,,48377,FID_MAPPED,
544-DRC,,220,FID_MAPPED,
545-CLI,,371,FID_MAPPED,
546-CLI,,28532,FID_MAPPED,
547-CLI,,25726,FID_MAPPED,
548-CLI,,372,FID_MAPPED,
549-CLI,,379,FID_MAPPED,
550-COA,,38855,FID_MAPPED,
551-COUR,,40170,FID_MAPPED,
552-DOL,,6086,FID_MAPPED,
553-DOL,,22955,FID_MAPPED,
554-DOL,,29524,FID_MAPPED,
555-DOL,,48151,FID_MAPPED,
556-DOL,,4494,FID_MAPPED,
557-DOL,,485,FID_MAPPED,
558-DOL,,23620,FID_MAPPED,
559-DOL,,36601,FID_MAPPED,
560-DOL,,29959,FID_MAPPED,
561-DOL,,15335,FID_MAPPED,
562-DOL,,18837,FID_MAPPED,
563-DOL,,6461,FID_MAPPED,
564-DOL,,,TERMINAL_NO_FID,INVALID_BRAND_REFERENCE
565-DOL,,486,FID_MAPPED,
566-DOL,,698,FID_MAPPED,
567-DOL,,17124,FID_MAPPED,
568-DOL,,31968,FID_MAPPED,
569-DOL,,51249,FID_MAPPED,
570-DOL,,,UNCLASSIFIED_NO_FID,NO_FID_AND_NOT_IN_TERMINAL_AUDIT
571-DAV,,508,FID_MAPPED,
572-DIE,,12446,FID_MAPPED,
573-DIE,,29771,FID_MAPPED,
574-DON,,498,FID_MAPPED,
575-DON,,39240,FID_MAPPED,
576-DON,,495,FID_MAPPED,
577-DON,,496,FID_MAPPED,
578-DON,,504,FID_MAPPED,
579-DON,,29370,FID_MAPPED,
580-DON,,10914,FID_MAPPED,
581-DON,,25948,FID_MAPPED,
582-DON,,45499,FID_MAPPED,
583-DON,,7973,FID_MAPPED,
584-DSQ,,15481,FID_MAPPED,
585-DSQ,,3552,FID_MAPPED,
586-DSQ,,31292,FID_MAPPED,
587-DSQ,,40156,FID_MAPPED,
588-ELI,,12258,FID_MAPPED,
589-ELI,,45686,FID_MAPPED,
590-ELIZ,,81,FID_MAPPED,
591-ELIZ,,24471,FID_MAPPED,
592-ELIZ,,86,FID_MAPPED,
593-ELZT,,887,FID_MAPPED,
594-EMAN,,901,FID_MAPPED,
595-EMIL,,21762,FID_MAPPED,
596-ESC,,32741,FID_MAPPED,
597-ESC,,22106,FID_MAPPED,
598-ESC,,46180,FID_MAPPED,
599-ESC,,17129,FID_MAPPED,
600-ESC,,41897,FID_MAPPED,
601-ESC,,58398,FID_MAPPED,
602-ESC,,25459,FID_MAPPED,
603-ESC,,3861,FID_MAPPED,
604-ESC,,1036,FID_MAPPED,
605-ESC,,53054,FID_MAPPED,
606-ESC,,1365,FID_MAPPED,
607-ESC,,7303,FID_MAPPED,
608-ESC,,1887,FID_MAPPED,
609-ESC,,1179,FID_MAPPED,
610-ESC,,47255,FID_MAPPED,
611-ESC,,10611,FID_MAPPED,
612-ESC,,,UNCLASSIFIED_NO_FID,NO_FID_AND_NOT_IN_TERMINAL_AUDIT
613-ESC,,28630,FID_MAPPED,
614-EST,,528,FID_MAPPED,
615-EST,,50793,FID_MAPPED,
616-EST,,530,FID_MAPPED,
617-EST,,4942,FID_MAPPED,
618-EST,,14309,FID_MAPPED,
619-EST,,2857,FID_MAPPED,
620-EST,,11537,FID_MAPPED,
621-EST,,43639,FID_MAPPED,
622-EST,,546,FID_MAPPED,
623-EST,,544,FID_MAPPED,
624-EST,,541,FID_MAPPED,
625-EST,,548,FID_MAPPED,
626-EST,,18319,FID_MAPPED,
627-EST,,31293,FID_MAPPED,
628-EST,,40455,FID_MAPPED,
629-EST,,536,FID_MAPPED,
630-EST,,1988,FID_MAPPED,
631-EST,,547,FID_MAPPED,
632-EST,,6066,FID_MAPPED,
633-EST,,101277,FID_MAPPED,
634-EST,,2938,FID_MAPPED,
635-EST,,9895,FID_MAPPED,
636-EST,,12219,FID_MAPPED,
637-EST,,552,FID_MAPPED,
638-EST,,542,FID_MAPPED,
639-FEN,,200,FID_MAPPED,
640-FEN,,18706,FID_MAPPED,
641-FRE,,10464,FID_MAPPED,
643-ARM,,8442,FID_MAPPED,
644-ARM,,12402,FID_MAPPED,
645-ARM,,30621,FID_MAPPED,
646-ARM,,413,FID_MAPPED,
647-ARM,,42278,FID_MAPPED,
648-ARM,,31664,FID_MAPPED,
649-ARM,,30323,FID_MAPPED,
650-ARM,,45257,FID_MAPPED,
651-ARM,,417,FID_MAPPED,
652-ARM,,52801,FID_MAPPED,
653-ARM,,423,FID_MAPPED,
654-ARM,,62036,FID_MAPPED,
655-ARM,,18453,FID_MAPPED,
656-ARM,,53243,FID_MAPPED,
657-ARM,,25947,FID_MAPPED,
658-ARM,,48002,FID_MAPPED,
659-ARM,,58737,FID_MAPPED,
660-ARM,,35248,FID_MAPPED,
661-ARM,,36600,FID_MAPPED,
662-GIV,,3,FID_MAPPED,
663-GIV,,757,FID_MAPPED,
664-GIV,,701,FID_MAPPED,
665-GIV,,17610,FID_MAPPED,
666-GIV,,25972,FID_MAPPED,
667-GIV,,12146,FID_MAPPED,
668-GIV,,35,FID_MAPPED,
669-GIV,,4695,FID_MAPPED,
670-GIV,,4,FID_MAPPED,
671-GIV,,9369,FID_MAPPED,
673-GRS,,1061,FID_MAPPED,
674-GUC,,30815,FID_MAPPED,
675-GUC,,44894,FID_MAPPED,
676-GUC,,5226,FID_MAPPED,
677-GUC,,1150,FID_MAPPED,
678-GUC,,9677,FID_MAPPED,
679-GUC,,17321,FID_MAPPED,
680-GUC,,15449,FID_MAPPED,
681-GUC,,686,FID_MAPPED,
682-GUR,,18061,FID_MAPPED,
683-GUR,,48678,FID_MAPPED,
684-GUR,,48679,FID_MAPPED,
685-GUR,,25330,FID_MAPPED,
686-GUR,,667,FID_MAPPED,
687-GUR,,51,FID_MAPPED,
688-GUR,,1106,FID_MAPPED,
689-GUR,,25316,FID_MAPPED,
690-GUR,,43297,FID_MAPPED,
691-GUR,,5993,FID_MAPPED,
692-GUR,,55,FID_MAPPED,
693-GUR,,33557,FID_MAPPED,
694-GUR,,24785,FID_MAPPED,
695-GUE,,26415,FID_MAPPED,
696-GLA,,2068,FID_MAPPED,
697-HER,,2669,FID_MAPPED,
698-HER,,9,FID_MAPPED,
699-HER,,42747,FID_MAPPED,
700-HER,,3168,FID_MAPPED,
701-HER,,39584,FID_MAPPED,
702-HER,,17076,FID_MAPPED,
703-HER,,1335,FID_MAPPED,
704-HER,,15949,FID_MAPPED,
705-HER,,29818,FID_MAPPED,
706-HER,,2674,FID_MAPPED,
707-HER,,46145,FID_MAPPED,
708-HER,,18,FID_MAPPED,
709-HER,,7916,FID_MAPPED,
710-HUG,,18385,FID_MAPPED,
711-HUG,,5979,FID_MAPPED,
712-HUG,,381,FID_MAPPED,
713-HUG,,25298,FID_MAPPED,
714-HUG,,38998,FID_MAPPED,
715-HUG,,34870,FID_MAPPED,
716-ISS,,6432,FID_MAPPED,
717-ISS,,720,FID_MAPPED,
718-ISS,,720,FID_MAPPED,
719-ISS,,15464,FID_MAPPED,
720-GUL,,427,FID_MAPPED,
721-GUL,,39582,FID_MAPPED,
722-GUL,,55786,FID_MAPPED,
723-GUL,,7800,FID_MAPPED,
724-GUL,,45651,FID_MAPPED,
725-GUL,,50715,FID_MAPPED,
726-GUL,,60942,FID_MAPPED,
727-JEN,,29758,FID_MAPPED,
728-JES,,719,FID_MAPPED,
729-JIM,,29165,FID_MAPPED,
730-JIM,,18386,FID_MAPPED,
731-JIM,,49615,FID_MAPPED,
732-JIM,,17223,FID_MAPPED,
733-JIM,,31233,FID_MAPPED,
734-JIM,,10573,FID_MAPPED,
735-JIM,,27431,FID_MAPPED,
736-JUI,,6496,FID_MAPPED,
737-JUI,,22956,FID_MAPPED,
738-JUI,,4410,FID_MAPPED,
739-JUI,,25753,FID_MAPPED,
740-JUI,,22574,FID_MAPPED,
741-JUI,,33567,FID_MAPPED,
742-JUI,,42053,FID_MAPPED,
743-JUS,,15287,FID_MAPPED,
744-JUS,,18665,FID_MAPPED,
745-KAR,,24068,FID_MAPPED,
746-KAR,,35570,FID_MAPPED,
747-KEN,,4696,FID_MAPPED,
748-KEN,,23315,FID_MAPPED,
749-KEN,,72,FID_MAPPED,
750-KEN,,31539,FID_MAPPED,
751-KEN,,25866,FID_MAPPED,
752-KEN,,70,FID_MAPPED,
753-KEN,,3403,FID_MAPPED,
754-KEN,,78,FID_MAPPED,
755-KEN,,76,FID_MAPPED,
756-KEN,,40278,FID_MAPPED,
757-KIL,,50498,FID_MAPPED,
758-KIL,,6457,FID_MAPPED,
759-KIL,,50495,FID_MAPPED,
760-KIL,,43632,FID_MAPPED,
761-KIL,,15924,FID_MAPPED,
762-KIL,,25991,FID_MAPPED,
763-KIL,,50496,FID_MAPPED,
764-KIL,,4321,FID_MAPPED,
765-KIL,,4322,FID_MAPPED,
766-KIL,,35973,FID_MAPPED,
767-KIL,,31625,FID_MAPPED,
768-KIL,,46469,FID_MAPPED,
770-LAP,,824,FID_MAPPED,
771-LAP,,823,FID_MAPPED,
772-LAD,,15338,FID_MAPPED,
773-LAL,,1835,FID_MAPPED,
774-LAL,,29816,FID_MAPPED,
775-LAL,,1833,FID_MAPPED,
776-LAL,,17840,FID_MAPPED,
777-LAL,,28250,FID_MAPPED,
778-LAN,,180,FID_MAPPED,
779-LAN,,170,FID_MAPPED,
780-LAN,,55795,FID_MAPPED,
781-LAN,,39737,FID_MAPPED,
782-LAN,,14982,FID_MAPPED,
783-LAN,,35493,FID_MAPPED,
784-LAN,,45892,FID_MAPPED,
785-LAN,,53345,FID_MAPPED,
786-LAN,,59326,FID_MAPPED,
787-LAN,,174,FID_MAPPED,
788-LAN,,3746,FID_MAPPED,
789-LAN,,54193,FID_MAPPED,
790-LAN,,184,FID_MAPPED,
791-LAN,,11345,FID_MAPPED,
792-LAN,,39740,FID_MAPPED,
793-LAN,,29157,FID_MAPPED,
794-LAN,,48019,FID_MAPPED,
795-LAN,,52788,FID_MAPPED,
796-LAN,,171,FID_MAPPED,
797-LAN,,172,FID_MAPPED,
798-LAN,,11721,FID_MAPPED,
799-LANV,,988,FID_MAPPED,
800-LANV,,17701,FID_MAPPED,
801-LANV,,9405,FID_MAPPED,
802-LBI,,625,FID_MAPPED,
803-LAU,,18364,FID_MAPPED,
804-LOE,,6292,FID_MAPPED,
805-LOL,,455,FID_MAPPED,
806-LOL,,17936,FID_MAPPED,
807-LOL,,456,FID_MAPPED,
808-LOL,,28177,FID_MAPPED,
809-LTN,,40498,FID_MAPPED,
810-LTN,,40496,FID_MAPPED,
811-MAR,,1361,FID_MAPPED,
812-MAR,,25289,FID_MAPPED,
813-MAR,,31226,FID_MAPPED,
814-MAR,,14781,FID_MAPPED,
815-MAR,,18272,FID_MAPPED,
816-MAX,,204,FID_MAPPED,
817-MIC,,31341,FID_MAPPED,
818-MIC,,32739,FID_MAPPED,
819-MIC,,18161,FID_MAPPED,
820-MIC,,27497,FID_MAPPED,
821-MIC,,34276,FID_MAPPED,
822-MIC,,46182,FID_MAPPED,
823-MIC,,18160,FID_MAPPED,
824-MIC,,31343,FID_MAPPED,
825-MIC,,39459,FID_MAPPED,
826-MIS,,45063,FID_MAPPED,
827-MISN,,33017,FID_MAPPED,
828-MIY,,724,FID_MAPPED,
829-MNTB,,833,FID_MAPPED,
830-MNTB,,16059,FID_MAPPED,
831-MOS,,727,FID_MAPPED,
832-MOS,,728,FID_MAPPED,
833-MOS,,6146,FID_MAPPED,
834-MOS,,46867,FID_MAPPED,
835-MOS,,1215,FID_MAPPED,
836-MOS,,1616,FID_MAPPED,
837-MOS,,15209,FID_MAPPED,
838-MOS,,27957,FID_MAPPED,
840-NAO,,905,FID_MAPPED,
841-NRO,,42580,FID_MAPPED,
842-NRO,,14319,FID_MAPPED,
843-NRO,,209,FID_MAPPED,
844-NRO,,31509,FID_MAPPED,
845-NRO,,26127,FID_MAPPED,
846-NRO,,49331,FID_MAPPED,
847-NRO,,36679,FID_MAPPED,
848-NRO,,53441,FID_MAPPED,
849-NRO,,35713,FID_MAPPED,
850-NIN,,1014,FID_MAPPED,
851-NIN,,29668,FID_MAPPED,
852-NIN,,39376,FID_MAPPED,
853-NIN,,147,FID_MAPPED,
854-NIN,,56162,FID_MAPPED,
855-NIN,,520,FID_MAPPED,
856-NIN,,6382,FID_MAPPED,
857-ONE,,26663,FID_MAPPED,
858-PAC,,1138,FID_MAPPED,
859-PAC,,18898,FID_MAPPED,
860-PAC,,9045,FID_MAPPED,
861-PAC,,55787,FID_MAPPED,
862-PAC,,37699,FID_MAPPED,
863-PAC,,31666,FID_MAPPED,
864-PAC,,42890,FID_MAPPED,
865-PAC,,51424,FID_MAPPED,
866-PAC,,519,FID_MAPPED,
867-PAL,,1009,FID_MAPPED,
868-PARH,,32365,FID_MAPPED,
869-PIER,,22817,FID_MAPPED,
870-PIER,,28047,FID_MAPPED,
871-PIER,,15557,FID_MAPPED,
872-PRA,,12426,FID_MAPPED,
873-PRA,,24487,FID_MAPPED,
874-PRA,,44534,FID_MAPPED,
875-PRA,,34973,FID_MAPPED,
876-PRA,,31044,FID_MAPPED,
877-PRA,,5533,FID_MAPPED,
878-PRA,,38347,FID_MAPPED,
879-PRA,,1795,FID_MAPPED,
881-PRA,,6524,FID_MAPPED,
882-PRA,,1044,FID_MAPPED,
883-PRA,,39030,FID_MAPPED,
884-RAL,,14446,FID_MAPPED,
885-REP,,30159,FID_MAPPED,
886-RIH,,31629,FID_MAPPED,
887-RCAV,,17310,FID_MAPPED,
888-RCAV,,41717,FID_MAPPED,
889-RCAV,,31459,FID_MAPPED,
890-RCAV,,22902,FID_MAPPED,
891-RCAV,,26216,FID_MAPPED,
892-RCAV,,847,FID_MAPPED,
893-RCAV,,18833,FID_MAPPED,
894-RCAV,,28609,FID_MAPPED,
895-RCAV,,837,FID_MAPPED,
896-RCAV,,58538,FID_MAPPED,
897-RCAV,,22194,FID_MAPPED,
898-ROC,,1427,FID_MAPPED,
899-ROC,,43205,FID_MAPPED,
900-ROG,,17583,FID_MAPPED,
901-ROG,,3482,FID_MAPPED,
902-SALV,,970,FID_MAPPED,
903-SALV,,768,FID_MAPPED,
904-SALV,,,UNCLASSIFIED_NO_FID,NO_FID_AND_NOT_IN_TERMINAL_AUDIT
905-SFER,,46832,FID_MAPPED,
906-SFER,,28117,FID_MAPPED,
907-SFER,,13639,FID_MAPPED,
908-SFER,,32646,FID_MAPPED,
909-SFER,,26777,FID_MAPPED,
910-SARJ,,993,FID_MAPPED,
911-SEPH,,37955,FID_MAPPED,
912-SHIS,,1499,FID_MAPPED,
913-SIS,,1002,FID_MAPPED,
914-SIS,,23324,FID_MAPPED,
915-SIS,,42935,FID_MAPPED,
916-SOF,,31662,FID_MAPPED,
917-SWA,,26119,FID_MAPPED,
918-TMU,,6616,FID_MAPPED,
919-TMU,,15452,FID_MAPPED,
920-TMU,,704,FID_MAPPED,
921-TMU,,36416,FID_MAPPED,
922-TMU,,61519,FID_MAPPED,
923-TMU,,45639,FID_MAPPED,
924-TMU,,709,FID_MAPPED,
925-TMU,,8766,FID_MAPPED,
926-TOM,,3016,FID_MAPPED,
927-TOUZ,,17827,FID_MAPPED,
928-TRU,,16241,FID_MAPPED,
929-TRU,,13066,FID_MAPPED,
930-TRU,,3667,FID_MAPPED,
931-TRU,,883,FID_MAPPED,
932-TRU,,3058,FID_MAPPED,
933-TRU,,18802,FID_MAPPED,
934-TRU,,31030,FID_MAPPED,
935-TRU,,1038,FID_MAPPED,
936-VAL,,31411,FID_MAPPED,
937-VAL,,55805,FID_MAPPED,
938-VAL,,12770,FID_MAPPED,
939-VAL,,29901,FID_MAPPED,
941-VAN,,1102,FID_MAPPED,
942-VERW,,1596,FID_MAPPED,
943-VER,,632,FID_MAPPED,
944-VER,,631,FID_MAPPED,
945-VER,,28958,FID_MAPPED,
946-VER,,22819,FID_MAPPED,
947-VIC,,123334,FID_MAPPED,
948-VIC,,1460,FID_MAPPED,
949-VIC,,42905,FID_MAPPED,
950-VICT,,7990,FID_MAPPED,
952-VICT,,10190,FID_MAPPED,
953-VICT,,18315,FID_MAPPED,
954-VICT,,28811,FID_MAPPED,
955-VICT,,7993,FID_MAPPED,
956-VICT,,40201,FID_MAPPED,
957-VICT,,16003,FID_MAPPED,
958-VICT,,17699,FID_MAPPED,
959-VICT,,23244,FID_MAPPED,
960-VICT,,29526,FID_MAPPED,
961-VICT,,7988,FID_MAPPED,
962-VICT,,19029,FID_MAPPED,
963-VICT,,7989,FID_MAPPED,
964-VICT,,28256,FID_MAPPED,
965-VICT,,13261,FID_MAPPED,
966-VICT,,9730,FID_MAPPED,
967-VICT,,56837,FID_MAPPED,
968-VICT,,114425,FID_MAPPED,
969-VICT,,49007,FID_MAPPED,
970-VICT,,49008,FID_MAPPED,
971-VICT,,14635,FID_MAPPED,
972-VICT,,38834,FID_MAPPED,
973-VICT,,133200,FID_MAPPED,
975-YZLO,,58274,FID_MAPPED,
976-YZLO,,9394,FID_MAPPED,
977-YZLO,,25324,FID_MAPPED,
978-YZLO,,34503,FID_MAPPED,
979-YZLO,,92,FID_MAPPED,
980-YZLO,,1574,FID_MAPPED,
981-YZLO,,56077,FID_MAPPED,
983-YZLO,,15540,FID_MAPPED,
984-YZLO,,18785,FID_MAPPED,
985-YZLO,,38914,FID_MAPPED,
986-YZLO,,93,FID_MAPPED,
987-YZLO,,94,FID_MAPPED,
988-YZLO,,6493,FID_MAPPED,
989-YZLO,,96,FID_MAPPED,
990-YZLO,,18369,FID_MAPPED,
991-YZLO,,101,FID_MAPPED,
992-ZAD,,51198,FID_MAPPED,
993-ZAD,,45862,FID_MAPPED,
994-ZAD,,39358,FID_MAPPED,
995-ZAR,,16586,FID_MAPPED,
997-ABE,,3508,FID_MAPPED,
998-ABE,,38014,FID_MAPPED,
999-ABE,,37753,FID_MAPPED,
1000-ADO,,9783,FID_MAPPED,
1001-ANT,,26412,FID_MAPPED,
1003-ACQ,,31424,FID_MAPPED,
1004-ACQ,,43409,FID_MAPPED,
1005-ACQ,,1684,FID_MAPPED,
1006-ACQ,,15519,FID_MAPPED,
1007-ACQ,,25349,FID_MAPPED,
1008-ACQ,,45876,FID_MAPPED,
1009-ACQ,,38674,FID_MAPPED,
1010-ACQ,,9829,FID_MAPPED,
1011-ARA,,27572,FID_MAPPED,
1012-ARA,,599,FID_MAPPED,
1013-ARA,,39608,FID_MAPPED,
1014-AZZ,,829,FID_MAPPED,
1015-AZZ,,13965,FID_MAPPED,
1016-AZZ,,598,FID_MAPPED,
1017-AZZ,,788,FID_MAPPED,
1018-AZZ,,2959,FID_MAPPED,
1019-AZZ,,43131,FID_MAPPED,
1020-AZZ,,38686,FID_MAPPED,
1021-BOG,,7795,FID_MAPPED,
1022-BOT,,23524,FID_MAPPED,
1023-BOT,,29351,FID_MAPPED,
1024-BOU,,44720,FID_MAPPED,
1025-BRB,,29561,FID_MAPPED,
1026-BRB,,1115,FID_MAPPED,
1027-BRB,,813,FID_MAPPED,
1028-BRB,,7614,FID_MAPPED,
1029-BRB,,32565,FID_MAPPED,
1030-BRB,,49095,FID_MAPPED,
1031-BRB,,18903,FID_MAPPED,
1032-BRB,,4509,FID_MAPPED,
1033-BRB,,815,FID_MAPPED,
1034-BLG,,153,FID_MAPPED,
1035-BLG,,154,FID_MAPPED,
1036-BLG,,148,FID_MAPPED,
1037-BLG,,9403,FID_MAPPED,
1038-BLG,,17373,FID_MAPPED,
1039-BLG,,26358,FID_MAPPED,
1040-BLG,,150,FID_MAPPED,
1041-BLG,,143,FID_MAPPED,
1042-CAC,,2036,FID_MAPPED,
1043-CAL,,275,FID_MAPPED,
1044-CAL,,258,FID_MAPPED,
1045-CAL,,257,FID_MAPPED,
1046-CAL,,59021,FID_MAPPED,
1047-CAL,,799,FID_MAPPED,
1048-CAL,,249,FID_MAPPED,
1049-CAL,,276,FID_MAPPED,
1050-CAL,,22327,FID_MAPPED,
1051-CAL,,12520,FID_MAPPED,
1052-CAL,,23436,FID_MAPPED,
1053-CAR,,297,FID_MAPPED,
1054-CAR,,1054,FID_MAPPED,
1055-CAR,,30424,FID_MAPPED,
1056-CAR,,12865,FID_MAPPED,
1057-CAR,,35781,FID_MAPPED,
1058-CAR,,55449,FID_MAPPED,
1059-CRT,,307,FID_MAPPED,
1060-CRT,,39885,FID_MAPPED,
1061-CRT,,2446,FID_MAPPED,
1062-CRT,,3474,FID_MAPPED,
1063-CER,,1441,FID_MAPPED,
1064-CHA,,523,FID_MAPPED,
1065-CHA,,607,FID_MAPPED,
1066-CHA,,616,FID_MAPPED,
1067-CHA,,9099,FID_MAPPED,
1068-CHA,,37473,FID_MAPPED,
1069-CHA,,613,FID_MAPPED,
1070-CHA,,614,FID_MAPPED,
1071-DRC,,7092,FID_MAPPED,
1072-DRC,,48398,FID_MAPPED,
1073-DRC,,27417,FID_MAPPED,
1074-DRC,,235,FID_MAPPED,
1075-DRC,,231,FID_MAPPED,
1076-DRC,,228,FID_MAPPED,
1077-DRC,,987,FID_MAPPED,
1078-DRC,,233,FID_MAPPED,
1079-DRC,,234,FID_MAPPED,
1080-DRC,,230,FID_MAPPED,
1081-DRC,,22860,FID_MAPPED,
1082-DRC,,4033,FID_MAPPED,
1083-DRC,,86301,FID_MAPPED,
1085-DRC,,31861,FID_MAPPED,
1086-CLI,,373,FID_MAPPED,
1087-COM,,389,FID_MAPPED,
1088-COM,,395,FID_MAPPED,
1089-COM,,8991,FID_MAPPED,
1090-COS,,7047,FID_MAPPED,
1091-COS,,2305,FID_MAPPED,
1092-DOL,,490,FID_MAPPED,
1093-DOL,,28935,FID_MAPPED,
1094-DOL,,56358,FID_MAPPED,
1095-DOL,,1068,FID_MAPPED,
1096-DOL,,44035,FID_MAPPED,
1097-DOL,,23619,FID_MAPPED,
1098-DOL,,483,FID_MAPPED,
1099-DOL,,2056,FID_MAPPED,
1100-DOL,,50611,FID_MAPPED,
1101-DOL,,25154,FID_MAPPED,
1102-DAV,,507,FID_MAPPED,
1103-DAV,,6282,FID_MAPPED,
1104-DAV,,14564,FID_MAPPED,
1105-DAV,,28801,FID_MAPPED,
1106-DAV,,590,FID_MAPPED,
1107-DIE,,39383,FID_MAPPED,
1108-DIE,,5532,FID_MAPPED,
1109-DIE,,26131,FID_MAPPED,
1110-DSQ,,18592,FID_MAPPED,
1111-DSQ,,1936,FID_MAPPED,
1112-DSQ,,5862,FID_MAPPED,
1113-DSQ,,27438,FID_MAPPED,
1114-DUN,,38982,FID_MAPPED,
1115-ZEG,,95947,FID_MAPPED,
1116-ZEG,,28142,FID_MAPPED,
1117-EST,,533,FID_MAPPED,
1118-FAB,,15303,FID_MAPPED,
1119-FEN,,18154,FID_MAPPED,
1120-FER,,24450,FID_MAPPED,
1121-GFE,,803,FID_MAPPED,
1122-GFE,,6530,FID_MAPPED,
1123-ARM,,410,FID_MAPPED,
1124-ARM,,48138,FID_MAPPED,
1125-ARM,,14825,FID_MAPPED,
1126-ARM,,59532,FID_MAPPED,
1127-ARM,,29727,FID_MAPPED,
1128-ARM,,42895,FID_MAPPED,
1129-ARM,,24601,FID_MAPPED,
1130-ARM,,34761,FID_MAPPED,
1131-ARM,,414,FID_MAPPED,
1132-ARM,,1067,FID_MAPPED,
1133-ARM,,412,FID_MAPPED,
1134-ARM,,3793,FID_MAPPED,
1135-ARM,,416,FID_MAPPED,
1136-ARM,,45258,FID_MAPPED,
1137-ARM,,419,FID_MAPPED,
1138-GIV,,48476,FID_MAPPED,
1139-GIV,,17259,FID_MAPPED,
1140-GIV,,858,FID_MAPPED,
1141-GIV,,39,FID_MAPPED,
1142-GIV,,98247,FID_MAPPED,
1143-GUC,,688,FID_MAPPED,
1144-GUC,,3792,FID_MAPPED,
1145-GUC,,691,FID_MAPPED,
1146-GUC,,13075,FID_MAPPED,
1147-GUC,,11037,FID_MAPPED,
1148-GUC,,25946,FID_MAPPED,
1149-GUR,,25780,FID_MAPPED,
1150-GLA,,2069,FID_MAPPED,
1151-HAL,,3697,FID_MAPPED,
1152-HER,,25,FID_MAPPED,
1153-HER,,18183,FID_MAPPED,
1154-HER,,19,FID_MAPPED,
1155-HER,,2671,FID_MAPPED,
1156-HER,,17,FID_MAPPED,
1157-HER,,50672,FID_MAPPED,
1158-HER,,24060,FID_MAPPED,
1159-HUG,,385,FID_MAPPED,
1160-HUG,,383,FID_MAPPED,
1161-HUG,,31141,FID_MAPPED,
1162-HUG,,43331,FID_MAPPED,
1163-HUG,,11070,FID_MAPPED,
1164-HUG,,571,FID_MAPPED,
1165-HUG,,569,FID_MAPPED,
1166-HUG,,564,FID_MAPPED,
1167-HUG,,570,FID_MAPPED,
1168-HUG,,42484,FID_MAPPED,
1169-HUG,,31445,FID_MAPPED,
1171-HUG,,22528,FID_MAPPED,
1172-ISS,,721,FID_MAPPED,
1173-ISS,,43311,FID_MAPPED,
1174-JAC,,3804,FID_MAPPED,
1175-JAC,,1454,FID_MAPPED,
1176-GUL,,433,FID_MAPPED,
1177-GUL,,12711,FID_MAPPED,
1178-GUL,,55785,FID_MAPPED,
1179-GUL,,430,FID_MAPPED,
1180-GUL,,9502,FID_MAPPED,
1181-GUL,,30947,FID_MAPPED,
1182-JIM,,25977,FID_MAPPED,
1183-VAR,,2355,FID_MAPPED,
1184-JOO,,3100,FID_MAPPED,
1185-JOO,,1721,FID_MAPPED,
1186-JOO,,42887,FID_MAPPED,
1187-JOV,,7524,FID_MAPPED,
1188-KAR,,45857,FID_MAPPED,
1189-KEN,,18174,FID_MAPPED,
1190-KEN,,77,FID_MAPPED,
1191-KEN,,35459,FID_MAPPED,
1192-KEN,,1673,FID_MAPPED,
1193-KEN,,31206,FID_MAPPED,
1194-KIL,,46470,FID_MAPPED,
1195-LART,,1261,FID_MAPPED,
1196-LAC,,41265,FID_MAPPED,
1197-LAC,,670,FID_MAPPED,
1198-LAL,,1834,FID_MAPPED,
1200-LAN,,992,FID_MAPPED,
1201-LBI,,3002,FID_MAPPED,
1202-LOE,,6291,FID_MAPPED,
1203-LOE,,3643,FID_MAPPED,
1204-LOE,,30321,FID_MAPPED,
1205-LOL,,458,FID_MAPPED,
1206-MAR,,8968,FID_MAPPED,
1207-MIC,,26264,FID_MAPPED,
1208-MNTB,,23711,FID_MAPPED,
1209-MNTB,,52002,FID_MAPPED,
1210-MNTB,,4193,FID_MAPPED,
1211-MNTB,,11784,FID_MAPPED,
1212-MNTB,,18861,FID_MAPPED,
1213-MNTB,,45692,FID_MAPPED,
1214-MNTB,,33443,FID_MAPPED,
1215-MNTB,,832,FID_MAPPED,
1216-MNTB,,4023,FID_MAPPED,
1217-MONT,,2381,FID_MAPPED,
1218-MOS,,11613,FID_MAPPED,
1219-MOS,,5951,FID_MAPPED,
1220-MOS,,28805,FID_MAPPED,
1221-MOS,,730,FID_MAPPED,
1222-NRO,,31247,FID_MAPPED,
1223-NRO,,1063,FID_MAPPED,
1224-APO,,925,FID_MAPPED,
1225-PAC,,514,FID_MAPPED,
1226-PAC,,18471,FID_MAPPED,
1227-PAC,,34506,FID_MAPPED,
1228-PAC,,54323,FID_MAPPED,
1229-PAC,,3747,FID_MAPPED,
1230-PAC,,48903,FID_MAPPED,
1231-PAC,,37698,FID_MAPPED,
1232-PAC,,526,FID_MAPPED,
1233-PAC,,46038,FID_MAPPED,
1234-PAC,,53453,FID_MAPPED,
1235-PAC,,521,FID_MAPPED,
1236-PAL,,1695,FID_MAPPED,
1237-PIN,,1522,FID_MAPPED,
1238-PRA,,3794,FID_MAPPED,
1239-PRA,,31045,FID_MAPPED,
1240-PRA,,15754,FID_MAPPED,
1241-PRA,,43402,FID_MAPPED,
1242-PRA,,18882,FID_MAPPED,
1243-PRA,,31116,FID_MAPPED,
1244-PRA,,1044,FID_MAPPED,
1245-PRA,,1044,FID_MAPPED,
1246-RAL,,1198,FID_MAPPED,
1247-RAL,,18598,FID_MAPPED,
1248-RAL,,48482,FID_MAPPED,
1249-RAL,,894,FID_MAPPED,
1250-RAL,,896,FID_MAPPED,
1251-ROM,,,UNCLASSIFIED_NO_FID,NO_FID_AND_NOT_IN_TERMINAL_AUDIT
1252-RCAV,,838,FID_MAPPED,
1253-RCAV,,26217,FID_MAPPED,
1254-RCAV,,848,FID_MAPPED,
1256-ROC,,1426,FID_MAPPED,
1257-SFER,,659,FID_MAPPED,
1258-SFER,,26777,FID_MAPPED,
1259-SHU,,14746,FID_MAPPED,
1260-TMU,,705,FID_MAPPED,
1261-TMU,,706,FID_MAPPED,
1262-TMU,,704,FID_MAPPED,
1263-TRU,,24719,FID_MAPPED,
1264-TRU,,30050,FID_MAPPED,
1265-TRU,,16027,FID_MAPPED,
1266-TRU,,46287,FID_MAPPED,
1267-TRU,,39678,FID_MAPPED,
1268-VAL,,19558,FID_MAPPED,
1269-VAL,,29601,FID_MAPPED,
1270-VAN,,44864,FID_MAPPED,
1271-VAN,,1098,FID_MAPPED,
1272-VER,,637,FID_MAPPED,
1273-VER,,59417,FID_MAPPED,
1274-VER,,40031,FID_MAPPED,
1275-VER,,16657,FID_MAPPED,
1276-VIC,,13857,FID_MAPPED,
1277-YZLO,,736,FID_MAPPED,
1278-YZLO,,735,FID_MAPPED,
1279-YZLO,,30240,FID_MAPPED,
1280-YZLO,,5521,FID_MAPPED,
1281-YZLO,,18841,FID_MAPPED,
1282-YZLO,,12602,FID_MAPPED,
1283-YZLO,,24473,FID_MAPPED,
1284-YZLO,,1031,FID_MAPPED,
1285-YZLO,,31050,FID_MAPPED,
1286-YZLO,,562,FID_MAPPED,
1287-YZLO,,1032,FID_MAPPED,
1288-YZLO,,32269,FID_MAPPED,
1289-YZLO,,100,FID_MAPPED,
1290-ZAD,,39359,FID_MAPPED,
1476-NRO,,64730,FID_MAPPED,
1477-HER,,65147,FID_MAPPED,
1478-HUG,,62744,FID_MAPPED,
1479-HER,,59799,FID_MAPPED,
1480-ARM,,64501,FID_MAPPED,
1481-EON,,15944,FID_MAPPED,
1482-VIC,,1461,FID_MAPPED,
1483-DSQ,,12937,FID_MAPPED,
1484-VAL,,55963,FID_MAPPED,
1485-TMU,,49503,FID_MAPPED,
1486-TRU,,13067,FID_MAPPED,
1487-PAC,,18899,FID_MAPPED,
1488-LBI,,629,FID_MAPPED,
1489-DAV,,35819,FID_MAPPED,
1490-DRC,,58714,FID_MAPPED,
1491-CAL,,45709,FID_MAPPED,
1492-ABE,,40775,FID_MAPPED,
1493-ACQ,,1687,FID_MAPPED,
1494-BOD,,31568,FID_MAPPED,
1495-BRB,,60795,FID_MAPPED,
1496-BRB,,1000,FID_MAPPED,
1497-BYR,,32777,FID_MAPPED,
1498-BYR,,3575,FID_MAPPED,
1499-BYR,,27040,FID_MAPPED,
1500-BYR,,63031,FID_MAPPED,
1501-CAR,,40373,FID_MAPPED,
1502-CHA,,62194,FID_MAPPED,
1503-DRC,,17218,FID_MAPPED,
1504-DON,,53501,FID_MAPPED,
1505-EST,,59242,FID_MAPPED,
1507-HUG,,59228,FID_MAPPED,
1508-KIL,,62615,FID_MAPPED,
1509-KIL,,14206,FID_MAPPED,
1510-KIL,,14330,FID_MAPPED,
1511-KIL,,15925,FID_MAPPED,
1512-KIL,,15926,FID_MAPPED,
1513-KIL,,90174,FID_MAPPED,
1514-KIL,,14329,FID_MAPPED,
1515-LAN,,64639,FID_MAPPED,
1516-LAN,,58825,FID_MAPPED,
1517-MOS,,51589,FID_MAPPED,
1518-RAL,,825,FID_MAPPED,
1519-YZLO,,60081,FID_MAPPED,
1520-YZLO,,62318,FID_MAPPED,
1521-ZAD,,60794,FID_MAPPED,
1522-ZAD,,64313,FID_MAPPED,
1523-AFN,,27357,FID_MAPPED,
1524-AMG,,15295,FID_MAPPED,
1525-AMG,,919,FID_MAPPED,
1526-AL HAR,,,UNCLASSIFIED_NO_FID,NO_FID_AND_NOT_IN_TERMINAL_AUDIT
1528-KUR,,46066,FID_MAPPED,
1529-BDIK,,51468,FID_MAPPED,
1530-INI,,30993,FID_MAPPED,
1531-PARF,,56036,FID_MAPPED,
1532-ROJ,,47480,FID_MAPPED,
1533-SERG,,2760,FID_MAPPED,
1534-SWI,,6672,FID_MAPPED,
1535-BOA,,18518,FID_MAPPED,
1536-BOA,,55770,FID_MAPPED,
1537-CHA,,61036,FID_MAPPED,
1538-FRE,,56095,FID_MAPPED,
1539-ORT,,45475,FID_MAPPED,
1542-JOM,,46186,FID_MAPPED,
1545-MNT,,3763,FID_MAPPED,
1546-TMFO,,62707,FID_MAPPED,
1547-TMFO,,12766,FID_MAPPED,
1548-TMFO,,56737,FID_MAPPED,
1549-TMFO,,31696,FID_MAPPED,
1550-YAN,,,TERMINAL_NO_FID,NON_PERSONAL_FRAGRANCE
1551-VICT,,54073,FID_MAPPED,
1552-VER,,13064,FID_MAPPED,
1553-MNT,,57384,FID_MAPPED,
1554-VICT,,63685,FID_MAPPED,
1555-GUR,,62811,FID_MAPPED,
1556-CHA,,56712,FID_MAPPED,
1557-FRE,,56516,FID_MAPPED,
1558-TMFO,,64698,FID_MAPPED,
1559-VICT,,32693,FID_MAPPED,
1612-LTN,,40499,FID_MAPPED,
1613-FRE,,28407,FID_MAPPED,
1614-FRE,,52195,FID_MAPPED,
1615-FRE,,47332,FID_MAPPED,
1616-MDI,,5937,FID_MAPPED,
1617-MNT,,4059,FID_MAPPED,
1618-NISH,,54785,FID_MAPPED,
1619-NISH,,37602,FID_MAPPED,
1620-GUR,,3345,FID_MAPPED,
1621-NAS,,62775,FID_MAPPED,
1622-FRA,,44128,FID_MAPPED,
1623-ARM,,31209,FID_MAPPED,
1624-XER,,55782,FID_MAPPED,
1625-KIL,,22614,FID_MAPPED,
1626-BON,,3258,FID_MAPPED,
1627-CLIV,,50752,FID_MAPPED,
1628-AL HAR,,19945,FID_MAPPED,
1629-AL HAR,,48224,FID_MAPPED,
1630-GUL,,68074,FID_MAPPED,
1631-DRC,,68198,FID_MAPPED,
1632-PAC,,68226,FID_MAPPED,
1633-PAC,,65177,FID_MAPPED,
1634-BRB,,68627,FID_MAPPED,
1635-XER,,11801,FID_MAPPED,
1636-KIL,,31395,FID_MAPPED,
1637-CRD,,4261,FID_MAPPED,
1638-XER,,21617,FID_MAPPED,
1639-TER,,25120,FID_MAPPED,
1640-GUC,,53088,FID_MAPPED,
1641-KHAL,,22911,FID_MAPPED,
1642-VICT,,37895,FID_MAPPED,
1643-GUL,,53187,FID_MAPPED,
1644-DRC,,68415,FID_MAPPED,
1648-FRE,,1024,FID_MAPPED,
1649-GIV,,62491,FID_MAPPED,
1650-LAN,,65156,FID_MAPPED,
1651-TMU,,68354,FID_MAPPED,
1652-DRC,,68905,FID_MAPPED,
1653-MAN,,15210,FID_MAPPED,
1654-ACQ,,1681,FID_MAPPED,
1655-JOM,,48318,FID_MAPPED,
1656-LOC,,41970,FID_MAPPED,
1657-TMU,,35590,FID_MAPPED,
1658-GUR,,14681,FID_MAPPED,
1659-CHRA,,6714,FID_MAPPED,
1660-ESCE,,845,FID_MAPPED,
1669-PARF,,62101,FID_MAPPED,
1670-NAS,,4292,FID_MAPPED,
1671-KIL,,56402,FID_MAPPED,
1672-KIL,,23899,FID_MAPPED,
1673-XER,,16450,FID_MAPPED,
1674-KUR,,61779,FID_MAPPED,
1675-NRO,,60867,FID_MAPPED,
1676-CAL,,60172,FID_MAPPED,
1677-BYR,,50934,FID_MAPPED,
1678-BYR,,58572,FID_MAPPED,
1679-BYR,,31931,FID_MAPPED,
1680-DRC,,58665,FID_MAPPED,
1681-MNT,,18021,FID_MAPPED,
1682-HER,,27,FID_MAPPED,
1683-HER,,53373,FID_MAPPED,
1684-GIV,,36,FID_MAPPED,
1685-FRE,,2793,FID_MAPPED,
1686-PRA,,48682,FID_MAPPED,
1693-BYR,,65525,FID_MAPPED,
1694-TMFO,,21401,FID_MAPPED,
1695-TMFO,,66125,FID_MAPPED,
1696-CRD,,7510,FID_MAPPED,
1697-LEL,,31872,FID_MAPPED,
1698-LEL,,6329,FID_MAPPED,
1699-LTN,,60031,FID_MAPPED,
1700-MNT,,12299,FID_MAPPED,
1701-TOSC,,5796,FID_MAPPED,
1702-KUR,,14610,FID_MAPPED,
1703-CAL,,68225,FID_MAPPED,
1704-CAR,,65988,FID_MAPPED,
1706-KIL,,18931,FID_MAPPED,
1718-TER,,30624,FID_MAPPED,
1719-MEM,,68292,FID_MAPPED,
1720-LEL,,6328,FID_MAPPED,
1721-BLG,,66122,FID_MAPPED,
1722-CRD,,13390,FID_MAPPED,
1723-TMFO,,40089,FID_MAPPED,
1726-MNTB,,60962,FID_MAPPED,
1727-LAN,,67578,FID_MAPPED,
1728-ARM,,68596,FID_MAPPED,
1729-CAR,,65560,FID_MAPPED,
1730-HER,,67667,FID_MAPPED,
1731-VICT,,68550,FID_MAPPED,
1732-MIC,,68626,FID_MAPPED,
1733-BYR,,69858,FID_MAPPED,
1734-TMFO,,69008,FID_MAPPED,
1735-XER,,41149,FID_MAPPED,
1736-PRFRO,,11700,FID_MAPPED,
1737-GIV,,68404,FID_MAPPED,
1743-LBI,,1185,FID_MAPPED,
1744-CLI,,31761,FID_MAPPED,
1745-SERG,,2762,FID_MAPPED,
1746-XER,,57363,FID_MAPPED,
1747-VICT,,56836,FID_MAPPED,
1748-BYR,,,TERMINAL_NO_FID,INVALID_BRAND_REFERENCE
1749-BLG,,41221,FID_MAPPED,
1750-LTN,,53945,FID_MAPPED,
1751-GUL,,3681,FID_MAPPED,
1752-JUL,,54878,FID_MAPPED,
1753-TEDL,,5942,FID_MAPPED,
1754-HER,,5213,FID_MAPPED,
1755-MNT,,48948,FID_MAPPED,
1756-LBI,,628,FID_MAPPED,
1757-DIP,,49100,FID_MAPPED,
1758-MNT,,1148,FID_MAPPED,
1759-LTN,,81501,FID_MAPPED,
1760-FRE,,4771,FID_MAPPED,
1761-DIP,,3836,FID_MAPPED,
1762-ETLR,,4521,FID_MAPPED,
1763-JILS,,618,FID_MAPPED,
1764-GUR,,53806,FID_MAPPED,
1765-JEN,,870,FID_MAPPED,
1766-PEN,,50255,FID_MAPPED,
1767-LTN,,51016,FID_MAPPED,
1768-LTN,,40501,FID_MAPPED,
1769-LTN,,40495,FID_MAPPED,
1770-BON,,46057,FID_MAPPED,
1771-EMAN,,3612,FID_MAPPED,
1772-TER,,66816,FID_MAPPED,
1773-PRA,,68753,FID_MAPPED,
1774-ARM,,66409,FID_MAPPED,
1775-DIP,,65738,FID_MAPPED,
1776-MNT,,64050,FID_MAPPED,
1780-RCAV,,16760,FID_MAPPED,
1781-LAC,,672,FID_MAPPED,
1782-DIP,,69014,FID_MAPPED,
1783-AL HAR,,19846,FID_MAPPED,
1784-ESC,,64643,FID_MAPPED,
1785-LAN,,62333,FID_MAPPED,
1786-COUR,,70283,FID_MAPPED,
1787-JIM,,64015,FID_MAPPED,
1788-YZLO,,68506,FID_MAPPED,
1789-GUC,,68578,FID_MAPPED,
1794-ISS,,47780,FID_MAPPED,
1795-MARG,,20541,FID_MAPPED,
1796-SERG,,11350,FID_MAPPED,
1797-INI,,30991,FID_MAPPED,
1798-AMG,,25251,FID_MAPPED,
1799-MAN,,32907,FID_MAPPED,
1800-XER,,42988,FID_MAPPED,
1801-JUL,,10296,FID_MAPPED,
1802-JOM,,63920,FID_MAPPED,
1803-DRC,,62638,FID_MAPPED,
1804-DRC,,65551,FID_MAPPED,
1806-PARF,,69117,FID_MAPPED,
1807-PARF,,23270,FID_MAPPED,
1808-LTN,,40497,FID_MAPPED,
1809-PEN,,10559,FID_MAPPED,
1810-RAS,,21365,FID_MAPPED,
1811-ALJA,,74353,FID_MAPPED,
1812-ALJA,,74402,FID_MAPPED,
1814-AJMA,,15083,FID_MAPPED,
1815-PAC,,68724,FID_MAPPED,
1816-TER,,53039,FID_MAPPED,
1817-JUL,,46128,FID_MAPPED,
1818-FRE,,1801,FID_MAPPED,
1819-MIC,,38989,FID_MAPPED,
1820-KUR,,15565,FID_MAPPED,
1821-TMFO,,12765,FID_MAPPED,
1822-MNT,,48947,FID_MAPPED,
1823-DOL,,54493,FID_MAPPED,
1824-VAR,,5534,FID_MAPPED,
1825-CRD,,466,FID_MAPPED,
1826-JOM,,12926,FID_MAPPED,
1827-JOM,,49602,FID_MAPPED,
1828-LAN,,186,FID_MAPPED,
1829-BOB,,11983,FID_MAPPED,
1830-TMFO,,6383,FID_MAPPED,
1831-TMFO,,6384,FID_MAPPED,
1832-TMFO,,6385,FID_MAPPED,
1833-SALV,,3923,FID_MAPPED,
1834-TMFO,,12767,FID_MAPPED,
1835-JUL,,40461,FID_MAPPED,
1836-COT,,6029,FID_MAPPED,
1837-KEI,,2708,FID_MAPPED,
1838-TAU,,4573,FID_MAPPED,
1839-JOV,,44237,FID_MAPPED,
1840-JOO,,660,FID_MAPPED,
1841-BAN,,2803,FID_MAPPED,
1842-YZLO,,99,FID_MAPPED,
1844-BYR,,10759,FID_MAPPED,
1845-BYR,,16220,FID_MAPPED,
1846-MAN,,42782,FID_MAPPED,
1847-LAN,,72050,FID_MAPPED,
1848-LEL,,6334,FID_MAPPED,
1849-PRFRO,,3887,FID_MAPPED,
1850-LEL,,10131,FID_MAPPED,
1851-ARM,,58909,FID_MAPPED,
1852-PRFRO,,11701,FID_MAPPED,
1853-KIL,,23337,FID_MAPPED,
1854-EXN,,53588,FID_MAPPED,
1855-LTN,,49751,FID_MAPPED,
1856-PARF,,18750,FID_MAPPED,
1857-ESCE,,58970,FID_MAPPED,
1858-KUR,,12710,FID_MAPPED,
1859-XER,,52433,FID_MAPPED,
1860-NAS,,4293,FID_MAPPED,
1861-ACQ,,7826,FID_MAPPED,
1862-PRA,,39029,FID_MAPPED,
1863-LAC,,669,FID_MAPPED,
1864-GUC,,687,FID_MAPPED,
1865-YZLO,,46243,FID_MAPPED,
1866-GUC,,13201,FID_MAPPED,
1867-VER,,52180,FID_MAPPED,
1868-VER,,2318,FID_MAPPED,
1869-DOL,,490,FID_MAPPED,
1870-ARDAL,,70365,FID_MAPPED,
1871-PEN,,68998,FID_MAPPED,
1872-DOL,,44034,FID_MAPPED,
1873-MAN,,18043,FID_MAPPED,
1874-LTN,,60388,FID_MAPPED,
1875-ESCE,,58969,FID_MAPPED,
1876-INI,,38666,FID_MAPPED,
1877-INI,,69224,FID_MAPPED,
1878-KIL,,66726,FID_MAPPED,
1879-KIL,,43810,FID_MAPPED,
1880-KIL,,23339,FID_MAPPED,
1881-INI,,66097,FID_MAPPED,
1882-MARG,,31623,FID_MAPPED,
1883-NISH,,30567,FID_MAPPED,
1884-NISH,,37603,FID_MAPPED,
1885-WID,,47781,FID_MAPPED,
1886-PARF,,64667,FID_MAPPED,
1887-XER,,55157,FID_MAPPED,
1888-MOR,,35669,FID_MAPPED,
1889-PEN,,38351,FID_MAPPED,
1890-LEL,,18382,FID_MAPPED,
1891-LEL,,51697,FID_MAPPED,
1892-NRO,,71596,FID_MAPPED,
1893-CHA,,71442,FID_MAPPED,
1894-MNT,,48945,FID_MAPPED,
1895-HER,,72439,FID_MAPPED,
1896-ESC,,70279,FID_MAPPED,
1897-VICT,,73276,FID_MAPPED,
1898-NRO,,73075,FID_MAPPED,
1899-ZARK,,60665,FID_MAPPED,
1900-AMG,,71109,FID_MAPPED,
1901-MOS,,66098,FID_MAPPED,
1902-CRD,,70182,FID_MAPPED,
1903-BYR,,72693,FID_MAPPED,
1904-ARM,,69489,FID_MAPPED,
1905-AMG,,71113,FID_MAPPED,
1906-XER,,59707,FID_MAPPED,
1907-PEN,,71646,FID_MAPPED,
1908-XER,,70789,FID_MAPPED,
1909-XER,,70424,FID_MAPPED,
1910-PRA,,74476,FID_MAPPED,
1911-KIL,,30821,FID_MAPPED,
1912-AMG,,38259,FID_MAPPED,
1913-CAR,,59562,FID_MAPPED,
1915-PAC,,72556,FID_MAPPED,
1916-VICT,,91949,FID_MAPPED,
1917-MNTB,,71652,FID_MAPPED,
1918-PAC,,74962,FID_MAPPED,
1919-PRA,,75668,FID_MAPPED,
1920-XER,,16445,FID_MAPPED,
1921-VIV,,1532,FID_MAPPED,
1922-ORT,,53471,FID_MAPPED,
1923-NISH,,30568,FID_MAPPED,
1924-PARF,,56273,FID_MAPPED,
1925-PEN,,57835,FID_MAPPED,
1926-KOS,,53742,FID_MAPPED,
1927-AMG,,12762,FID_MAPPED,
1928-ROJ,,40687,FID_MAPPED,
1929-BLG,,41222,FID_MAPPED,
1930-VIC,,30499,FID_MAPPED,
1931-TMFO,,54381,FID_MAPPED,
1932-YZLO,,71193,FID_MAPPED,
1935-PARF,,70776,FID_MAPPED,
1936-AMG,,71111,FID_MAPPED,
1937-BIL,,70052,FID_MAPPED,
1938-YZLO,,73149,FID_MAPPED,
1939-BYR,,73438,FID_MAPPED,
1940-FRE,,68794,FID_MAPPED,
1941-ARIA,,69296,FID_MAPPED,
1942-LAN,,74137,FID_MAPPED,
1943-TMFO,,71539,FID_MAPPED,
1944-KUR,,75754,FID_MAPPED,
1945-XER,,12126,FID_MAPPED,
1946-MARC,,54720,FID_MAPPED,
1950-SWISA,,22928,FID_MAPPED,
1951-LAT,,25807,FID_MAPPED,
1953-PEN,,50256,FID_MAPPED,
1954-CARN,,31035,FID_MAPPED,
1955-LAP,,,UNCLASSIFIED_NO_FID,NO_FID_AND_NOT_IN_TERMINAL_AUDIT
1956-JOM,,64551,FID_MAPPED,
1957-PEN,,42702,FID_MAPPED,
1958-DRC,,1377,FID_MAPPED,
1964-ARB,,51307,FID_MAPPED,
1965-BYRP,,53452,FID_MAPPED,
1966-XER,,51439,FID_MAPPED,
1967-XER,,110891,FID_MAPPED,
1968-DOL,,72621,FID_MAPPED,
1969-DOL,,72622,FID_MAPPED,
1970-CHA,,73411,FID_MAPPED,
1971-PAC,,72557,FID_MAPPED,
1972-KAY,,70875,FID_MAPPED,
1973-ETLR,,11411,FID_MAPPED,
1974-MARG,,60105,FID_MAPPED,
1975-ZARK,,25474,FID_MAPPED,
1977-SHIS,,65234,FID_MAPPED,
1978-ARM,,52802,FID_MAPPED,
1979-RAS,,19663,FID_MAPPED,
1980-HIND,,87692,FID_MAPPED,
1981-KHAL,,22907,FID_MAPPED,
1982-ALEX,,22361,FID_MAPPED,
1983-ATTAR,,33414,FID_MAPPED,
1984-ATTAR,,38134,FID_MAPPED,
1985-WID,,54883,FID_MAPPED,
1986-SOO,,10016,FID_MAPPED,
1987-SON,,4655,FID_MAPPED,
1988-THEVE,,32670,FID_MAPPED,
1989-VERT,,47923,FID_MAPPED,
1990-MNT,,3241,FID_MAPPED,
1991-CHL,,71597,FID_MAPPED,
1992-ACQ,,73365,FID_MAPPED,
1993-DRIE,,72594,FID_MAPPED,
1994-ROJ,,17930,FID_MAPPED,
1995-YZLO,,32267,FID_MAPPED,
1996-LTN,,59485,FID_MAPPED,
1997-LTN,,66060,FID_MAPPED,
1998-LTN,,53947,FID_MAPPED,
1999-MAN,,39181,FID_MAPPED,
2000-BLG,,59754,FID_MAPPED,
2001-TMFO,,35575,FID_MAPPED,
2002-DRC,,75642,FID_MAPPED,
2003-KIL,,64761,FID_MAPPED,
2004-BYR,,76339,FID_MAPPED,
2005-EXN,,75961,FID_MAPPED,
2006-NISH,,44174,FID_MAPPED,
2007-SWISA,,10845,FID_MAPPED,
2008-EXN,,75061,FID_MAPPED,
2009-MNT,,30509,FID_MAPPED,
2010-LART,,51203,FID_MAPPED,
2011-LTN,,40500,FID_MAPPED,
2012-DOL,,78873,FID_MAPPED,
2013-CAC,,71610,FID_MAPPED,
2014-AZZ,,66826,FID_MAPPED,
2015-MAN,,76893,FID_MAPPED,
2016-PARELM,,79218,FID_MAPPED,
2017-DIE,,74965,FID_MAPPED,
2018-ARM,,75126,FID_MAPPED,
2019-GUC,,75190,FID_MAPPED,
2020-VICT,,70512,FID_MAPPED,
2021-ROJ,,72723,FID_MAPPED,
2022-ANN,,38258,FID_MAPPED,
2023-PEN,,75584,FID_MAPPED,
2024-DRC,,30164,FID_MAPPED,
2025-TER,,30626,FID_MAPPED,
2026-HER,,49231,FID_MAPPED,
2027-VICT,,76967,FID_MAPPED,
2028-ZARK,,75594,FID_MAPPED,
2029-GUC,,73560,FID_MAPPED,
2032-CAR,,72619,FID_MAPPED,
2033-ARM,,71536,FID_MAPPED,
2034-MAN,,72736,FID_MAPPED,
2035-HER,,74600,FID_MAPPED,
2036-GIS,,58226,FID_MAPPED,
2037-VICT,,122346,FID_MAPPED,
2038-TMFO,,78578,FID_MAPPED,
2039-KAY,,118806,FID_MAPPED,
2040-AMG,,1109,FID_MAPPED,
2041-TMFO,,75489,FID_MAPPED,
2043-VER,,76274,FID_MAPPED,
2044-LORV,,5079,FID_MAPPED,
2045-HER,,6065,FID_MAPPED,
2046-VICT,,72836,FID_MAPPED,
2047-KIL,,68324,FID_MAPPED,
2048-KIL,,50933,FID_MAPPED,
2049-NISH,,74667,FID_MAPPED,
2050-NISH,,74668,FID_MAPPED,
2051-PRFRO,,3886,FID_MAPPED,
2052-CAR,,78576,FID_MAPPED,
2053-BDIK,,73645,FID_MAPPED,
2054-CAR,,76365,FID_MAPPED,
2055-BAT,,78849,FID_MAPPED,
2056-ARIA,,77800,FID_MAPPED,
2057-ESCE,,79414,FID_MAPPED,
2059-NARC,,73265,FID_MAPPED,
2060-BAT,,76785,FID_MAPPED,
2061-YZLO,,78427,FID_MAPPED,
2062-PAC,,79159,FID_MAPPED,
2063-MNT,,78379,FID_MAPPED,
2065-FRA,,87109,FID_MAPPED,
2066-LEL,,20560,FID_MAPPED,
2067-ROJ,,65869,FID_MAPPED,
2069-NISH,,44176,FID_MAPPED,
2071-LAN,,79245,FID_MAPPED,
2072-KIL,,68326,FID_MAPPED,
2073-LTN,,64314,FID_MAPPED,
2074-MAN,,54885,FID_MAPPED,
2075-TMFO,,52789,FID_MAPPED,
2085-CLIV,,,TERMINAL_NO_FID,REAL_FRAGRANCE_MISSING_FRAGRANTICA_PAGE
2086-VICT,,75277,FID_MAPPED,
2088-YZLO,,64718,FID_MAPPED,
2090-MNT,,67108,FID_MAPPED,
2091-AMG,,66527,FID_MAPPED,
2092-MAN,,49030,FID_MAPPED,
2093-MNTB,,31425,FID_MAPPED,
2094-SHIS,,31202,FID_MAPPED,
2095-VICT,,8000,FID_MAPPED,
2096-KEN,,3402,FID_MAPPED,
2097-ACQ,,3108,FID_MAPPED,
2098-MIC,,50396,FID_MAPPED,
2099-MARG,,67789,FID_MAPPED,
2100-MARG,,47891,FID_MAPPED,
2101-KUR,,26252,FID_MAPPED,
2102-MOS,,32393,FID_MAPPED,
2103-EXN,,27564,FID_MAPPED,
2104-CHA,,52483,FID_MAPPED,
2105-MNT,,64641,FID_MAPPED,
2106-MARC,,46802,FID_MAPPED,
2107-GUR,,8705,FID_MAPPED,
2108-BDIK,,51469,FID_MAPPED,
2109-LTN,,53946,FID_MAPPED,
2110-AMG,,64153,FID_MAPPED,
2111-BLG,,42856,FID_MAPPED,
2112-GUC,,693,FID_MAPPED,
2113-XER,,6306,FID_MAPPED,
2114-HER,,79225,FID_MAPPED,
2115-EST,,76833,FID_MAPPED,
2116-ARM,,73284,FID_MAPPED,
2117-YZLO,,75676,FID_MAPPED,
2118-GUC,,79602,FID_MAPPED,
2119-ARM,,78561,FID_MAPPED,
2120-CAR,,77689,FID_MAPPED,
2121-CAR,,77688,FID_MAPPED,
2122-GUR,,79472,FID_MAPPED,
2123-KIL,,79731,FID_MAPPED,
2124-CAR,,77692,FID_MAPPED,
2125-TRU,,73547,FID_MAPPED,
2126-GIV,,74819,FID_MAPPED,
2127-HUG,,79762,FID_MAPPED,
2128-BEN,,77611,FID_MAPPED,
2129-SOL,,56062,FID_MAPPED,
2130-AMG,,920,FID_MAPPED,
2131-CRD,,475,FID_MAPPED,
2132-DRC,,60318,FID_MAPPED,
2133-FRE,,2799,FID_MAPPED,
2134-MEM,,60587,FID_MAPPED,
2135-KUR,,42268,FID_MAPPED,
2136-PARF,,78574,FID_MAPPED,
2137-ROJ,,32537,FID_MAPPED,
2138-TMFO,,18883,FID_MAPPED,
2139-XER,,46097,FID_MAPPED,
2140-XER,,58246,FID_MAPPED,
2141-LTN,,68356,FID_MAPPED,
2142-PARF,,63100,FID_MAPPED,
2143-XER,,21618,FID_MAPPED,
2144-ARM,,79166,FID_MAPPED,
2147-TMFO,,78583,FID_MAPPED,
2148-BAT,,70500,FID_MAPPED,
2149-ESC,,78425,FID_MAPPED,
2150-LEL,,69731,FID_MAPPED,
2151-GIV,,78639,FID_MAPPED,
2152-XER,,55970,FID_MAPPED,
2153-KAY,,59093,FID_MAPPED,
2154-KAY,,68220,FID_MAPPED,
2155-KAY,,79846,FID_MAPPED,
2156-NRO,,78835,FID_MAPPED,
2157-BLG,,79715,FID_MAPPED,
2158-MNT,,82127,FID_MAPPED,
2159-CAR,,77691,FID_MAPPED,
2160-ZAR,,83741,FID_MAPPED,
2161-GUR,,2060,FID_MAPPED,
2162-BRB,,83483,FID_MAPPED,
2163-SNI,,77309,FID_MAPPED,
2164-LAT,,75805,FID_MAPPED,
2165-KAY,,77430,FID_MAPPED,
2167-GUL,,81642,FID_MAPPED,
2168-MARG,,53379,FID_MAPPED,
2169-ROJ,,34996,FID_MAPPED,
2170-BOA,,20516,FID_MAPPED,
2171-XER,,10244,FID_MAPPED,
2172-SWISA,,19456,FID_MAPPED,
2173-ANFAD,,23000,FID_MAPPED,
2174-ZIE,,65069,FID_MAPPED,
2175-ESCE,,66047,FID_MAPPED,
2176-TMFO,,40986,FID_MAPPED,
2177-SERG,,478,FID_MAPPED,
2178-MON,,,UNCLASSIFIED_NO_FID,NO_FID_AND_NOT_IN_TERMINAL_AUDIT
2179-PEN,,23081,FID_MAPPED,
2180-VAL,,62754,FID_MAPPED,
2181-AMG,,50889,FID_MAPPED,
2182-JOM,,51266,FID_MAPPED,
2183-MIY,,78755,FID_MAPPED,
2184-KIL,,11090,FID_MAPPED,
2185-DRC,,232,FID_MAPPED,
2186-PARF,,11771,FID_MAPPED,
2187-INI,,50351,FID_MAPPED,
2188-INI,,42259,FID_MAPPED,
2189-ARM,,76171,FID_MAPPED,
2190-ROJ,,10109,FID_MAPPED,
2191-XER,,11800,FID_MAPPED,
2192-LTN,,73006,FID_MAPPED,
2193-LTN,,49753,FID_MAPPED,
2194-ORT,,69923,FID_MAPPED,
2195-LEL,,6331,FID_MAPPED,
2196-BYR,,66825,FID_MAPPED,
2197-MNT,,3767,FID_MAPPED,
2198-MNT,,71301,FID_MAPPED,
2199-LAT,,25880,FID_MAPPED,
2201-LTN,,81423,FID_MAPPED,
2202-ROJ,,80177,FID_MAPPED,
2203-ARM,,58911,FID_MAPPED,
2204-TMFO,,80083,FID_MAPPED,
2205-TMU,,74871,FID_MAPPED,
2206-GIA,,64757,FID_MAPPED,
2207-BLG,,71542,FID_MAPPED,
2208-TMU,,78581,FID_MAPPED,
2209-MATIE,,76131,FID_MAPPED,
2210-JOM,,87710,FID_MAPPED,
2211-YZLO,,84094,FID_MAPPED,
2212-AMG,,69700,FID_MAPPED,
2213-AMG,,75064,FID_MAPPED,
2214-CAR,,79237,FID_MAPPED,
2215-CAR,,58923,FID_MAPPED,
2216-DOL,,84951,FID_MAPPED,
2217-NRO,,84201,FID_MAPPED,
2218-ARM,,48060,FID_MAPPED,
2219-AJMA,,26016,FID_MAPPED,
2220-AL HAR,,19607,FID_MAPPED,
2221-AMG,,46336,FID_MAPPED,
2222-AMG,,6538,FID_MAPPED,
2223-AMG,,69488,FID_MAPPED,
2224-ARM,,1292,FID_MAPPED,
2225-BON,,51742,FID_MAPPED,
2226-BON,,20551,FID_MAPPED,
2227-CRD,,470,FID_MAPPED,
2228-ESCE,,66048,FID_MAPPED,
2229-ESCE,,66049,FID_MAPPED,
2230-VAR,,31760,FID_MAPPED,
2231-NISH,,30574,FID_MAPPED,
2232-PEN,,43808,FID_MAPPED,
2233-YZLO,,67997,FID_MAPPED,
2234-MON,,69819,FID_MAPPED,
2235-PRA,,83988,FID_MAPPED,
2236-NISH,,74670,FID_MAPPED,
2237-VER,,70884,FID_MAPPED,
2240-PAC,,71708,FID_MAPPED,
2241-GUL,,83889,FID_MAPPED,
2242-THESPD,,55003,FID_MAPPED,
2243-TMFO,,83981,FID_MAPPED,
2244-ARM,,21403,FID_MAPPED,
2245-KUR,,82030,FID_MAPPED,
2246-GUC,,83621,FID_MAPPED,
2247-LTN,,68960,FID_MAPPED,
2248-BYR,,3576,FID_MAPPED,
2249-BYR,,83369,FID_MAPPED,
2250-ARBAS,,128,FID_MAPPED,
2251-JOVP,,49435,FID_MAPPED,
2252-KIL,,84413,FID_MAPPED,
2253-ALEX,,72244,FID_MAPPED,
2254-VER,,10574,FID_MAPPED,
2255-VER,,8009,FID_MAPPED,
2256-GIV,,33,FID_MAPPED,
2257-YZLO,,83296,FID_MAPPED,
2258-DRC,,6555,FID_MAPPED,
2259-GIV,,71272,FID_MAPPED,
2260-BON,,54157,FID_MAPPED,
2261-PARF,,84109,FID_MAPPED,
2262-MEM,,37185,FID_MAPPED,
2263-NAS,,80076,FID_MAPPED,
2264-KAY,,85185,FID_MAPPED,
2265-KAY,,85186,FID_MAPPED,
2266-KAY,,68958,FID_MAPPED,
2267-KAY,,52615,FID_MAPPED,
2268-AMG,,60929,FID_MAPPED,
2269-ARB,,40684,FID_MAPPED,
2270-ORMO,,16896,FID_MAPPED,
2271-ROJ,,81839,FID_MAPPED,
2272-TAU,,41053,FID_MAPPED,
2273-TER,,30623,FID_MAPPED,
2274-XER,,6309,FID_MAPPED,
2275-ROJ,,62320,FID_MAPPED,
2276-ATKI,,22056,FID_MAPPED,
2277-AMG,,18543,FID_MAPPED,
2278-BLG,,145,FID_MAPPED,
2279-LEL,,83918,FID_MAPPED,
2280-XER,,52181,FID_MAPPED,
2281-GUR,,84518,FID_MAPPED,
2282-DRC,,81847,FID_MAPPED,
2283-XER,,26708,FID_MAPPED,
2284-HIS,,7816,FID_MAPPED,
2285-BOT,,55300,FID_MAPPED,
2286-YZLO,,76844,FID_MAPPED,
2287-VAL,,78739,FID_MAPPED,
2288-BAT,,3512,FID_MAPPED,
2293-ACQ,,56007,FID_MAPPED,
2294-ACQ,,56004,FID_MAPPED,
2295-FLOR,,46165,FID_MAPPED,
2296-KAY,,85187,FID_MAPPED,
2297-BYR,,85157,FID_MAPPED,
2298-ELEC,,72806,FID_MAPPED,
2299-LEL,,6340,FID_MAPPED,
2300-MNT,,81773,FID_MAPPED,
2301-DIP,,131717,FID_MAPPED,
2302-CARO,,4024,FID_MAPPED,
2303-EXN,,47569,FID_MAPPED,
2304-YZLO,,47737,FID_MAPPED,
2305-ATKI,,38961,FID_MAPPED,
2306-MASQ,,20693,FID_MAPPED,
2307-AQU,,16661,FID_MAPPED,
2308-GUL,,61856,FID_MAPPED,
2309-ATKI,,22057,FID_MAPPED,
2310-CAR,,65697,FID_MAPPED,
2311-YVRO,,56457,FID_MAPPED,
2312-YZLO,,40933,FID_MAPPED,
2313-DRC,,56324,FID_MAPPED,
2314-CAR,,65696,FID_MAPPED,
2315-RAM,,44233,FID_MAPPED,
2316-ATKI,,38960,FID_MAPPED,
2317-TER,,32170,FID_MAPPED,
2318-NAS,,49223,FID_MAPPED,
2319-LTN,,49752,FID_MAPPED,
2320-LTN,,67370,FID_MAPPED,
2321-PARF,,36540,FID_MAPPED,
2322-MNT,,31770,FID_MAPPED,
2323-MICA,,14896,FID_MAPPED,
2324-KIL,,18904,FID_MAPPED,
2325-CRD,,84206,FID_MAPPED,
2326-TMFO,,1821,FID_MAPPED,
2327-SWISA,,19470,FID_MAPPED,
2330-JUL,,1715,FID_MAPPED,
2331-DOL,,50207,FID_MAPPED,
2332-LTN,,73344,FID_MAPPED,
2333-XER,,6310,FID_MAPPED,
2334-ROJ,,69553,FID_MAPPED,
2335-BOA,,42568,FID_MAPPED,
2336-THAM,,49688,FID_MAPPED,
2337-LEL,,54784,FID_MAPPED,
2339-KIL,,59813,FID_MAPPED,
2340-BON,,11234,FID_MAPPED,
2344-LEL,,46295,FID_MAPPED,
2345-DIP,,66765,FID_MAPPED,
2346-TMFO,,88588,FID_MAPPED,
2347-AMG,,54460,FID_MAPPED,
2348-AMG,,78656,FID_MAPPED,
2349-LOU,,63439,FID_MAPPED,
2350-LOU,,63440,FID_MAPPED,
2351-LOU,,40982,FID_MAPPED,
2352-MOS,,55858,FID_MAPPED,
2354-CRD,,45599,FID_MAPPED,
2355-LEL,,6332,FID_MAPPED,
2356-MARG,,20542,FID_MAPPED,
2357-CRD,,106624,FID_MAPPED,
2358-KAY,,83207,FID_MAPPED,
2359-XER,,55156,FID_MAPPED,
2360-ARM,,54302,FID_MAPPED,
2361-ARM,,79699,FID_MAPPED,
2362-VER,,70885,FID_MAPPED,
2363-VER,,57700,FID_MAPPED,
2364-PEN,,18719,FID_MAPPED,
2365-DIP,,78658,FID_MAPPED,
2366-DIP,,3956,FID_MAPPED,
2367-DIP,,3958,FID_MAPPED,
2368-ESC,,88837,FID_MAPPED,
2369-MAN,,87409,FID_MAPPED,
2370-VIC,,88986,FID_MAPPED,
2371-MATIE,,84933,FID_MAPPED,
2372-GUR,,89854,FID_MAPPED,
2374-MICA,,80353,FID_MAPPED,
2375-ESC,,88990,FID_MAPPED,
2376-TMU,,29589,FID_MAPPED,
2377-VICT,,13033,FID_MAPPED,
2378-GOLD,,60923,FID_MAPPED,
2379-CAR,,88937,FID_MAPPED,
2380-CAR,,72698,FID_MAPPED,
2383-ROCCO,,2882,FID_MAPPED,
2384-MAN,,74636,FID_MAPPED,
2385-SOL,,88722,FID_MAPPED,
2386-SOL,,73990,FID_MAPPED,
2387-EXN,,84224,FID_MAPPED,
2388-PARF,,90199,FID_MAPPED,
2389-DOL,,55167,FID_MAPPED,
2390-ANFAS,,54903,FID_MAPPED,
2391-XER,,77059,FID_MAPPED,
2392-ANFAS,,44440,FID_MAPPED,
2393-KAY,,88197,FID_MAPPED,
2394-MOS,,84718,FID_MAPPED,
2395-XER,,76683,FID_MAPPED,
2396-GUL,,74914,FID_MAPPED,
2397-CRD,,89643,FID_MAPPED,
2398-FRE,,91209,FID_MAPPED,
2399-MORH,,90868,FID_MAPPED,
2400-MORH,,88416,FID_MAPPED,
2401-KAY,,92258,FID_MAPPED,
2402-AKR,,81614,FID_MAPPED,
2403-MNT,,90739,FID_MAPPED,
2404-FRANB,,40882,FID_MAPPED,
2405-JOM,,90019,FID_MAPPED,
2406-KIL,,90336,FID_MAPPED,
2407-LAN,,81792,FID_MAPPED,
2408-JOM,,17685,FID_MAPPED,
2409-TMU,,6103,FID_MAPPED,
2410-GUL,,88836,FID_MAPPED,
2411-JAME,,18470,FID_MAPPED,
2412-LAT,,76880,FID_MAPPED,
2413-ARIA,,56741,FID_MAPPED,
2414-DIP,,67808,FID_MAPPED,
2415-ESC,,1352,FID_MAPPED,
2416-HER,,2736,FID_MAPPED,
2417-ACQ,,1685,FID_MAPPED,
2418-ACQ,,56003,FID_MAPPED,
2419-BAT,,53363,FID_MAPPED,
2420-XER,,55159,FID_MAPPED,
2421-XER,,55162,FID_MAPPED,
2422-XER,,55160,FID_MAPPED,
2423-ACQ,,23851,FID_MAPPED,
2424-GUR,,35554,FID_MAPPED,
2425-LEL,,6335,FID_MAPPED,
2426-MARG,,15261,FID_MAPPED,
2427-CLEA,,3024,FID_MAPPED,
2428-MARG,,55926,FID_MAPPED,
2429-JUL,,62377,FID_MAPPED,
2430-CELI,,57918,FID_MAPPED,
2431-ROJ,,23008,FID_MAPPED,
2432-ROJ,,17934,FID_MAPPED,
2436-PHL,,72665,FID_MAPPED,
2437-MELA,,41799,FID_MAPPED,
2438-KYLJ,,90957,FID_MAPPED,
2438-KYLJE,,90957,FID_MAPPED,
2439-ZEG,,16188,FID_MAPPED,
2440-MARC,,74121,FID_MAPPED,
2441-PANTRO,,37468,FID_MAPPED,
2442-PAC,,78575,FID_MAPPED,
2443-BRB,,75968,FID_MAPPED,
2444-ARIA,,83995,FID_MAPPED,
2445-CAR,,84049,FID_MAPPED,
2446-XER,,87970,FID_MAPPED,
2447-MARC,,79632,FID_MAPPED,
2450-PEN,,90117,FID_MAPPED,
2451-LEL,,68788,FID_MAPPED,
2452-JOM,,61928,FID_MAPPED,
2453-INI,,89368,FID_MAPPED,
2454-KIL,,78735,FID_MAPPED,
2455-YZLO,,88707,FID_MAPPED,
2456-PAC,,95641,FID_MAPPED,
2458-LTN,,93785,FID_MAPPED,
2459-MAN,,61044,FID_MAPPED,
2460-PAC,,90432,FID_MAPPED,
2461-BOD,,48939,FID_MAPPED,
2462-YZLO,,95623,FID_MAPPED,
2463-GUC,,94979,FID_MAPPED,
2464-ZAD,,89350,FID_MAPPED,
2465-PAC,,55189,FID_MAPPED,
2466-ELIZ,,76395,FID_MAPPED,
2467-NISH,,64092,FID_MAPPED,
2468-ESPAR,,64338,FID_MAPPED,
2469-ROJ,,17931,FID_MAPPED,
2470-KAY,,94205,FID_MAPPED,
2471-SOS,,75940,FID_MAPPED,
2472-VIC,,74194,FID_MAPPED,
2473-HER,,96428,FID_MAPPED,
2474-XER,,15555,FID_MAPPED,
2475-DIP,,48680,FID_MAPPED,
2476-MARG,,30262,FID_MAPPED,
2477-MARG,,53537,FID_MAPPED,
2478-MARG,,7865,FID_MAPPED,
2479-PHL,,83775,FID_MAPPED,
2480-JUL,,19894,FID_MAPPED,
2481-MARG,,70985,FID_MAPPED,
2482-CLEA,,23032,FID_MAPPED,
2483-CLEA,,16603,FID_MAPPED,
2484-ETLR,,15948,FID_MAPPED,
2485-ETLR,,69412,FID_MAPPED,
2486-MA,,42254,FID_MAPPED,
2487-PEN,,55441,FID_MAPPED,
2488-ANN,,54060,FID_MAPPED,
2489-KKWI,,56352,FID_MAPPED,
2490-MARG,,78292,FID_MAPPED,
2491-LEL,,57513,FID_MAPPED,
2492-ETLR,,43531,FID_MAPPED,
2493-SERG,,5748,FID_MAPPED,
2494-BYR,,35530,FID_MAPPED,
2495-ETLR,,50009,FID_MAPPED,
2496-SERG,,29636,FID_MAPPED,
2497-XER,,55163,FID_MAPPED,
2498-TOUZ,,2732,FID_MAPPED,
2499-VICT,,65021,FID_MAPPED,
2500-BRB,,2550,FID_MAPPED,
2501-LOE,,50228,FID_MAPPED,
2502-MATIE,,59063,FID_MAPPED,
2503-JUL,,15563,FID_MAPPED,
2504-JUL,,47872,FID_MAPPED,
2505-JACFAT,,32571,FID_MAPPED,
2506-XER,,55161,FID_MAPPED,
2507-SERG,,2764,FID_MAPPED,
2508-DRC,,48387,FID_MAPPED,
2509-CRIVEL,,83842,FID_MAPPED,
2510-ONE,,18810,FID_MAPPED,
2511-CHA,,90434,FID_MAPPED,
2512-BRB,,95883,FID_MAPPED,
2513-PAC,,95641,FID_MAPPED,
2514-DRC,,95863,FID_MAPPED,
2515-LAN,,95856,FID_MAPPED,
2516-GUL,,91053,FID_MAPPED,
2517-MNTB,,90137,FID_MAPPED,
2518-MATAH,,72607,FID_MAPPED,
2519-MNT,,31771,FID_MAPPED,
2520-PEN,,27037,FID_MAPPED,
2521-SOL,,92623,FID_MAPPED,
2522-VIC,,93116,FID_MAPPED,
2523-KIL,,23897,FID_MAPPED,
2524-KAY,,94203,FID_MAPPED,
2525-CAR,,61769,FID_MAPPED,
2526-KAY,,94204,FID_MAPPED,
2527-GUR,,1021,FID_MAPPED,
2528-JER,,60300,FID_MAPPED,
2529-VER,,647,FID_MAPPED,
2531-CAR,,89374,FID_MAPPED,
2532-PRA,,32197,FID_MAPPED,
2533-RAL,,897,FID_MAPPED,
2534-ARM,,557,FID_MAPPED,
2535-DRC,,84202,FID_MAPPED,
2536-PRA,,95006,FID_MAPPED,
2537-DRC,,89584,FID_MAPPED,
2538-GUL,,89720,FID_MAPPED,
2539-CRIVEL,,90733,FID_MAPPED,
2540-COM,,45911,FID_MAPPED,
2541-STE,,72381,FID_MAPPED,
2542-FUR,,69941,FID_MAPPED,
2543-HUG,,78424,FID_MAPPED,
2544-ACQ,,6483,FID_MAPPED,
2545-MEM,,46179,FID_MAPPED,
2546-MEM,,51440,FID_MAPPED,
2547-KUR,,6804,FID_MAPPED,
2548-RIT,,63387,FID_MAPPED,
2549-MARC,,91688,FID_MAPPED,
2550-ARM,,90333,FID_MAPPED,
2551-PAR,,92768,FID_MAPPED,
2552-SOR,,,UNCLASSIFIED_NO_FID,NO_FID_AND_NOT_IN_TERMINAL_AUDIT
2553-BON,,13630,FID_MAPPED,
2554-JOM,,94355,FID_MAPPED,
2555-BON,,59904,FID_MAPPED,
2556-LAT,,80722,FID_MAPPED,
2557-ARIA,,68664,FID_MAPPED,
2558-LAT,,83309,FID_MAPPED,
2559-LAT,,75900,FID_MAPPED,
2560-JUSB,,53042,FID_MAPPED,
2561-SOM,,71727,FID_MAPPED,
2562-JUSB,,39041,FID_MAPPED,
2563-TMFO,,98669,FID_MAPPED,
2564-NRO,,88936,FID_MAPPED,
2565-GUC,,84547,FID_MAPPED,
2566-VER,,92647,FID_MAPPED,
2567-SOL,,63079,FID_MAPPED,
2568-GIV,,83865,FID_MAPPED,
2569-GOLD,,81895,FID_MAPPED,
2570-JOM,,84035,FID_MAPPED,
2571-GOLD,,66766,FID_MAPPED,
2572-KUR,,95969,FID_MAPPED,
2573-KAY,,94206,FID_MAPPED,
2574-MEM,,88771,FID_MAPPED,
2575-XER,,92497,FID_MAPPED,
2576-TMFO,,95389,FID_MAPPED,
2577-DOL,,96028,FID_MAPPED,
2578-DON,,94958,FID_MAPPED,
2579-SOS,,89902,FID_MAPPED,
2580-KAY,,99254,FID_MAPPED,
2581-GUR,,87539,FID_MAPPED,
2582-PIER,,96728,FID_MAPPED,
2583-INI,,76580,FID_MAPPED,
2584-GIV,,1966,FID_MAPPED,
2585-SOL,,92622,FID_MAPPED,
2586-DIP,,,TERMINAL_NO_FID,NON_PERSONAL_FRAGRANCE
2587-MAR,,52931,FID_MAPPED,
2588-BLG,,41220,FID_MAPPED,
2589-BYRP,,88568,FID_MAPPED,
2590-BYRP,,62827,FID_MAPPED,
2591-CRD,,6272,FID_MAPPED,
2592-GOLD,,44120,FID_MAPPED,
2593-HUG,,84074,FID_MAPPED,
2594-HUG,,53338,FID_MAPPED,
2595-INI,,30992,FID_MAPPED,
2596-PEN,,64560,FID_MAPPED,
2597-TMFO,,97380,FID_MAPPED,
2598-GLO,,46885,FID_MAPPED,
2599-ACQ,,56002,FID_MAPPED,
2600-TMU,,714,FID_MAPPED,
2601-TMU,,31849,FID_MAPPED,
2602-TMU,,712,FID_MAPPED,
2603-JUL,,80004,FID_MAPPED,
2604-JILS,,619,FID_MAPPED,
2605-ARM,,14878,FID_MAPPED,
2606-ARM,,59809,FID_MAPPED,
2607-TMU,,53351,FID_MAPPED,
2608-KIL,,4317,FID_MAPPED,
2609-TMFO,,15916,FID_MAPPED,
2610-JUL,,56679,FID_MAPPED,
2611-KAY,,52610,FID_MAPPED,
2612-LUS,,88995,FID_MAPPED,
2613-SOS,,75930,FID_MAPPED,
2614-AMG,,94033,FID_MAPPED,
2615-ARMA,,102117,FID_MAPPED,
2616-TMU,,101560,FID_MAPPED,
2617-DOL,,101353,FID_MAPPED,
2618-TMFO,,100411,FID_MAPPED,
2619-DRC,,101016,FID_MAPPED,
2620-CHAR,,92088,FID_MAPPED,
2621-CHAR,,92086,FID_MAPPED,
2622-PHL,,87258,FID_MAPPED,
2623-NES,,120744,FID_MAPPED,
2624-BLG,,64736,FID_MAPPED,
2625-GUR,,11570,FID_MAPPED,
2626-JOM,,46186,FID_MAPPED,
2627-LTN,,62251,FID_MAPPED,
2628-PEN,,43037,FID_MAPPED,
2629-PEN,,73924,FID_MAPPED,
2630-SOS,,75942,FID_MAPPED,
2631-TMFO,,95808,FID_MAPPED,
2632-BDIK,,68119,FID_MAPPED,
2633-KUR,,40817,FID_MAPPED,
2634-NRO,,5321,FID_MAPPED,
2635-SOL,,96167,FID_MAPPED,
2636-YZLO,,63448,FID_MAPPED,
2637-HARM,,36737,FID_MAPPED,
2638-KEN,,435,FID_MAPPED,
2639-TRU,,61387,FID_MAPPED,
2640-CRD,,95970,FID_MAPPED,
2641-LAT,,93628,FID_MAPPED,
2642-CRD,,95601,FID_MAPPED,
2643-LEL,,6336,FID_MAPPED,
2644-PAZZ,,81476,FID_MAPPED,
2645-LTN,,104087,FID_MAPPED,
2646-PEN,,95396,FID_MAPPED,
2647-LTN,,68357,FID_MAPPED,
2648-FUGA,,95955,FID_MAPPED,
2649-BORN,,97132,FID_MAPPED,
2653-YZLO,,100628,FID_MAPPED,
2654-KUR,,103517,FID_MAPPED,
2655-MNT,,97830,FID_MAPPED,
2656-LAN,,101224,FID_MAPPED,
2657-CRD,,100641,FID_MAPPED,
2658-CHA,,75821,FID_MAPPED,
2659-MNT,,53675,FID_MAPPED,
2662-LAT,,101124,FID_MAPPED,
2663-ARM,,100895,FID_MAPPED,
2664-CHA,,104610,FID_MAPPED,
2665-KAJ,,102994,FID_MAPPED,
2666-CELI,,57925,FID_MAPPED,
2667-CHAB,,30551,FID_MAPPED,
2668-LEL,,6330,FID_MAPPED,
2669-SOS,,103313,FID_MAPPED,
2670-CRD,,103066,FID_MAPPED,
2671-KIL,,4320,FID_MAPPED,
2672-MEM,,99240,FID_MAPPED,
2673-ARB,,69012,FID_MAPPED,
2674-MICA,,4333,FID_MAPPED,
2678-PARF,,96023,FID_MAPPED,
2679-CAR,,105931,FID_MAPPED,
2680-AMG,,97924,FID_MAPPED,
2681-ARB,,92704,FID_MAPPED,
2682-BDIK,,57038,FID_MAPPED,
2683-CLIV,,90448,FID_MAPPED,
2684-CLIV,,70767,FID_MAPPED,
2685-FRAG,,110478,FID_MAPPED,
2686-GIV,,90200,FID_MAPPED,
2687-GRIT,,86927,FID_MAPPED,
2688-KAY,,83208,FID_MAPPED,
2689-LAT,,88175,FID_MAPPED,
2690-NISH,,111174,FID_MAPPED,
2691-SOL,,56681,FID_MAPPED,
2692-SOL,,76319,FID_MAPPED,
2693-SOL,,67527,FID_MAPPED,
2694-STE,,75021,FID_MAPPED,
2695-STE,,81913,FID_MAPPED,
2696-AMG,,103892,FID_MAPPED,
2697-RIT,,46391,FID_MAPPED,
2698-SOL,,92620,FID_MAPPED,
2699-RIT,,52638,FID_MAPPED,
2700-BLG,,102120,FID_MAPPED,
2701-DIP,,,TERMINAL_NO_FID,NON_PERSONAL_FRAGRANCE
2702-DIP,,35857,FID_MAPPED,
2703-VER,,99116,FID_MAPPED,
2704-GUR,,76302,FID_MAPPED,
2705-KIL,,113083,FID_MAPPED,
2706-LUS,,60072,FID_MAPPED,
2707-ROOM,,91364,FID_MAPPED,
2708-BORN,,102808,FID_MAPPED,
2709-STE,,110493,FID_MAPPED,
2711-CLIV,,65983,FID_MAPPED,
2712-TMFO,,111206,FID_MAPPED,
2713-KAY,,67023,FID_MAPPED,
2714-BORN,,102809,FID_MAPPED,
2715-CRD,,111224,FID_MAPPED,
2716-ORT,,24191,FID_MAPPED,
2717-EXN,,52591,FID_MAPPED,
2718-GUR,,76063,FID_MAPPED,
2719-FRAG,,61946,FID_MAPPED,
2720-ROJ,,29977,FID_MAPPED,
2721-STE,,72384,FID_MAPPED,
2722-CRIVEL,,69069,FID_MAPPED,
2723-LTN,,68359,FID_MAPPED,
2724-GUR,,26132,FID_MAPPED,
2725-CELI,,57924,FID_MAPPED,
2726-DRC,,88939,FID_MAPPED,
2728-PEN,,46503,FID_MAPPED,
2729-AMG,,31619,FID_MAPPED,
2730-ARA,,4857,FID_MAPPED,
2731-BYRP,,50711,FID_MAPPED,
2732-GIV,,34,FID_MAPPED,
2733-LES,,70189,FID_MAPPED,
2734-ELIZ,,3090,FID_MAPPED,
2736-NAV,,88834,FID_MAPPED,
2737-BORN,,81882,FID_MAPPED,
2738-LUS,,112787,FID_MAPPED,
2739-BORN,,85084,FID_MAPPED,
2740-MIN,,116343,FID_MAPPED,
2741-ROJ,,97481,FID_MAPPED,
2742-XER,,99380,FID_MAPPED,
2743-BORN,,102807,FID_MAPPED,
2744-NISH,,116224,FID_MAPPED,
2746-DRC,,23099,FID_MAPPED,
2747-XER,,110892,FID_MAPPED,
2748-BORN,,78857,FID_MAPPED,
2750-NISH,,66277,FID_MAPPED,
2751-PRA,,110661,FID_MAPPED,
2752-SAB,,84095,FID_MAPPED,
2753-YZLO,,113623,FID_MAPPED,
2754-CHL,,76287,FID_MAPPED,
2755-ZEG,,949,FID_MAPPED,
2757-LAT,,114400,FID_MAPPED,
2758-YZLO,,120531,FID_MAPPED,
2759-ARM,,121870,FID_MAPPED,
2760-LAT,,117615,FID_MAPPED,
2761-LAT,,117616,FID_MAPPED,
2762-LAT,,113777,FID_MAPPED,
2763-KAY,,118621,FID_MAPPED,
2764-TMFO,,107401,FID_MAPPED,
2765-GUC,,114849,FID_MAPPED,
2766-PARF,,116243,FID_MAPPED,
2767-MATAH,,103992,FID_MAPPED,
2768-LAN,,109311,FID_MAPPED,
2770-DOL,,59231,FID_MAPPED,
2771-GUR,,96470,FID_MAPPED,
2772-DOL,,62311,FID_MAPPED,
2773-RIT,,83081,FID_MAPPED,
2774-MIL,,13410,FID_MAPPED,
2775-BOT,,55301,FID_MAPPED,
2776-CELI,,57926,FID_MAPPED,
2777-GUR,,69275,FID_MAPPED,
2778-JOM,,61929,FID_MAPPED,
2780-LAT,,96768,FID_MAPPED,
2782-AJMA,,102549,FID_MAPPED,
2783-LTN,,115407,FID_MAPPED,
2784-MARG,,95923,FID_MAPPED,
2785-VAL,,101384,FID_MAPPED,
2786-LTN,,115406,FID_MAPPED,
2787-KAJ,,62571,FID_MAPPED,
2788-MIN,,88867,FID_MAPPED,
2789-PEN,,103514,FID_MAPPED,
2790-KIL,,96096,FID_MAPPED,
2791-LTN,,115408,FID_MAPPED,
2792-AJMA,,58837,FID_MAPPED,
2793-FRAG,,24483,FID_MAPPED,
2794-PAC,,48904,FID_MAPPED,
2795-AMG,,87958,FID_MAPPED,
2797-MATIE,,112581,FID_MAPPED,
2798-NICO,,91006,FID_MAPPED,
2799-OBVI,,103407,FID_MAPPED,
2800-ACQ,,103426,FID_MAPPED,
2801-DON,,103064,FID_MAPPED,
2802-HER,,102772,FID_MAPPED,
2803-AKR,,105831,FID_MAPPED,
2804-BOYS,,105919,FID_MAPPED,
2805-MARG,,103564,FID_MAPPED,
2806-PHL,,119441,FID_MAPPED,
2807-VIRT,,116996,FID_MAPPED,
2808-LES,,103914,FID_MAPPED,
2809-AZZ,,102882,FID_MAPPED,
2810-MIN,,101192,FID_MAPPED,
2811-DRC,,118815,FID_MAPPED,
2812-ARM,,123070,FID_MAPPED,
2813-OMA,,105465,FID_MAPPED,
2814-TMFO,,119402,FID_MAPPED,
2815-DOL,,489,FID_MAPPED,
2816-MOOD,,,TERMINAL_NO_FID,REAL_FRAGRANCE_MISSING_FRAGRANTICA_BRAND
2817-INI,,93090,FID_MAPPED,
2818-SWISA,,50582,FID_MAPPED,
2819-AKR,,51704,FID_MAPPED,
2820-MIN,,89898,FID_MAPPED,
2821-DRC,,121566,FID_MAPPED,
2822-DRC,,121565,FID_MAPPED,
2823-KAY,,127453,FID_MAPPED,
2824-NRO,,122211,FID_MAPPED,
2825-RARB,,112206,FID_MAPPED,
2826-SOL,,119651,FID_MAPPED,
2827-BYR,,108421,FID_MAPPED,
2828-ATEL,,104586,FID_MAPPED,
2829-PARF,,123716,FID_MAPPED,
2830-VAL,,95537,FID_MAPPED,
2831-GISS,,126288,FID_MAPPED,
2832-ZAD,,103492,FID_MAPPED,
2833-AMG,,62859,FID_MAPPED,
2834-AMG,,116626,FID_MAPPED,
2835-BORN,,102810,FID_MAPPED,
2836-FRA,,90972,FID_MAPPED,
2837-GUL,,121453,FID_MAPPED,
2838-JIM,,113626,FID_MAPPED,
2839-JUL,,113627,FID_MAPPED,
2840-KYLJ,,117346,FID_MAPPED,
2841-KYLJ,,117347,FID_MAPPED,
2842-KYLJ,,117345,FID_MAPPED,
2843-LEL,,7848,FID_MAPPED,
2844-LUS,,10802,FID_MAPPED,
2845-LUS,,117589,FID_MAPPED,
2846-MIN,,114442,FID_MAPPED,
2847-NISH,,80463,FID_MAPPED,
2848-PRFRO,,11220,FID_MAPPED,
2849-STE,,74594,FID_MAPPED,
pid:2688,,45398,FID_MAPPED,
-HUG,,64606,FID_MAPPED,
-VICT,,24876,FID_MAPPED,
ALH004,,53174,FID_MAPPED,
ALH078,,51816,FID_MAPPED,
