shobi_code,prestashop_product_id,shobi_inspired_by,classification,reason,match_type,corpus_status,candidate_count,candidate_fids,candidate_urls
130-LEL,1949,SANTAL 26 - LE LABO,NOT_FOUND,NO_FOUND_ID_FOR_CODE,EXACT_NAME_MULTIPLE_CANDIDATES,NO_MATCH,0,,
184-YAS,,HUBOOB,NOT_FOUND,NO_CORPUS_CODE_MATCH,,NO_MATCH,0,,
185-AL HAR,2111,Red African,NOT_FOUND,NO_CORPUS_CODE_MATCH,,UNIQUE_EXACT,1,61372,https://www.fragrantica.com/perfume/Al-Haramain-Perfumes/Red-African-61372.html
200-CIR,,ERNESTO CHE GUEVARA,NOT_FOUND,NO_FOUND_ID_FOR_CODE,,NO_MATCH,0,,
202-CLIV,,No. 1 FOR WOMEN,NOT_FOUND,NO_CORPUS_CODE_MATCH,,BRAND_TOKEN_MATCH,1,29025,https://www.fragrantica.com/perfume/Clive-Christian/No-1-Imperial-For-Women-29025.html
222-DIP,1125,AMBRE,NOT_FOUND,NO_FOUND_ID_FOR_CODE,EXACT_NAME_MULTIPLE_CANDIDATES,NO_MATCH,0,,
223-DIP,1126,BAIES,NOT_FOUND,NO_FOUND_ID_FOR_CODE,,NO_MATCH,0,,
227-DIP,1130,FEU DE BOIS / WOOD FIRE,NOT_FOUND,NO_FOUND_ID_FOR_CODE,,NO_MATCH,0,,
228-DIP,1131,FEUILLE DE LAVANDE,NOT_FOUND,NO_FOUND_ID_FOR_CODE,,NO_MATCH,0,,
230-DIP,1133,OPOPANAX,NOT_FOUND,NO_FOUND_ID_FOR_CODE,,NO_MATCH,0,,
258-JOM,1164,GREEN TOMATO LEAF - JO MALONE,NOT_FOUND,NO_FOUND_ID_FOR_CODE,,NO_MATCH,0,,
261-JOM,1167,INCENSE & EMBERS - JO MALONE,NOT_FOUND,NO_FOUND_ID_FOR_CODE,,NO_MATCH,0,,
289-JOM,1190,SWEET ALMON & MACARRON - JO MALONE,NOT_FOUND,NO_FOUND_ID_FOR_CODE,,NO_MATCH,0,,
310-MIL,,FEUILLES DE TABAC,NOT_FOUND,NO_CORPUS_CODE_MATCH,,NO_MATCH,0,,
311-MOL,1208,amber cocoon-mol,NOT_FOUND,NO_FOUND_ID_FOR_CODE,,NO_MATCH,0,,
313-MOL,1210,thai vert-mol,NOT_FOUND,NO_FOUND_ID_FOR_CODE,,NO_MATCH,0,,
314-MOL,1904,ZIAO JAO - MOLTON BROWN,NOT_FOUND,NO_FOUND_ID_FOR_CODE,,NO_MATCH,0,,
326-PECK,1221,CALM - PECKSNIFF'S,NOT_FOUND,NO_FOUND_ID_FOR_CODE,,NO_MATCH,0,,
330-PG,,ORIENTAL BLOSSOM,NOT_FOUND,NO_FOUND_ID_FOR_CODE,,NO_MATCH,0,,
331-PG,,CRYSTAL WATER & WATER LILY,NOT_FOUND,NO_FOUND_ID_FOR_CODE,,NO_MATCH,0,,
334-SHI,,SHIRLEY MAY,NOT_FOUND,NO_FOUND_ID_FOR_CODE,,NO_MATCH,0,,
335-THCO,1231,CASHMERE BLANC - THE WHITE COMPANY,NOT_FOUND,NO_FOUND_ID_FOR_CODE,,NO_MATCH,0,,
336-THCO,1232,NARCISSUS NOIR - THE WHITE COMPANY,NOT_FOUND,NO_FOUND_ID_FOR_CODE,,NO_MATCH,0,,
362-TMFO,,ORCHID SOLEIL,NOT_FOUND,NO_CORPUS_CODE_MATCH,,UNIQUE_EXACT,1,38650,https://www.fragrantica.com/perfume/Tom-Ford/Orchid-Soleil-38650.html
379-YAN,1263,CLEAN COTTON - YANKEE CANDLES,NOT_FOUND,NO_FOUND_ID_FOR_CODE,,NO_MATCH,0,,
380-YAN,1264,FALL FESTIVAL - YANKEE CANDLES,NOT_FOUND,NO_FOUND_ID_FOR_CODE,,NO_MATCH,0,,
381-YAN,1265,FRESH CUT ROSES - YANKEE CANDLES,NOT_FOUND,NO_FOUND_ID_FOR_CODE,,NO_MATCH,0,,
382-YAN,1266,POMEGRANATE CIDER - YANKEE CANDLES,NOT_FOUND,NO_FOUND_ID_FOR_CODE,,NO_MATCH,0,,
383-YAN,2105,WEDDING DAY - YANKEE,NOT_FOUND,NO_FOUND_ID_FOR_CODE,,NO_MATCH,0,,
387-,,CIGAR,NOT_FOUND,NO_CORPUS_CODE_MATCH,,BRAND_TOKEN_MATCH,3,83332|94996|126769,https://www.fragrantica.com/perfume/ABD-Malik/Cigar-Bergamot-83332.html|https://www.fragrantica.com/perfume/Alexandria-Fragrances/Hafez-s-Cigar-94996.html|https://www.fragrantica.com/perfume/Badr-Harqan/Red-Wine-Cigar-126769.html
420-BRB,,BRIT RHYTHM FOR HER FLORAL,NOT_FOUND,NO_CORPUS_CODE_MATCH,,UNIQUE_EXACT,1,29562,https://www.fragrantica.com/perfume/Burberry/Brit-Rhythm-for-Her-Floral-29562.html
456-CAC,,AMOR AMOR FORBIDDEN KISS,NOT_FOUND,NO_CORPUS_CODE_MATCH,,UNIQUE_EXACT,1,12764,https://www.fragrantica.com/perfume/Cacharel/Amor-Amor-Forbidden-Kiss-12764.html
491-CRT,,MUST DE CARTIER GOLD,NOT_FOUND,NO_CORPUS_CODE_MATCH,,UNIQUE_EXACT,1,32436,https://www.fragrantica.com/perfume/Cartier/Must-de-Cartier-Gold-32436.html
553-DOL,,DOLCE,NOT_FOUND,NO_CORPUS_CODE_MATCH,,UNIQUE_EXACT,1,22955,https://www.fragrantica.com/perfume/Dolce-Gabbana/Dolce-22955.html
564-DOL,1937,SEXY CHOCLATE,NOT_FOUND,NO_FOUND_ID_FOR_CODE,,NO_MATCH,0,,
720-GUL,,CLASSIQUE,NOT_FOUND,NO_CORPUS_CODE_MATCH,,MULTIPLE_EXACT,2,427|98893,https://www.fragrantica.com/perfume/Jean-Paul-Gaultier/Classique-427.html|https://www.fragrantica.com/perfume/Athoor-Al-Alam/Classique-98893.html
728-JES,,IN BLACK,NOT_FOUND,NO_CORPUS_CODE_MATCH,,UNIQUE_EXACT,1,11574,https://www.fragrantica.com/perfume/Byblos/In-Black-11574.html
876-PRA,,INFUSION D'AMANDE,NOT_FOUND,NO_CORPUS_CODE_MATCH,,BRAND_TOKEN_MATCH,1,31044,https://www.fragrantica.com/perfume/Prada/Infusion-d-Amande-31044.html
877-PRA,,INFUSION DE FLEUR D'ORANGER,NOT_FOUND,NO_CORPUS_CODE_MATCH,,BRAND_TOKEN_MATCH,2,5533|31041,https://www.fragrantica.com/perfume/Prada/Infusion-de-Fleur-d-Oranger-5533.html|https://www.fragrantica.com/perfume/Prada/Infusion-de-Fleur-d-Oranger-2015-31041.html
900-ROG,,FLEUR DE FIGUIER,NOT_FOUND,NO_CORPUS_CODE_MATCH,,NO_MATCH,0,,
995-ZAR,,POUR FEMME,NOT_FOUND,NO_CORPUS_CODE_MATCH,,MULTIPLE_EXACT,2,117994|87316,https://www.fragrantica.com/perfume/Amoret/Pour-Femme-117994.html|https://www.fragrantica.com/perfume/Camille-Rochelle/Pour-Femme-87316.html
1000-ADO,,AGUA FRESCA,NOT_FOUND,NO_CORPUS_CODE_MATCH,,UNIQUE_EXACT,1,9783,https://www.fragrantica.com/perfume/Adolfo-Dominguez/Agua-Fresca-9783.html
1001-ANT,,KING OF SEDUCTION,NOT_FOUND,NO_CORPUS_CODE_MATCH,,UNIQUE_EXACT,1,26412,https://www.fragrantica.com/perfume/Antonio-Banderas/King-of-Seduction-26412.html
1044-CAL,,ETERNITY,NOT_FOUND,NO_CORPUS_CODE_MATCH,,UNIQUE_EXACT,1,257,https://www.fragrantica.com/perfume/Calvin-Klein/Eternity-257.html
1076-DRC,,FAHRENEIT,NOT_FOUND,NO_CORPUS_CODE_MATCH,,NO_MATCH,0,,
1081-DRC,,HOMME EAU,NOT_FOUND,NO_CORPUS_CODE_MATCH,,BRAND_TOKEN_MATCH,1,22860,https://www.fragrantica.com/perfume/Dior/Dior-Homme-Eau-for-Men-22860.html
1121-GFE,,FERRE MAN,NOT_FOUND,NO_CORPUS_CODE_MATCH,,NO_MATCH,0,,
1196-LAC,,L.12.12 MAGNETIC,NOT_FOUND,NO_CORPUS_CODE_MATCH,,NO_MATCH,0,,
1220-MOS,,Toy,NOT_FOUND,NO_CORPUS_CODE_MATCH,,UNIQUE_EXACT,1,28805,https://www.fragrantica.com/perfume/Moschino/Toy-28805.html
1244-PRA,,PRADA AMBER POUR HOMME,NOT_FOUND,NO_CORPUS_CODE_MATCH,,BRAND_TOKEN_MATCH,2,1044|11240,https://www.fragrantica.com/perfume/Prada/Prada-Amber-Pour-Homme-Prada-Man-1044.html|https://www.fragrantica.com/perfume/Prada/Prada-Amber-Pour-Homme-Intense-11240.html
1486-TRU,,TRUSSARDI UOMO,NOT_FOUND,NO_CORPUS_CODE_MATCH,,UNIQUE_EXACT,1,1039,https://www.fragrantica.com/perfume/Trussardi/Trussardi-Uomo-1039.html
1489-DAV,,HORIZON,NOT_FOUND,NO_CORPUS_CODE_MATCH,,UNIQUE_EXACT,1,35819,https://www.fragrantica.com/perfume/Davidoff/Horizon-35819.html
1491-CAL,,OBSESSED FOR MEN,NOT_FOUND,NO_CORPUS_CODE_MATCH,,UNIQUE_EXACT,1,45709,https://www.fragrantica.com/perfume/Calvin-Klein/Obsessed-for-Men-45709.html
1494-BOD,,RED MUSK OUD,NOT_FOUND,NO_CORPUS_CODE_MATCH,,NO_MATCH,0,,
1523-AFN,,DEHN AL OUDH ABIYAD,NOT_FOUND,NO_CORPUS_CODE_MATCH,,UNIQUE_EXACT,1,27357,https://www.fragrantica.com/perfume/Afnan/Dehn-al-Oudh-Abiyad-27357.html
1526-AL HAR,,MUKHALLAT AL EMIRATES,NOT_FOUND,NO_CORPUS_CODE_MATCH,,NO_MATCH,0,,
1534-SWI,,SWISS ARMY VICTORINOX,NOT_FOUND,NO_CORPUS_CODE_MATCH,,NO_MATCH,0,,
1550-YAN,2331,HOME SWEET HOME - YANKEE,NOT_FOUND,NO_FOUND_ID_FOR_CODE,,NO_MATCH,0,,
1628-AL HAR,,WARDIA,NOT_FOUND,NO_CORPUS_CODE_MATCH,,UNIQUE_EXACT,1,19945,https://www.fragrantica.com/perfume/Al-Haramain-Perfumes/Wardia-19945.html
1629-AL HAR,,MUSK MALIKI,NOT_FOUND,NO_CORPUS_CODE_MATCH,,MULTIPLE_EXACT,2,48224|70385,https://www.fragrantica.com/perfume/Al-Haramain-Perfumes/Musk-Maliki-48224.html|https://www.fragrantica.com/perfume/Al-Haramain-Perfumes/Musk-Maliki-70385.html
1636-KIL,,PEARL OUD,NOT_FOUND,NO_CORPUS_CODE_MATCH,,UNIQUE_EXACT,1,31395,https://www.fragrantica.com/perfume/By-Kilian/Pearl-Oud-31395.html
1644-DRC,,SAUVAGE ELIXIR,NOT_FOUND,NO_CORPUS_CODE_MATCH,,UNIQUE_EXACT,1,68415,https://www.fragrantica.com/perfume/Dior/Sauvage-Elixir-68415.html
1649-GIV,,L INTERDIT INTENSE,NOT_FOUND,NO_CORPUS_CODE_MATCH,,BRAND_TOKEN_MATCH,1,62491,https://www.fragrantica.com/perfume/Givenchy/L-Interdit-Eau-de-Parfum-Intense-62491.html
1748-BYR,2602,Marijuana,NOT_FOUND,NO_FOUND_ID_FOR_CODE,,NO_MATCH,0,,
1767-LTN,,ATTRAPE REVES,NOT_FOUND,NO_CORPUS_CODE_MATCH,,UNIQUE_EXACT,1,51016,https://www.fragrantica.com/perfume/Louis-Vuitton/Attrape-Reves-51016.html
1781-LAC,,TOUCH OF SUN,NOT_FOUND,NO_CORPUS_CODE_MATCH,,NO_MATCH,0,,
1783-AL HAR,,SULTAN,NOT_FOUND,NO_CORPUS_CODE_MATCH,,UNIQUE_EXACT,1,19846,https://www.fragrantica.com/perfume/Al-Haramain-Perfumes/Sultan-19846.html
1808-LTN,,MILLE FEUX,NOT_FOUND,NO_CORPUS_CODE_MATCH,,UNIQUE_EXACT,1,40497,https://www.fragrantica.com/perfume/Louis-Vuitton/Mille-Feux-40497.html
1869-DOL,,BY,NOT_FOUND,NO_CORPUS_CODE_MATCH,,MULTIPLE_EXACT,2,489|490,https://www.fragrantica.com/perfume/Dolce-Gabbana/By-489.html|https://www.fragrantica.com/perfume/Dolce-Gabbana/By-490.html
1950-SWISA,,AL AMAKEN,NOT_FOUND,NO_CORPUS_CODE_MATCH,,UNIQUE_EXACT,1,22928,https://www.fragrantica.com/perfume/Swiss-Arabian/Al-Amaken-22928.html
1955-LAP,,CELLULAR ENERGIZING,NOT_FOUND,NO_CORPUS_CODE_MATCH,,NO_MATCH,0,,
2085-CLIV,3455,X NEROLI LIMITED EDITION - CLIVE CHRISTIAN,NOT_FOUND,NO_FOUND_ID_FOR_CODE,,NO_MATCH,0,,
2106-MARC,,B683,NOT_FOUND,NO_CORPUS_CODE_MATCH,,UNIQUE_EXACT,1,46802,https://www.fragrantica.com/perfume/Marc-Antoine-Barrois/B683-46802.html
2133-FRE,3567,Lipstick Rose Eau de Parfum,NOT_FOUND,NO_CORPUS_CODE_MATCH,,NO_MATCH,0,,
2172-SWISA,,KASHKHA,NOT_FOUND,NO_CORPUS_CODE_MATCH,,MULTIPLE_EXACT,2,19456|21625,https://www.fragrantica.com/perfume/Swiss-Arabian/Kashkha-19456.html|https://www.fragrantica.com/perfume/Arabian-Oud/Kashkha-21625.html
2173-ANFAD,,SUKAR,NOT_FOUND,NO_CORPUS_CODE_MATCH,,UNIQUE_EXACT,1,23000,https://www.fragrantica.com/perfume/Anfasic/Sukar-23000.html
2189-ARM,,STRONGER WITH YOU OUD,NOT_FOUND,NO_CORPUS_CODE_MATCH,,BRAND_TOKEN_MATCH,1,76171,https://www.fragrantica.com/perfume/Giorgio-Armani/Emporio-Armani-Stronger-With-You-Oud-76171.html
2220-AL HAR,,HAYATI,NOT_FOUND,NO_CORPUS_CODE_MATCH,,UNIQUE_EXACT,1,19607,https://www.fragrantica.com/perfume/Al-Haramain-Perfumes/Hayati-19607.html
2256-GIV,,VERY IRRESISTIBLE,NOT_FOUND,NO_CORPUS_CODE_MATCH,,UNIQUE_EXACT,1,33,https://www.fragrantica.com/perfume/Givenchy/Very-Irresistible-33.html
2282-DRC,3915,Dioriviera Eau de Parfum,NOT_FOUND,NO_CORPUS_CODE_MATCH,,NO_MATCH,0,,
2313-DRC,,SAUVAGE PARFUM 2019,NOT_FOUND,NO_CORPUS_CODE_MATCH,,NO_MATCH,0,,
2331-DOL,,THE ONE MYSTERIOUS NIGHT,NOT_FOUND,NO_CORPUS_CODE_MATCH,,UNIQUE_EXACT,1,50207,https://www.fragrantica.com/perfume/Dolce-Gabbana/The-One-Mysterious-Night-50207.html
2438-KYLJE,,COSMIC,NOT_FOUND,NO_CORPUS_CODE_MATCH,,NO_MATCH,0,,
2514-DRC,4215,Sauvage Eau Forte,NOT_FOUND,NO_CORPUS_CODE_MATCH,,UNIQUE_EXACT,1,95863,https://www.fragrantica.com/perfume/Dior/Sauvage-Eau-Forte-95863.html
2586-DIP,4367,Biscuit DIP,NOT_FOUND,NO_FOUND_ID_FOR_CODE,,NO_MATCH,0,,
2701-DIP,4640,Cafe Verlet,NOT_FOUND,NO_FOUND_ID_FOR_CODE,,NO_MATCH,0,,
2816-MOOD,5083,Blonde Maracuja Mood London,NOT_FOUND,NO_FOUND_ID_FOR_CODE,CONFIRMED_MAPPING_ONLY,NO_MATCH,0,,
,2688,Danat Al Duniya Eau de Parfum,NOT_FOUND,NO_CORPUS_CODE_MATCH,,NO_MATCH,0,,
-HUG,,HUGO MAN,NOT_FOUND,NO_CORPUS_CODE_MATCH,,UNIQUE_EXACT,1,64606,https://www.fragrantica.com/perfume/Hugo-Boss/Hugo-Man-64606.html
-VICT,,ANGELS ONLY,NOT_FOUND,NO_CORPUS_CODE_MATCH,,UNIQUE_EXACT,1,24876,https://www.fragrantica.com/perfume/Victoria-s-Secret/Angels-Only-24876.html
ALH004,,Dhahab,NOT_FOUND,NO_CORPUS_CODE_MATCH,,UNIQUE_EXACT,1,53174,https://www.fragrantica.com/perfume/Al-Haramain-Perfumes/Dhahab-53174.html
ALH078,,Amber Oud Gold Edition,NOT_FOUND,NO_CORPUS_CODE_MATCH,,UNIQUE_EXACT,1,51816,https://www.fragrantica.com/perfume/Al-Haramain-Perfumes/Amber-Oud-Gold-Edition-51816.html
