shobi_code,prestashop_product_id,shobi_inspired_by,classification,reason,fragrantica_id,fragrantica_brand,fragrantica_perfume,fragrantica_url,match_type,score,identity_score,identity_gate,review_class,secondary_names,secondary_brands
105-ARB,1405,PRESTIGE CLASSIC - ARABIAN OUD,VERIFIED,SAFE_TOKEN_SAME_BRAND,21602,Arabian Oud,Arabian Prestige Classic,https://www.fragrantica.com/perfume/Arabian-Oud/Arabian-Prestige-Classic-21602.html,SAFE_TOKEN_SAME_BRAND,0.9860,0.6827,REVIEW,NAME_PRESENT_LOW_SCORE,,Arabian Oud
106-ARB,1406,SULTAN - ARABIAN OUD,VERIFIED,WEB_VERIFIED_FRAGRANTICA,21560,,,https://www.fragrantica.com/parfem/Arabian-Oud/Sultan-Blend-21560.html,WEB_VERIFIED_FRAGRANTICA,1.0000,0.0000,REVIEW,ID_ONLY_NEEDS_LOOKUP,,Arabian Oud
110-ARM,1796,ROSE D'ARABIE,VERIFIED,WEB_VERIFIED_FRAGRANTICA,10886,,,https://www.fragrantica.com/perfume/Giorgio-Armani/Armani-Prive-Rose-d-Arabie-10886.html,WEB_VERIFIED_FRAGRANTICA,1.0000,0.0000,REVIEW,ID_ONLY_NEEDS_LOOKUP,,Giorgio Armani
111-BAC,1807,Rouge 540,VERIFIED,WEB_VERIFIED_FRAGRANTICA,33519,,,https://www.fragrantica.com/perfume/Maison-Francis-Kurkdjian/Baccarat-Rouge-540-33519.html,WEB_VERIFIED_FRAGRANTICA,1.0000,0.0000,REVIEW,ID_ONLY_NEEDS_LOOKUP,,Baccarat
118-HAM,1409,REHAN - HAMIDI OUD,VERIFIED,WEB_VERIFIED_FRAGRANTICA,27808,,,https://www.fragrantica.com/perfume/Hamidi-Oud-Perfumes/Rehan-27808.html,WEB_VERIFIED_FRAGRANTICA,1.0000,0.0000,REVIEW,ID_ONLY_NEEDS_LOOKUP,,Hamidi Oud Perfumes
133-MICA,2126,YLANG IN GOLD - M,VERIFIED,WEB_VERIFIED_FRAGRANTICA,14409,,,https://www.fragrantica.com/perfume/M-Micallef/Ylang-in-Gold-14409.html,WEB_VERIFIED_FRAGRANTICA,1.0000,0.0000,REVIEW,ID_ONLY_NEEDS_LOOKUP,,M. Micallef
153-PARF,,HEROD,VERIFIED,WEB_VERIFIED_FRAGRANTICA,4323,,,https://www.fragrantica.com/perfume/By-Kilian/Straight-to-Heaven-4323.html,WEB_VERIFIED_FRAGRANTICA,1.0000,0.0000,REVIEW,ID_ONLY_NEEDS_LOOKUP,,By Kilian
166-AZ,2096,Sequoia Wood Eau de Parfum,VERIFIED,WEB_VERIFIED_FRAGRANTICA,40007,,,https://www.fragrantica.com/perfume/The-Perfumer-s-Story-by-Azzi/Sequoia-Wood-40007.html,WEB_VERIFIED_FRAGRANTICA,1.0000,0.0000,REVIEW,ID_ONLY_NEEDS_LOOKUP,,The Perfumer’s Story by Azzi
170-ROJ,2235,ENIGMA WOMAN - ROJA DOVE,VERIFIED,WEB_VERIFIED_FRAGRANTICA,20558,,,https://www.fragrantica.com/perfume/Roja-Dove/Enigma-20558.html,WEB_VERIFIED_FRAGRANTICA,1.0000,0.0000,REVIEW,ID_ONLY_NEEDS_LOOKUP,,Roja Parfums
171-DUP,2204,Souvenirs De Malles Oud Oriental,VERIFIED,WEB_VERIFIED_FRAGRANTICA,21459,,,https://www.fragrantica.com/perfume/S-T-Dupont/Dupont-Oud-Oriental-21459.html,WEB_VERIFIED_FRAGRANTICA,1.0000,0.0000,REVIEW,ID_ONLY_NEEDS_LOOKUP,,S T Dupont
172-SHALM,2084,Moroccan-musk,VERIFIED,WEB_VERIFIED_FRAGRANTICA,47982,,,https://www.fragrantica.com/perfume/Scent-Salim/Moroccan-Musk-47982.html,WEB_VERIFIED_FRAGRANTICA,1.0000,0.0000,REVIEW,ID_ONLY_NEEDS_LOOKUP,,scent-salim
193-ARM,1142,ROYAL OUD,VERIFIED,WEB_VERIFIED_FRAGRANTICA,10884,,,https://www.fragrantica.com/perfume/Giorgio-Armani/Armani-Prive-Oud-Royal-10884.html,WEB_VERIFIED_FRAGRANTICA,1.0000,0.0000,REVIEW,ID_ONLY_NEEDS_LOOKUP,,Giorgio Armani
204-CRD,1110,Avent,VERIFIED,WEB_VERIFIED_FRAGRANTICA,9828,,,https://www.fragrantica.com/perfume/Creed/Aventus-9828.html,WEB_VERIFIED_FRAGRANTICA,1.0000,0.0000,REVIEW,ID_ONLY_NEEDS_LOOKUP,,Creed
225-DIP,1128,EL EAU DES SENS,VERIFIED,WEB_VERIFIED_FRAGRANTICA,35678,,,https://www.fragrantica.com/perfume/Diptyque/Eau-des-Sens-Eau-de-Toilette-35678.html,WEB_VERIFIED_FRAGRANTICA,1.0000,0.0000,REVIEW,ID_ONLY_NEEDS_LOOKUP,,Diptyque
233-ESCE,1839,Molecule 02,VERIFIED,WEB_VERIFIED_FRAGRANTICA,3606,,,https://www.fragrantica.com/perfume/Escentric-Molecules/Molecule-02-3606.html,WEB_VERIFIED_FRAGRANTICA,1.0000,0.0000,REVIEW,ID_ONLY_NEEDS_LOOKUP,,Escentric Molecules
235-HOLL,,SOCAL,VERIFIED,WEB_VERIFIED_FRAGRANTICA,4307,,,https://www.fragrantica.com/perfume/Hollister/Socal-4307.html,WEB_VERIFIED_FRAGRANTICA,1.0000,0.0000,REVIEW,ID_ONLY_NEEDS_LOOKUP,,
236-IND,,ZUM FRANKINCENSE & MYRRH,VERIFIED,WEB_VERIFIED_FRAGRANTICA,42046,,,https://www.fragrantica.com/perfume/Indigo-Wild/Zum-Mist-Frankincense-Myrrh-42046.html,WEB_VERIFIED_FRAGRANTICA,1.0000,0.0000,REVIEW,ID_ONLY_NEEDS_LOOKUP,,
237-JOM,1145,A Shot Of Thai Over Mango - Jo Malone,VERIFIED,WEB_VERIFIED_FRAGRANTICA,16436,,,https://www.fragrantica.com/perfume/Jo-Loves/Mango-Thai-Lime-16436.html,WEB_VERIFIED_FRAGRANTICA,1.0000,0.0000,REVIEW,ID_ONLY_NEEDS_LOOKUP,,Jo Malone
238-JOM,1146,A Shot Of Oud Over Mango - Jo Malone,VERIFIED,WEB_VERIFIED_FRAGRANTICA,16434,,,https://www.fragrantica.com/perfume/Jo-Loves/A-Shot-Of-Oud-Over-Mango-16434.html,WEB_VERIFIED_FRAGRANTICA,1.0000,0.0000,REVIEW,ID_ONLY_NEEDS_LOOKUP,,Jo Malone
240-JOM,1148,Amber & Patchouli - Jo Malone,VERIFIED,WEB_VERIFIED_FRAGRANTICA,12927,,,https://www.fragrantica.com/perfume/Jo-Malone-London/Amber-Patchouli-12927.html,WEB_VERIFIED_FRAGRANTICA,1.0000,0.0000,REVIEW,ID_ONLY_NEEDS_LOOKUP,,Jo Malone
243-JOM,1151,Black Cedarwood  Juniper,VERIFIED,WEB_VERIFIED_FRAGRANTICA,22504,Jo Malone London,London Rain Black Cedarwood & Juniper,https://www.fragrantica.com/perfume/Jo-Malone/Black-Cedarwood-Juniper-22504.html,WEB_VERIFIED_FRAGRANTICA,1.0000,0.7419,REVIEW,NAME_PRESENT_LOW_SCORE,,Jo Malone London
246-JOM,2208,Bronze Wood & Leather by Jo Malone London,VERIFIED,SAFE_TOKEN_SAME_BRAND,52803,Jo Malone London,Bronze Wood Leather,https://www.fragrantica.com/perfume/Jo-Malone-London/Bronze-Wood-Leather-52803.html,SAFE_TOKEN_SAME_BRAND,0.9440,0.6129,REVIEW,NAME_PRESENT_LOW_SCORE,,Jo Malone London
247-JOM,1154,The Herb Garden  Carrot Blossom  Fennel,VERIFIED,WEB_VERIFIED_FRAGRANTICA,35881,,,https://www.fragrantica.com/perfume/Jo-Malone-London/Carrot-Blossom-Fennel-35881.html,WEB_VERIFIED_FRAGRANTICA,1.0000,0.0000,REVIEW,ID_ONLY_NEEDS_LOOKUP,,Jo Malone
249-JOM,1156,Earl Grey  Cucumber,VERIFIED,WEB_VERIFIED_FRAGRANTICA,11488,,,https://www.fragrantica.com/perfume/Jo-Malone-London/Earl-Grey-Cucumber-11488.html,WEB_VERIFIED_FRAGRANTICA,1.0000,0.0000,REVIEW,ID_ONLY_NEEDS_LOOKUP,,Jo Malone
254-JOM,1160,GARDENIA - JO MALONE,VERIFIED,WEB_VERIFIED_FRAGRANTICA,13829,,,https://www.fragrantica.com/perfume/Jo-Loves/Gardenia-13829.html,WEB_VERIFIED_FRAGRANTICA,1.0000,0.0000,REVIEW,ID_ONLY_NEEDS_LOOKUP,,Jo Malone
257-JOM,1163,GREEN ORANGE & CORIANDER - JO MALONE,VERIFIED,WEB_VERIFIED_FRAGRANTICA,13827,,,https://www.fragrantica.com/perfume/Jo-Loves/Green-Orange-Coriander-13827.html,WEB_VERIFIED_FRAGRANTICA,1.0000,0.0000,REVIEW,ID_ONLY_NEEDS_LOOKUP,,Jo Malone
268-JOM,1173,MYRRH & TONKA - JO MALONE,VERIFIED,SAFE_TOKEN_SAME_BRAND,42027,Jo Malone London,Myrrh Tonka,https://www.fragrantica.com/perfume/Jo-Malone-London/Myrrh-Tonka-42027.html,SAFE_TOKEN_SAME_BRAND,0.9440,0.6111,REVIEW,NAME_PRESENT_LOW_SCORE,,Jo Malone London
269-JOM,1907,Nashi Blossom,VERIFIED,WEB_VERIFIED_FRAGRANTICA,37551,,,https://www.fragrantica.com/perfume/Jo-Malone-London/Nashi-Blossom-37551.html,WEB_VERIFIED_FRAGRANTICA,1.0000,0.0000,REVIEW,ID_ONLY_NEEDS_LOOKUP,,Jo Malone
276-JOM,2087,Oud & Bergamot by Jo Malone London,VERIFIED,SAFE_TOKEN_SAME_BRAND,12928,Jo Malone London,Oud Bergamot,https://www.fragrantica.com/perfume/Jo-Malone-London/Oud-Bergamot-12928.html,SAFE_TOKEN_SAME_BRAND,0.9440,0.5000,REVIEW,NAME_PRESENT_LOW_SCORE,,Jo Malone London
279-JOM,1181,PINK VETIVER - JO MALONE,VERIFIED,WEB_VERIFIED_FRAGRANTICA,16433,,,https://www.fragrantica.com/perfume/Jo-Loves/Pink-Vetiver-16433.html,WEB_VERIFIED_FRAGRANTICA,1.0000,0.0000,REVIEW,ID_ONLY_NEEDS_LOOKUP,,Jo Malone
282-JOM,1184,POMELO - JO MALONE,VERIFIED,WEB_VERIFIED_FRAGRANTICA,13826,,,https://www.fragrantica.com/perfume/Jo-Loves/Pomelo-13826.html,WEB_VERIFIED_FRAGRANTICA,1.0000,0.0000,REVIEW,ID_ONLY_NEEDS_LOOKUP,,Jo Malone
283-JOM,2059,English Fields  Poppy  Barley,VERIFIED,WEB_VERIFIED_FRAGRANTICA,48316,Jo Malone London,Poppy & Barley,https://www.fragrantica.com/perfume/Jo-Malone-London/Poppy-Barley-48316.html,WEB_VERIFIED_FRAGRANTICA,1.0000,0.5581,REVIEW,NAME_PRESENT_LOW_SCORE,,Jo Malone London
286-JOM,1187,SHARDS OF CEDAR & RED THYME - JO MALONE,VERIFIED,WEB_VERIFIED_FRAGRANTICA,37578,,,https://www.fragrantica.com/perfume/Jo-Loves/Shards-of-Cedar-Red-Thyme-37578.html,WEB_VERIFIED_FRAGRANTICA,1.0000,0.0000,REVIEW,ID_ONLY_NEEDS_LOOKUP,,Jo Malone
287-JOM,1188,Silk Blossom,VERIFIED,WEB_VERIFIED_FRAGRANTICA,24717,,,https://www.fragrantica.com/perfume/Jo-Malone/Silk-Blossom-24717.html,WEB_VERIFIED_FRAGRANTICA,1.0000,0.0000,REVIEW,ID_ONLY_NEEDS_LOOKUP,,Jo Malone
299-JOM,1198,WHITE LILAC & RHUBARB - JO MALONE,VERIFIED,SAFE_TOKEN_SAME_BRAND,14134,Jo Malone London,White Lilac Rhubarb,https://www.fragrantica.com/perfume/Jo-Malone-London/White-Lilac-Rhubarb-14134.html,SAFE_TOKEN_SAME_BRAND,0.9440,0.7308,REVIEW,NAME_PRESENT_LOW_SCORE,,Jo Malone London
302-JOM,1201,WISTERIA VIOLET - JO MALONE,VERIFIED,SAFE_TOKEN_SAME_BRAND,22503,Jo Malone London,London Rain Wisteria Violet,https://www.fragrantica.com/perfume/Jo-Malone-London/London-Rain-Wisteria-Violet-22503.html,SAFE_TOKEN_SAME_BRAND,0.9560,0.5769,REVIEW,NAME_PRESENT_LOW_SCORE,,Jo Malone London
304-KIE,,ORIGINAL MUSK,VERIFIED,WEB_VERIFIED_FRAGRANTICA,6188,,,https://www.fragrantica.com/perfume/Kiehl-s/Original-Musk-6188.html,WEB_VERIFIED_FRAGRANTICA,1.0000,0.0000,REVIEW,ID_ONLY_NEEDS_LOOKUP,,
307-LOC,1204,PEONY - L' OCCITANE,VERIFIED,WEB_VERIFIED_FRAGRANTICA,8458,,,https://www.fragrantica.com/perfume/L-Occitane-en-Provence/Peony-8458.html,WEB_VERIFIED_FRAGRANTICA,1.0000,0.0000,REVIEW,ID_ONLY_NEEDS_LOOKUP,,L'Occitane
308-LOC,1205,CITRUS VERBENA - L' OCCITANE,VERIFIED,WEB_VERIFIED_FRAGRANTICA,2224,,,https://www.fragrantica.com/perfume/-2224.html,WEB_VERIFIED_FRAGRANTICA,1.0000,0.0000,REVIEW,ID_ONLY_NEEDS_LOOKUP,,L'Occitane
309-LOC,1206,MAGNOLIA & MURE - L' OCCITANE,VERIFIED,WEB_VERIFIED_FRAGRANTICA,17836,,,https://www.fragrantica.com/perfume/L-Occitane/Magnolia-Mure-17836.html,WEB_VERIFIED_FRAGRANTICA,1.0000,0.0000,REVIEW,ID_ONLY_NEEDS_LOOKUP,,L'Occitane
312-MOL,1209,black pepper-molΞυλώδες Πικάντικο,VERIFIED,WEB_VERIFIED_FRAGRANTICA,951,,,https://www.fragrantica.com/perfume/Molton-Brown/Black-Pepper-951.html,WEB_VERIFIED_FRAGRANTICA,1.0000,0.0000,REVIEW,ID_ONLY_NEEDS_LOOKUP,,Molton Brown
315-MNT,1212,Aoud Orange,VERIFIED,SAFE_TOKEN_SAME_BRAND,23365,Montale,Orange Aoud,https://www.fragrantica.com/perfume/Montale/Orange-Aoud-23365.html,SAFE_TOKEN_SAME_BRAND,0.9860,0.7727,REVIEW,NAME_PRESENT_LOW_SCORE,,Montale
325-PECK,1220,BLACK OAK & CEDAR - PECKSNIFF'S,VERIFIED,WEB_VERIFIED_FRAGRANTICA,31590,,,https://www.fragrantica.com/perfume/Pecksniff-s/Black-Oak-Cedar-31590.html,WEB_VERIFIED_FRAGRANTICA,1.0000,0.0000,REVIEW,ID_ONLY_NEEDS_LOOKUP,,Pecksniff's
327-PECK,1222,MISTRAAL - PECKSNIFF'S Perfumes,VERIFIED,WEB_VERIFIED_FRAGRANTICA,31584,,,https://www.fragrantica.com/perfume/Pecksniff-s/Mistraal-31584.html,WEB_VERIFIED_FRAGRANTICA,1.0000,0.0000,REVIEW,ID_ONLY_NEEDS_LOOKUP,,Pecksniff's
337-TIFF,1878,Tiffany  Co Sheer,VERIFIED,WEB_VERIFIED_FRAGRANTICA,12922,,,https://www.fragrantica.com/perfume/Tiffany/Sheer-Tiffany-12922.html,WEB_VERIFIED_FRAGRANTICA,1.0000,0.0000,REVIEW,ID_ONLY_NEEDS_LOOKUP,,Tiffany Co
344-TMFO,1237,COSTA AZZURA,VERIFIED,WEB_VERIFIED_FRAGRANTICA,25482,,,https://www.fragrantica.com/perfume/Tom-Ford/Costa-Azzurra-25482.html,WEB_VERIFIED_FRAGRANTICA,1.0000,0.0000,REVIEW,ID_ONLY_NEEDS_LOOKUP,,Tom Ford
396-ANT,507,Blue Seduction for Women Eau de Toilette,VERIFIED,WEB_VERIFIED_FRAGRANTICA,3751,,,https://www.fragrantica.com/perfume/Antonio-Banderas/Blue-Seduction-3751.html,WEB_VERIFIED_FRAGRANTICA,1.0000,0.0000,REVIEW,ID_ONLY_NEEDS_LOOKUP,,Antonio Banderas
401-ARIA,2061,Cloud-eau-de-,VERIFIED,WEB_VERIFIED_FRAGRANTICA,50384,,,https://www.fragrantica.com/perfume/Ariana-Grande/Cloud-50384.html,WEB_VERIFIED_FRAGRANTICA,1.0000,0.0000,REVIEW,ID_ONLY_NEEDS_LOOKUP,,Ariana Grande
404-BAL,513,BALE PARIS,VERIFIED,WEB_VERIFIED_FRAGRANTICA,7247,,,https://www.fragrantica.com/perfume/Balenciaga/Balenciaga-Paris-7247.html,WEB_VERIFIED_FRAGRANTICA,1.0000,0.0000,REVIEW,ID_ONLY_NEEDS_LOOKUP,,Balenciaga
407-BAT,516,PINK AMBER  & MOROCCO ORCHID  - BATH & BODY WORKS,VERIFIED,SAFE_TOKEN_SAME_BRAND,25388,Bath Body Works,Morocco Orchid Pink Amber,https://www.fragrantica.com/perfume/Bath-Body-Works/Morocco-Orchid-Pink-Amber-25388.html,SAFE_TOKEN_SAME_BRAND,0.9440,0.5135,REVIEW,NAME_PRESENT_LOW_SCORE,,Bath Body Works
408-BAT,,WARM VANILLA SUGAR,VERIFIED,WEB_VERIFIED_FRAGRANTICA,3545,,,https://www.fragrantica.com/perfume/Bath-Body-Works/Warm-Vanilla-Sugar-3545.html,WEB_VERIFIED_FRAGRANTICA,1.0000,0.0000,REVIEW,ID_ONLY_NEEDS_LOOKUP,,
410-BOD,,BLACK MUSK,VERIFIED,WEB_VERIFIED_FRAGRANTICA,32247,,,https://www.fragrantica.com/perfume/The-Body-Shop/Black-Musk-32247.html,WEB_VERIFIED_FRAGRANTICA,1.0000,0.0000,REVIEW,ID_ONLY_NEEDS_LOOKUP,,
411-BOD,,WHITE MUSK,VERIFIED,WEB_VERIFIED_FRAGRANTICA,2432,,,https://www.fragrantica.com/perfume/The-Body-Shop/White-Musk-2432.html,WEB_VERIFIED_FRAGRANTICA,1.0000,0.0000,REVIEW,ID_ONLY_NEEDS_LOOKUP,,
417-BOUR,523,SOIR DE PARIS - BOURJOIS,VERIFIED,SAFE_TOKEN_SAME_BRAND,3604,Bourjois,Soir de Paris Evening in Paris,https://www.fragrantica.com/perfume/Bourjois/Soir-de-Paris-Evening-in-Paris-3604.html,SAFE_TOKEN_SAME_BRAND,0.9760,0.6538,REVIEW,NAME_PRESENT_LOW_SCORE,,Bourjois
424-BRB,530,BURBERRY CLASSIC,VERIFIED,WEB_VERIFIED_FRAGRANTICA,818,,,https://www.fragrantica.com/perfume/Burberry/Burberry-Women-818.html,WEB_VERIFIED_FRAGRANTICA,1.0000,0.0000,REVIEW,ID_ONLY_NEEDS_LOOKUP,,Burberry
428-BRB,534,BURBERRY SPORT,VERIFIED,WEB_VERIFIED_FRAGRANTICA,7613,,,https://www.fragrantica.com/perfume/Burberry/Burberry-Sport-for-Women-7613.html,WEB_VERIFIED_FRAGRANTICA,1.0000,0.0000,REVIEW,ID_ONLY_NEEDS_LOOKUP,,Burberry
431-BRB,537,BURBERRY TOUCH,VERIFIED,WEB_VERIFIED_FRAGRANTICA,814,,,https://www.fragrantica.com/p/814,WEB_VERIFIED_FRAGRANTICA,1.0000,0.0000,REVIEW,ID_ONLY_NEEDS_LOOKUP,,Burberry
438-BLG,544,CORAL OMNIA,VERIFIED,SAFE_TOKEN_SAME_BRAND,14297,Bvlgari,Omnia Coral,https://www.fragrantica.com/perfume/Bvlgari/Omnia-Coral-14297.html,SAFE_TOKEN_SAME_BRAND,0.9860,0.7273,REVIEW,NAME_PRESENT_LOW_SCORE,,Bvlgari
493-CER,,1881 CERRUTI FOR WOMEN,VERIFIED,WEB_VERIFIED_FRAGRANTICA,327,,,https://www.fragrantica.com/perfume/Cerruti/1881-327.html,WEB_VERIFIED_FRAGRANTICA,1.0000,0.0000,REVIEW,ID_ONLY_NEEDS_LOOKUP,,
497-CHA,,CHANCE,VERIFIED,WEB_VERIFIED_FRAGRANTICA,610,,,https://www.fragrantica.com/perfume/Chanel/Chance-610.html,WEB_VERIFIED_FRAGRANTICA,1.0000,0.0000,REVIEW,ID_ONLY_NEEDS_LOOKUP,,
502-CHA,597,No 5,VERIFIED,WEB_VERIFIED_FRAGRANTICA,608,Chanel,,https://www.fragrantica.com/perfume/Chanel/Chanel-N--5-608.html,WEB_VERIFIED_FRAGRANTICA,1.0000,0.0000,REVIEW,ID_ONLY_NEEDS_LOOKUP,,Chanel
503-CHA,598,No 5 EAU PREMIER,VERIFIED,WEB_VERIFIED_FRAGRANTICA,1360,,,https://www.fragrantica.com/perfume/Chanel/Chanel-N05-Eau-Premiere-1360.html,WEB_VERIFIED_FRAGRANTICA,1.0000,0.0000,REVIEW,ID_ONLY_NEEDS_LOOKUP,,Chanel
504-CHA,599,Five L'EAU,VERIFIED,WEB_VERIFIED_FRAGRANTICA,38543,Chanel,Chanel No 5 L'Eau,https://www.fragrantica.com/p/38543,WEB_VERIFIED_FRAGRANTICA,1.0000,0.5185,REVIEW,NAME_PRESENT_LOW_SCORE,,Chanel
506-CHA,601,COCON MADEM,VERIFIED,WEB_VERIFIED_FRAGRANTICA,611,Chanel,Coco Mademoiselle,https://www.fragrantica.com/p/611,WEB_VERIFIED_FRAGRANTICA,1.0000,0.7143,REVIEW,NAME_PRESENT_LOW_SCORE,,Chanel
508-CHA,603,the fragrance Coco Black,VERIFIED,WEB_VERIFIED_FRAGRANTICA,15963,Chanel,Coco Noir,https://www.fragrantica.com/p/15963,WEB_VERIFIED_FRAGRANTICA,1.0000,0.3030,REVIEW,NAME_PRESENT_LOW_SCORE,,Chanel
510-CHL,605,Chloé,VERIFIED,WEB_VERIFIED_FRAGRANTICA,1733,,,https://www.fragrantica.com/perfume/Chloe/Chloe-Eau-de-Parfum-1733.html,WEB_VERIFIED_FRAGRANTICA,1.0000,0.0000,REVIEW,ID_ONLY_NEEDS_LOOKUP,,Chloe
523-DRC,1940,ISSIMO,VERIFIED,WEB_VERIFIED_FRAGRANTICA,224,,,https://www.fragrantica.com/perfume/Christian-Dior/Diorissimo-224.html,WEB_VERIFIED_FRAGRANTICA,1.0000,0.0000,REVIEW,ID_ONLY_NEEDS_LOOKUP,,Dior
527-DRC,620,La Collection Privee Grand Bal,VERIFIED,WEB_VERIFIED_FRAGRANTICA,14984,Dior,Dior Grand Bal,https://www.fragrantica.com/p/14984,WEB_VERIFIED_FRAGRANTICA,1.0000,0.5909,REVIEW,NAME_PRESENT_LOW_SCORE,,Dior
534-DRC,627,MISS,VERIFIED,WEB_VERIFIED_FRAGRANTICA,223,,,https://www.fragrantica.com/perfume/Christian-Dior/Miss-Dior-223.html,WEB_VERIFIED_FRAGRANTICA,1.0000,0.0000,REVIEW,ID_ONLY_NEEDS_LOOKUP,,Dior
537-DRC,630,Fragrance MISS CHERIE,VERIFIED,WEB_VERIFIED_FRAGRANTICA,213,Dior,Miss Dior Cherie,https://www.fragrantica.com/p/213,WEB_VERIFIED_FRAGRANTICA,1.0000,0.5946,REVIEW,NAME_PRESENT_LOW_SCORE,,Dior
539-DRC,2075,MISS ROSE & ROSES,VERIFIED,WEB_VERIFIED_FRAGRANTICA,58562,,,https://www.fragrantica.com/perfume/Dior/Miss-Dior-Rose-N-Roses-58562.html,WEB_VERIFIED_FRAGRANTICA,1.0000,0.0000,REVIEW,ID_ONLY_NEEDS_LOOKUP,,Dior
570-DOL,659,(RED CUP),VERIFIED,WEB_VERIFIED_FRAGRANTICA,484,,,https://www.fragrantica.com/perfume/Dolce-Gabbana/D-G-484.html,WEB_VERIFIED_FRAGRANTICA,1.0000,0.0000,REVIEW,ID_ONLY_NEEDS_LOOKUP,,Dolce & Gabbana
571-DAV,,COOL WATER,VERIFIED,WEB_VERIFIED_FRAGRANTICA,508,,,https://www.fragrantica.com/perfume/Davidoff/Cool-Water-508.html,WEB_VERIFIED_FRAGRANTICA,1.0000,0.0000,REVIEW,ID_ONLY_NEEDS_LOOKUP,,
577-DON,666,CASHMERE MIST - DKNY,VERIFIED,WEB_VERIFIED_FRAGRANTICA,496,,,https://www.fragrantica.com/perfume/Donna-Karan/Cashmere-Mist-496.html,WEB_VERIFIED_FRAGRANTICA,1.0000,0.0000,REVIEW,ID_ONLY_NEEDS_LOOKUP,,DKNY
580-DON,669,Golden-delicious-eau-de-,VERIFIED,SAFE_TOKEN_SAME_BRAND,10914,Donna Karan,DKNY Golden Delicious,https://www.fragrantica.com/perfume/Donna-Karan/DKNY-Golden-Delicious-10914.html,SAFE_TOKEN_SAME_BRAND,0.9860,0.7273,REVIEW,NAME_PRESENT_LOW_SCORE,,Donna Karan
581-DON,670,MY NY - Donna Karan,VERIFIED,WEB_VERIFIED_FRAGRANTICA,25948,Donna Karan,DKNY My NY,https://www.fragrantica.com/p/25948,WEB_VERIFIED_FRAGRANTICA,1.0000,0.3852,REVIEW,NAME_PRESENT_LOW_SCORE,,Donna Karan
589-ELI,1936,Girl of Now,VERIFIED,WEB_VERIFIED_FRAGRANTICA,45686,,,https://www.fragrantica.com/perfume/Elie-Saab/Girl-of-Now-45686.html,WEB_VERIFIED_FRAGRANTICA,1.0000,0.0000,REVIEW,ID_ONLY_NEEDS_LOOKUP,,Elie Saab
595-EMIL,683,EMILIO PUCCI,VERIFIED,WEB_VERIFIED_FRAGRANTICA,21762,,,https://www.fragrantica.com/perfume/Emilio-Pucci/Pucci-21762.html,WEB_VERIFIED_FRAGRANTICA,1.0000,0.0000,REVIEW,ID_ONLY_NEEDS_LOOKUP,,Emilio Pucci
598-ESC,686,CELEBRATE NOW - ESCADA,VERIFIED,WEB_VERIFIED_FRAGRANTICA,46180,Escada,Celebrate N.O.W.,https://www.fragrantica.com/p/46180,WEB_VERIFIED_FRAGRANTICA,1.0000,0.7429,REVIEW,NAME_PRESENT_LOW_SCORE,,Escada
601-ESC,2052,Flor-del-sol,VERIFIED,WEB_VERIFIED_FRAGRANTICA,58398,,,https://www.fragrantica.com/perfume/Escada/Flor-del-Sol-58398.html,WEB_VERIFIED_FRAGRANTICA,1.0000,0.0000,REVIEW,ID_ONLY_NEEDS_LOOKUP,,Escada
605-ESC,1766,Miami Blossom,VERIFIED,WEB_VERIFIED_FRAGRANTICA,53054,,,https://www.fragrantica.com/perfume/Escada/Miami-Blossom-53054.html,WEB_VERIFIED_FRAGRANTICA,1.0000,0.0000,REVIEW,ID_ONLY_NEEDS_LOOKUP,,Escada
606-ESC,692,MARGARETHA LEY (CLASSIC) - ESCADA,VERIFIED,WEB_VERIFIED_FRAGRANTICA,1365,Escada,Escada Margaretha Ley,https://www.fragrantica.com/p/1365,WEB_VERIFIED_FRAGRANTICA,1.0000,0.6550,REVIEW,NAME_PRESENT_LOW_SCORE,,Escada
608-ESC,1932,Moon Sparkle,VERIFIED,WEB_VERIFIED_FRAGRANTICA,1887,,,https://www.fragrantica.com/perfume/Escada/Escada-Moon-Sparkle-1887.html,WEB_VERIFIED_FRAGRANTICA,1.0000,0.0000,REVIEW,ID_ONLY_NEEDS_LOOKUP,,Escada
612-ESC,696,TURQUOISE - ESCADA,VERIFIED,WEB_VERIFIED_FRAGRANTICA,28630,,,https://www.fragrantica.com/perfume/Escada/Turquoise-Summer-28630.html,WEB_VERIFIED_FRAGRANTICA,1.0000,0.0000,REVIEW,ID_ONLY_NEEDS_LOOKUP,,Escada
616-EST,699,Beyond Paradise,VERIFIED,WEB_VERIFIED_FRAGRANTICA,530,,,https://www.fragrantica.com/perfume/Estee-Lauder/Beyond-Paradise-530.html,WEB_VERIFIED_FRAGRANTICA,1.0000,0.0000,REVIEW,ID_ONLY_NEEDS_LOOKUP,,Estee Lauder
621-EST,,BRONZE GODDESS EAU DE PARFUM (SUMMER LIMITED EDITION),VERIFIED,WEB_VERIFIED_FRAGRANTICA,11538,,,https://www.fragrantica.com/perfume/Estee-Lauder/Bronze-Goddess-2011-11538.html,WEB_VERIFIED_FRAGRANTICA,1.0000,0.0000,REVIEW,ID_ONLY_NEEDS_LOOKUP,,
622-EST,705,Cinnabar Eau de Parfum,VERIFIED,WEB_VERIFIED_FRAGRANTICA,546,,,https://www.fragrantica.com/perfume/Estee-Lauder/Cinnabar-546.html,WEB_VERIFIED_FRAGRANTICA,1.0000,0.0000,REVIEW,ID_ONLY_NEEDS_LOOKUP,,Estée Lauder
623-EST,706,ESTEE - ESTEE LAUDER,VERIFIED,WEB_VERIFIED_FRAGRANTICA,544,,,https://www.fragrantica.com/perfume/Estee-Lauder/Estee-544.html,WEB_VERIFIED_FRAGRANTICA,1.0000,0.0000,REVIEW,ID_ONLY_NEEDS_LOOKUP,,Estée Lauder
624-EST,,INTUITION FOR WOMEN,VERIFIED,WEB_VERIFIED_FRAGRANTICA,541,,,https://www.fragrantica.com/perfume/Estee-Lauder/Intuition-541.html,WEB_VERIFIED_FRAGRANTICA,1.0000,0.0000,REVIEW,ID_ONLY_NEEDS_LOOKUP,,
632-EST,715,JASMIN WHITE MOSS - ESTEE LAUDER,VERIFIED,SAFE_TOKEN_SAME_BRAND,6066,Estee Lauder,Private Collection Jasmin White Moss,https://www.fragrantica.com/perfume/Estee-Lauder/Private-Collection-Jasmin-White-Moss-6066.html,SAFE_TOKEN_SAME_BRAND,0.9760,0.5152,REVIEW,NAME_PRESENT_LOW_SCORE,,Estee Lauder
637-EST,2145,Spellbound,VERIFIED,WEB_VERIFIED_FRAGRANTICA,552,,,https://www.fragrantica.com/perfume/Est-e-Lauder/SpellBound-552.html,WEB_VERIFIED_FRAGRANTICA,1.0000,0.0000,REVIEW,ID_ONLY_NEEDS_LOOKUP,,Estee Lauder
639-FEN,721,FENDI Woman,VERIFIED,WEB_VERIFIED_FRAGRANTICA,200,,,https://www.fragrantica.com/perfume/Fendi/Fendi-200.html,WEB_VERIFIED_FRAGRANTICA,1.0000,0.0000,REVIEW,ID_ONLY_NEEDS_LOOKUP,,Fendi
640-FEN,722,L'ACQUA ROSSA - FENDI,VERIFIED,WEB_VERIFIED_FRAGRANTICA,18706,Fendi,L'Acquarossa,https://www.fragrantica.com/p/18706,WEB_VERIFIED_FRAGRANTICA,1.0000,0.7742,REVIEW,NAME_PRESENT_LOW_SCORE,,Fendi
649-ARM,729,Armani Code Turquoise,VERIFIED,WEB_VERIFIED_FRAGRANTICA,30323,,,https://www.fragrantica.com/perfume/Giorgio-Armani/Armani-Code-Turquoise-for-Women-30323.html,WEB_VERIFIED_FRAGRANTICA,1.0000,0.0000,REVIEW,ID_ONLY_NEEDS_LOOKUP,,Giorgio Armani
651-ARM,731,LEI/ELLE/SHE/ELLA,VERIFIED,WEB_VERIFIED_FRAGRANTICA,417,Giorgio Armani,Emporio Armani Lei,https://www.fragrantica.com/p/417,WEB_VERIFIED_FRAGRANTICA,1.0000,0.1714,REVIEW,NAME_PRESENT_LOW_SCORE,,Giorgio Armani
673-GRS,,CABOTIN,VERIFIED,WEB_VERIFIED_FRAGRANTICA,1061,,,https://www.fragrantica.com/perfume/Gres/Cabotine-1061.html,WEB_VERIFIED_FRAGRANTICA,1.0000,0.0000,REVIEW,ID_ONLY_NEEDS_LOOKUP,,
674-GUC,,BAMBOO,VERIFIED,WEB_VERIFIED_FRAGRANTICA,30815,,,https://www.fragrantica.com/perfume/Gucci/Gucci-Bamboo-30815.html,WEB_VERIFIED_FRAGRANTICA,1.0000,0.0000,REVIEW,ID_ONLY_NEEDS_LOOKUP,,
675-GUC,751,Bloom,VERIFIED,WEB_VERIFIED_FRAGRANTICA,44894,,,https://www.fragrantica.com/perfume/Gucci/Gucci-Bloom-44894.html,WEB_VERIFIED_FRAGRANTICA,1.0000,0.0000,REVIEW,ID_ONLY_NEEDS_LOOKUP,,Gucci
677-GUC,2078,G by G,VERIFIED,WEB_VERIFIED_FRAGRANTICA,1150,,,https://www.fragrantica.com/perfume/Gucci/Gucci-by-Gucci-1150.html,WEB_VERIFIED_FRAGRANTICA,1.0000,0.0000,REVIEW,ID_ONLY_NEEDS_LOOKUP,,Gucci
678-GUC,753,Guilty,VERIFIED,WEB_VERIFIED_FRAGRANTICA,9677,,,https://www.fragrantica.com/perfume/Gucci/Gucci-Guilty-9677.html,WEB_VERIFIED_FRAGRANTICA,1.0000,0.0000,REVIEW,ID_ONLY_NEEDS_LOOKUP,,Gucci
681-GUC,755,Rush,VERIFIED,WEB_VERIFIED_FRAGRANTICA,686,,,https://www.fragrantica.com/perfume/Gucci/Gucci-Rush-686.html,WEB_VERIFIED_FRAGRANTICA,1.0000,0.0000,REVIEW,ID_ONLY_NEEDS_LOOKUP,,Gucci
689-GUR,2149,MITSOUKO EAU DE PARFUM - GUERLAIN,VERIFIED,WEB_VERIFIED_FRAGRANTICA,25316,,,https://www.fragrantica.com/perfume/Guerlain/Mitsouko-Eau-de-Parfum-25316.html,WEB_VERIFIED_FRAGRANTICA,1.0000,0.0000,REVIEW,ID_ONLY_NEEDS_LOOKUP,,Guerlain
692-GUR,,SAMSARA,VERIFIED,WEB_VERIFIED_FRAGRANTICA,55,,,https://www.fragrantica.com/perfume/Guerlain/Samsara-Eau-de-Parfum-55.html,WEB_VERIFIED_FRAGRANTICA,1.0000,0.0000,REVIEW,ID_ONLY_NEEDS_LOOKUP,,
695-GUE,764,Dare,VERIFIED,WEB_VERIFIED_FRAGRANTICA,26415,,,https://www.fragrantica.com/perfume/Guess/Guess-Dare-26415.html,WEB_VERIFIED_FRAGRANTICA,1.0000,0.0000,REVIEW,ID_ONLY_NEEDS_LOOKUP,,Guess
696-GLA,,FIDJI,VERIFIED,WEB_VERIFIED_FRAGRANTICA,2068,,,https://www.fragrantica.com/perfume/guy-laroche/fidji-2068.html,WEB_VERIFIED_FRAGRANTICA,1.0000,0.0000,REVIEW,ID_ONLY_NEEDS_LOOKUP,,
710-HUG,777,BOSS JOUR - HUGO BOSS,VERIFIED,WEB_VERIFIED_FRAGRANTICA,18385,,,https://www.fragrantica.com/perfume/Hugo-Boss/Boss-Jour-Pour-Femme-18385.html,WEB_VERIFIED_FRAGRANTICA,1.0000,0.0000,REVIEW,ID_ONLY_NEEDS_LOOKUP,,Hugo Boss
713-HUG,780,MA VIE - HUGO BOSS,VERIFIED,WEB_VERIFIED_FRAGRANTICA,25298,,,https://www.fragrantica.com/perfume/Hugo-Boss/Boss-Ma-Vie-Pour-Femme-25298.html,WEB_VERIFIED_FRAGRANTICA,1.0000,0.0000,REVIEW,ID_ONLY_NEEDS_LOOKUP,,Hugo Boss
714-HUG,781,BOSS The Scent for Her Eau de Parfum,VERIFIED,WEB_VERIFIED_FRAGRANTICA,38998,,,https://www.fragrantica.com/perfume/Hugo-Boss/Boss-The-Scent-For-Her-38998.html,WEB_VERIFIED_FRAGRANTICA,1.0000,0.0000,REVIEW,ID_ONLY_NEEDS_LOOKUP,,Hugo Boss
717-ISS,784,CLASSIC - ISSEY MIYAKE,VERIFIED,WEB_VERIFIED_FRAGRANTICA,720,,,https://www.fragrantica.com/perfume/Issey-Miyake/L-eau-d-Issey-720.html,WEB_VERIFIED_FRAGRANTICA,1.0000,0.0000,REVIEW,ID_ONLY_NEEDS_LOOKUP,,Issey Miyake
727-JEN,791,JLuxe,VERIFIED,WEB_VERIFIED_FRAGRANTICA,29758,,,https://www.fragrantica.com/perfume/Jennifer-Lopez/JLuxe-29758.html,WEB_VERIFIED_FRAGRANTICA,1.0000,0.0000,REVIEW,ID_ONLY_NEEDS_LOOKUP,,Jennifer Lopez
729-JIM,793,Blossom,VERIFIED,WEB_VERIFIED_FRAGRANTICA,29165,,,https://www.fragrantica.com/perfume/Jimmy-Choo/Jimmy-Choo-Blossom-29165.html,WEB_VERIFIED_FRAGRANTICA,1.0000,0.0000,REVIEW,ID_ONLY_NEEDS_LOOKUP,,Jimmy Choo
731-JIM,1771,Fever,VERIFIED,WEB_VERIFIED_FRAGRANTICA,49615,,,https://www.fragrantica.com/perfume/Jimmy-Choo/Jimmy-Choo-Fever-49615.html,WEB_VERIFIED_FRAGRANTICA,1.0000,0.0000,REVIEW,ID_ONLY_NEEDS_LOOKUP,,Jimmy Choo
732-JIM,795,JIMMY CHOO,VERIFIED,EXACT_PERFUME_BRAND_TEXT,17223,Jimmy Choo,Flash,https://www.fragrantica.com/perfume/Jimmy-Choo/Flash-17223.html,EXACT_PERFUME_BRAND_TEXT,1.0000,0.1333,REVIEW,NAME_PRESENT_LOW_SCORE,,Jimmy Choo
734-JIM,797,Eau de Parfum (Eau de Parfum),VERIFIED,EXACT_BRAND_CLEAN_NAME,10573,Jimmy Choo,Jimmy Choo,https://www.fragrantica.com/perfume/Jimmy-Choo/Jimmy-Choo-10573.html,EXACT_BRAND_CLEAN_NAME,1.0000,0.0000,REVIEW,NAME_PRESENT_LOW_SCORE,,Jimmy Choo
735-JIM,798,Stars,VERIFIED,SAFE_TOKEN_SAME_BRAND,10573,Jimmy Choo,Jimmy Choo,https://www.fragrantica.com/perfume/Jimmy-Choo/Jimmy-Choo-10573.html,SAFE_TOKEN_SAME_BRAND,0.9560,0.0000,REVIEW,NAME_PRESENT_LOW_SCORE,,Jimmy Choo
736-JUI,799,Couture Couture,VERIFIED,WEB_VERIFIED_FRAGRANTICA,6496,,,https://www.fragrantica.com/perfume/Juicy-Couture/Couture-Couture-6496.html,WEB_VERIFIED_FRAGRANTICA,1.0000,0.0000,REVIEW,ID_ONLY_NEEDS_LOOKUP,,Juicy Couture
737-JUI,800,Malibu,VERIFIED,WEB_VERIFIED_FRAGRANTICA,22956,,,https://www.fragrantica.com/perfume/Juicy-Couture/Juicy-Couture-Malibu-22956.html,WEB_VERIFIED_FRAGRANTICA,1.0000,0.0000,REVIEW,ID_ONLY_NEEDS_LOOKUP,,Juicy Couture
738-JUI,,VIVA LA JUICY,VERIFIED,WEB_VERIFIED_FRAGRANTICA,4410,,,https://www.fragrantica.com/perfume/Juicy-Couture/Viva-la-Juicy-4410.html,WEB_VERIFIED_FRAGRANTICA,1.0000,0.0000,REVIEW,ID_ONLY_NEEDS_LOOKUP,,
739-JUI,802,Viva La Juicy Gold Couture,VERIFIED,WEB_VERIFIED_FRAGRANTICA,25753,,,https://www.fragrantica.com/perfume/Juicy-Couture/Viva-la-Juicy-Gold-Couture-25753.html,WEB_VERIFIED_FRAGRANTICA,1.0000,0.0000,REVIEW,ID_ONLY_NEEDS_LOOKUP,,Juicy Couture
740-JUI,1910,VIVA LA JUICY LUXE PARFUM - JUICY COUTURE,VERIFIED,WEB_VERIFIED_FRAGRANTICA,22574,,,https://www.fragrantica.com/perfume/Juicy-Couture/Viva-La-Juicy-Luxe-Parfum-22574.html,WEB_VERIFIED_FRAGRANTICA,1.0000,0.0000,REVIEW,ID_ONLY_NEEDS_LOOKUP,,Juicy Couture
741-JUI,803,Viva La Juicy Rosé,VERIFIED,WEB_VERIFIED_FRAGRANTICA,33567,,,https://www.fragrantica.com/perfume/Juicy-Couture/Viva-La-Juicy-Rose-33567.html,WEB_VERIFIED_FRAGRANTICA,1.0000,0.0000,REVIEW,ID_ONLY_NEEDS_LOOKUP,,Juicy Couture
742-JUI,804,VIVA LA JUICY SUCRE - COUTURE,VERIFIED,WEB_VERIFIED_FRAGRANTICA,42053,,,https://www.fragrantica.com/perfume/Juicy-Couture/Viva-La-Juicy-Sucre-42053.html,WEB_VERIFIED_FRAGRANTICA,1.0000,0.0000,REVIEW,ID_ONLY_NEEDS_LOOKUP,,Juicy Couture
743-JUS,805,Girlfriend,VERIFIED,WEB_VERIFIED_FRAGRANTICA,15287,,,https://www.fragrantica.com/perfume/Justin-Bieber/Girlfriend-15287.html,WEB_VERIFIED_FRAGRANTICA,1.0000,0.0000,REVIEW,ID_ONLY_NEEDS_LOOKUP,,Justin Bieber
744-JUS,806,The Key,VERIFIED,WEB_VERIFIED_FRAGRANTICA,18665,,,https://www.fragrantica.com/perfume/Justin-Bieber/The-Key-18665.html,WEB_VERIFIED_FRAGRANTICA,1.0000,0.0000,REVIEW,ID_ONLY_NEEDS_LOOKUP,,Justin Bieber
745-KAR,807,Karl Lagerfeld for Her Eau de Parfum,VERIFIED,WEB_VERIFIED_FRAGRANTICA,24068,,,https://www.fragrantica.com/perfume/Karl-Lagerfeld/Karl-Lagerfeld-for-Her-24068.html,WEB_VERIFIED_FRAGRANTICA,1.0000,0.0000,REVIEW,ID_ONLY_NEEDS_LOOKUP,,Karl Lagerfeld
746-KAR,808,Ocean View,VERIFIED,WEB_VERIFIED_FRAGRANTICA,35570,,,https://www.fragrantica.com/perfume/Karl-Lagerfeld/Ocean-View-for-Women-35570.html,WEB_VERIFIED_FRAGRANTICA,1.0000,0.0000,REVIEW,ID_ONLY_NEEDS_LOOKUP,,Karl Lagerfeld
755-KEN,817,SUMMER - KENZO,VERIFIED,WEB_VERIFIED_FRAGRANTICA,76,,,https://www.fragrantica.com/perfume/Kenzo/Summer-by-Kenzo-76.html,WEB_VERIFIED_FRAGRANTICA,1.0000,0.0000,REVIEW,ID_ONLY_NEEDS_LOOKUP,,Kenzo
770-LAP,825,Midnight Rain,VERIFIED,WEB_VERIFIED_FRAGRANTICA,824,,,https://www.fragrantica.com/perfume/La-Prairie/Midnight-Rain-824.html,WEB_VERIFIED_FRAGRANTICA,1.0000,0.0000,REVIEW,ID_ONLY_NEEDS_LOOKUP,,La Prairie
771-LAP,826,Silver Rain,VERIFIED,WEB_VERIFIED_FRAGRANTICA,823,,,https://www.fragrantica.com/perfume/La-Prairie/Silver-Rain-823.html,WEB_VERIFIED_FRAGRANTICA,1.0000,0.0000,REVIEW,ID_ONLY_NEEDS_LOOKUP,,La Prairie
772-LAD,827,Fame,VERIFIED,WEB_VERIFIED_FRAGRANTICA,15338,,,https://www.fragrantica.com/perfume/Lady-Gaga/Fame-15338.html,WEB_VERIFIED_FRAGRANTICA,1.0000,0.0000,REVIEW,ID_ONLY_NEEDS_LOOKUP,,Lady Gaga
799-LANV,846,Eclat-d-arpege-eau-de-,VERIFIED,WEB_VERIFIED_FRAGRANTICA,988,,,https://www.fragrantica.com/perfume/Lanvin/Eclat-d-Arpege-988.html,WEB_VERIFIED_FRAGRANTICA,1.0000,0.0000,REVIEW,ID_ONLY_NEEDS_LOOKUP,,Lanvin
800-LANV,847,Me,VERIFIED,WEB_VERIFIED_FRAGRANTICA,17701,,,https://www.fragrantica.com/perfume/Lanvin/Lanvin-Me-17701.html,WEB_VERIFIED_FRAGRANTICA,1.0000,0.0000,REVIEW,ID_ONLY_NEEDS_LOOKUP,,Lanvin
801-LANV,848,Marry Me,VERIFIED,WEB_VERIFIED_FRAGRANTICA,9405,,,https://www.fragrantica.com/perfume/Lanvin/Marry-Me-9405.html,WEB_VERIFIED_FRAGRANTICA,1.0000,0.0000,REVIEW,ID_ONLY_NEEDS_LOOKUP,,Lanvin
802-LBI,1913,VENEZIA - LAURA BIAGIOTTI,VERIFIED,WEB_VERIFIED_FRAGRANTICA,625,,,https://www.fragrantica.com/perfume/Laura-Biagiotti/Venezia-625.html,WEB_VERIFIED_FRAGRANTICA,1.0000,0.0000,REVIEW,ID_ONLY_NEEDS_LOOKUP,,Laura Biagiotti
805-LOL,850,L DE LOLITA LEMPICKA,VERIFIED,WEB_VERIFIED_FRAGRANTICA,455,,,https://www.fragrantica.com/perfume/Lolita-Lempicka/L-de-Lolita-Lempicka-455.html,WEB_VERIFIED_FRAGRANTICA,1.0000,0.0000,REVIEW,ID_ONLY_NEEDS_LOOKUP,,Lolita Lempicka
806-LOL,851,L Eau Jolie,VERIFIED,WEB_VERIFIED_FRAGRANTICA,17936,,,https://www.fragrantica.com/perfume/Lolita-Lempicka/L-Eau-Jolie-17936.html,WEB_VERIFIED_FRAGRANTICA,1.0000,0.0000,REVIEW,ID_ONLY_NEEDS_LOOKUP,,Lolita Lempicka
807-LOL,852,LOLITA - LOLITA LEMPICKA,VERIFIED,WEB_VERIFIED_FRAGRANTICA,456,,,https://www.fragrantica.com/perfume/Lolita-Lempicka/Lolita-Lempicka-456.html,WEB_VERIFIED_FRAGRANTICA,1.0000,0.0000,REVIEW,ID_ONLY_NEEDS_LOOKUP,,Lolita Lempicka
808-LOL,1915,Sweet,VERIFIED,WEB_VERIFIED_FRAGRANTICA,28177,,,https://www.fragrantica.com/perfume/Lolita-Lempicka/Sweet-28177.html,WEB_VERIFIED_FRAGRANTICA,1.0000,0.0000,REVIEW,ID_ONLY_NEEDS_LOOKUP,,Lolita Lempicka
816-MAX,861,MAX MARA,VERIFIED,WEB_VERIFIED_FRAGRANTICA,204,,,https://www.fragrantica.com/perfume/Max-Mara/Max-Mara-204.html,WEB_VERIFIED_FRAGRANTICA,1.0000,0.0000,REVIEW,ID_ONLY_NEEDS_LOOKUP,,Max Mara
817-MIC,862,Gold Collection  24k Brilliant Gold,VERIFIED,WEB_VERIFIED_FRAGRANTICA,31341,,,https://www.fragrantica.com/perfume/Michael-Kors/24K-Brilliant-Gold-31341.html,WEB_VERIFIED_FRAGRANTICA,1.0000,0.0000,REVIEW,ID_ONLY_NEEDS_LOOKUP,,Michael Kors
818-MIC,863,Michael Kors Coral,VERIFIED,WEB_VERIFIED_FRAGRANTICA,32739,,,https://www.fragrantica.com/perfume/Michael-Kors/Coral-32739.html,WEB_VERIFIED_FRAGRANTICA,1.0000,0.0000,REVIEW,ID_ONLY_NEEDS_LOOKUP,,Michael Kors
819-MIC,864,SEXY AMBER - KORS,VERIFIED,WEB_VERIFIED_FRAGRANTICA,18161,,,https://www.fragrantica.com/perfume/Michael-Kors/Sexy-Amber-18161.html,WEB_VERIFIED_FRAGRANTICA,1.0000,0.0000,REVIEW,ID_ONLY_NEEDS_LOOKUP,,Michael Kors
820-MIC,865,SEXY RIO DE JANEIRO KORS,VERIFIED,WEB_VERIFIED_FRAGRANTICA,27497,,,https://www.fragrantica.com/perfume/Michael-Kors/Sexy-Rio-de-Janeiro-27497.html,WEB_VERIFIED_FRAGRANTICA,1.0000,0.0000,REVIEW,ID_ONLY_NEEDS_LOOKUP,,Michael Kors
821-MIC,866,SEXY SUNSET - KORS,VERIFIED,WEB_VERIFIED_FRAGRANTICA,34276,,,https://www.fragrantica.com/perfume/Michael-Kors/Sexy-Sunset-34276.html,WEB_VERIFIED_FRAGRANTICA,1.0000,0.0000,REVIEW,ID_ONLY_NEEDS_LOOKUP,,Michael Kors
822-MIC,867,Sexy-ruby-glam-ruby,VERIFIED,WEB_VERIFIED_FRAGRANTICA,46182,,,https://www.fragrantica.com/perfume/Michael-Kors/Sexy-Ruby-46182.html,WEB_VERIFIED_FRAGRANTICA,1.0000,0.0000,REVIEW,ID_ONLY_NEEDS_LOOKUP,,Michael Kors
823-MIC,868,Sporty Citrus,VERIFIED,WEB_VERIFIED_FRAGRANTICA,18160,,,https://www.fragrantica.com/perfume/Michael-Kors/Sporty-Citrus-18160.html,WEB_VERIFIED_FRAGRANTICA,1.0000,0.0000,REVIEW,ID_ONLY_NEEDS_LOOKUP,,Michael Kors
824-MIC,869,Gold Collection  White Luminous Gold,VERIFIED,WEB_VERIFIED_FRAGRANTICA,31343,,,https://www.fragrantica.com/perfume/Michael-Kors/White-Luminous-Gold-31343.html,WEB_VERIFIED_FRAGRANTICA,1.0000,0.0000,REVIEW,ID_ONLY_NEEDS_LOOKUP,,Michael Kors
825-MIC,870,Wonderlust,VERIFIED,WEB_VERIFIED_FRAGRANTICA,39459,,,https://www.fragrantica.com/perfume/Michael-Kors/Wonderlust-39459.html,WEB_VERIFIED_FRAGRANTICA,1.0000,0.0000,REVIEW,ID_ONLY_NEEDS_LOOKUP,,Michael Kors
827-MISN,871,Missoni,VERIFIED,WEB_VERIFIED_FRAGRANTICA,1069,,,https://www.fragrantica.com/perfume/Missoni/Missoni-1069.html,WEB_VERIFIED_FRAGRANTICA,1.0000,0.0000,REVIEW,ID_ONLY_NEEDS_LOOKUP,,Missoni
828-MIY,,L' EAU BLEUE,VERIFIED,WEB_VERIFIED_FRAGRANTICA,42720,,,https://www.fragrantica.com/perfume/Miu-Miu/Miu-Miu-L-Eau-Bleue-42720.html,WEB_VERIFIED_FRAGRANTICA,1.0000,0.0000,REVIEW,ID_ONLY_NEEDS_LOOKUP,,
829-MNTB,873,FEMME - MONT BLANC,VERIFIED,WEB_VERIFIED_FRAGRANTICA,833,,,https://www.fragrantica.com/perfume/Mont-Blanc/Femme-de-Montblanc-833.html,WEB_VERIFIED_FRAGRANTICA,1.0000,0.0000,REVIEW,ID_ONLY_NEEDS_LOOKUP,,Montblanc
831-MOS,875,Cheap And Chic,VERIFIED,WEB_VERIFIED_FRAGRANTICA,727,,,https://www.fragrantica.com/perfume/Moschino/Cheap-Chic-727.html,WEB_VERIFIED_FRAGRANTICA,1.0000,0.0000,REVIEW,ID_ONLY_NEEDS_LOOKUP,,Moschino
834-MOS,1890,Cheap  Chic  So Real,VERIFIED,SAFE_TOKEN_SAME_BRAND,46867,Moschino,So Real Cheap Chic,https://www.fragrantica.com/perfume/Moschino/So-Real-Cheap-Chic-46867.html,SAFE_TOKEN_SAME_BRAND,0.9440,0.7778,REVIEW,NAME_PRESENT_LOW_SCORE,,Moschino
840-NAO,883,Naomi Campbell,VERIFIED,WEB_VERIFIED_FRAGRANTICA,905,,,https://www.fragrantica.com/perfume/Naomi-Campbell/Naomi-Campbell-905.html,WEB_VERIFIED_FRAGRANTICA,1.0000,0.0000,REVIEW,ID_ONLY_NEEDS_LOOKUP,,Naomi Campbell
841-NRO,885,FLEUR MUSK FOR HER - RODRIGUEZ,VERIFIED,WEB_VERIFIED_FRAGRANTICA,42580,,,https://www.fragrantica.com/perfume/Narciso-Rodriguez/Fleur-Musc-for-Her-42580.html,WEB_VERIFIED_FRAGRANTICA,1.0000,0.0000,REVIEW,ID_ONLY_NEEDS_LOOKUP,,Narciso Rodriguez
842-NRO,884,FOR HER BLACK EDP - NARCISO RODRIGUEZ,VERIFIED,SAFE_TOKEN_SAME_BRAND,14319,Narciso Rodriguez,Narciso Rodriguez for Her Eau de Parfum,https://www.fragrantica.com/perfume/Narciso-Rodriguez/Narciso-Rodriguez-for-Her-Eau-de-Parfum-14319.html,SAFE_TOKEN_SAME_BRAND,0.9440,0.7036,REVIEW,NAME_PRESENT_LOW_SCORE,,Narciso Rodriguez
843-NRO,887,FOR HER PINK EAU DE TOILETTE - RODRIGUEZ,VERIFIED,WEB_VERIFIED_FRAGRANTICA,209,,,https://www.fragrantica.com/perfume/Narciso-Rodriguez/Narciso-Rodriguez-For-Her-209.html,WEB_VERIFIED_FRAGRANTICA,1.0000,0.0000,REVIEW,ID_ONLY_NEEDS_LOOKUP,,Narciso Rodriguez
848-NRO,1775,PURE MUSK FOR HER - NARCISO RODRIGUEZ,VERIFIED,SAFE_TOKEN_SAME_BRAND,209,Narciso Rodriguez,Narciso Rodriguez For Her,https://www.fragrantica.com/perfume/Narciso-Rodriguez/Narciso-Rodriguez-For-Her-209.html,SAFE_TOKEN_SAME_BRAND,0.9440,0.6167,REVIEW,NAME_PRESENT_LOW_SCORE,,Narciso Rodriguez
850-NIN,,L'AIR DU TEMPS,VERIFIED,WEB_VERIFIED_FRAGRANTICA,1014,,,https://www.fragrantica.com/perfume/Nina-Ricci/L-Air-du-Temps-1014.html,WEB_VERIFIED_FRAGRANTICA,1.0000,0.0000,REVIEW,ID_ONLY_NEEDS_LOOKUP,,
851-NIN,893,L Extase,VERIFIED,WEB_VERIFIED_FRAGRANTICA,29668,,,https://www.fragrantica.com/perfume/Nina-Ricci/L-Extase-29668.html,WEB_VERIFIED_FRAGRANTICA,1.0000,0.0000,REVIEW,ID_ONLY_NEEDS_LOOKUP,,Nina Ricci
852-NIN,894,Luna,VERIFIED,WEB_VERIFIED_FRAGRANTICA,39376,,,https://www.fragrantica.com/perfume/Nina-Ricci/Luna-39376.html,WEB_VERIFIED_FRAGRANTICA,1.0000,0.0000,REVIEW,ID_ONLY_NEEDS_LOOKUP,,Nina Ricci
853-NIN,895,NINA,VERIFIED,WEB_VERIFIED_FRAGRANTICA,147,,,https://www.fragrantica.com/perfume/Nina-Ricci/Nina-147.html,WEB_VERIFIED_FRAGRANTICA,1.0000,0.0000,REVIEW,ID_ONLY_NEEDS_LOOKUP,,Nina Ricci
854-NIN,1819,the fragrance otes of NINA ROUGE,VERIFIED,WEB_VERIFIED_FRAGRANTICA,56162,,,https://www.fragrantica.com/perfume/Nina-Ricci/Nina-Rouge-56162.html,WEB_VERIFIED_FRAGRANTICA,1.0000,0.0000,REVIEW,ID_ONLY_NEEDS_LOOKUP,,Nina Ricci
857-ONE,898,You  I,VERIFIED,WEB_VERIFIED_FRAGRANTICA,26663,,,https://www.fragrantica.com/perfume/One-Direction/You-I-26663.html,WEB_VERIFIED_FRAGRANTICA,1.0000,0.0000,REVIEW,ID_ONLY_NEEDS_LOOKUP,,One Direction
867-PAL,,PALOMA PICASSO,VERIFIED,WEB_VERIFIED_FRAGRANTICA,1009,,,https://www.fragrantica.com/perfume/Paloma-Picasso/Paloma-Picasso-1009.html,WEB_VERIFIED_FRAGRANTICA,1.0000,0.0000,REVIEW,ID_ONLY_NEEDS_LOOKUP,,
868-PARH,908,Heiress Limited Edition Eau de Parfum (2015),VERIFIED,WEB_VERIFIED_FRAGRANTICA,32365,,,https://www.fragrantica.com/perfume/Paris-Hilton/Heiress-Limited-Edition-32365.html,WEB_VERIFIED_FRAGRANTICA,1.0000,0.0000,REVIEW,ID_ONLY_NEEDS_LOOKUP,,Paris Hilton
869-PIER,909,EXTATIC - PIERRE BALMAIN,VERIFIED,WEB_VERIFIED_FRAGRANTICA,22817,,,https://www.fragrantica.com/perfume/Pierre-Balmain/Extatic-22817.html,WEB_VERIFIED_FRAGRANTICA,1.0000,0.0000,REVIEW,ID_ONLY_NEEDS_LOOKUP,,Pierre Balmain
870-PIER,910,EXTATIC INTENSE GOLD - PIERRE BALMAIN,VERIFIED,WEB_VERIFIED_FRAGRANTICA,28047,,,https://www.fragrantica.com/perfume/Pierre-Balmain/Extatic-Intense-Gold-28047.html,WEB_VERIFIED_FRAGRANTICA,1.0000,0.0000,REVIEW,ID_ONLY_NEEDS_LOOKUP,,Pierre Balmain
871-PIER,911,IVOIRE - PIERRE BALMAIN,VERIFIED,WEB_VERIFIED_FRAGRANTICA,15557,,,https://www.fragrantica.com/perfume/Pierre-Balmain/Ivoire-15557.html,WEB_VERIFIED_FRAGRANTICA,1.0000,0.0000,REVIEW,ID_ONLY_NEEDS_LOOKUP,,Pierre Balmain
872-PRA,912,Candy,VERIFIED,WEB_VERIFIED_FRAGRANTICA,12426,,,https://www.fragrantica.com/perfume/Prada/Prada-Candy-12426.html,WEB_VERIFIED_FRAGRANTICA,1.0000,0.0000,REVIEW,ID_ONLY_NEEDS_LOOKUP,,Prada
892-RCAV,930,JUST HER - ROBERTO CAVALLI,VERIFIED,WEB_VERIFIED_FRAGRANTICA,847,Roberto Cavalli,Just Cavalli Her,https://www.fragrantica.com/perfume/Roberto-Cavalli/Just-Cavalli-Her-847.html,WEB_VERIFIED_FRAGRANTICA,1.0000,0.6750,REVIEW,NAME_PRESENT_LOW_SCORE,,Roberto Cavalli
893-RCAV,931,NERO ASSOLUTO - CAVALLI,VERIFIED,WEB_VERIFIED_FRAGRANTICA,18833,Roberto Cavalli,Roberto Cavalli Nero Assoluto,https://www.fragrantica.com/perfume/Roberto-Cavalli/Roberto-Cavalli-Nero-Assoluto-18833.html,WEB_VERIFIED_FRAGRANTICA,1.0000,0.6350,REVIEW,NAME_PRESENT_LOW_SCORE,,Roberto Cavalli
894-RCAV,932,Paradiso,VERIFIED,WEB_VERIFIED_FRAGRANTICA,28609,,,https://www.fragrantica.com/perfume/Roberto-Cavalli/Paradiso-28609.html,WEB_VERIFIED_FRAGRANTICA,1.0000,0.0000,REVIEW,ID_ONLY_NEEDS_LOOKUP,,Roberto Cavalli
895-RCAV,933,SERPENTINE - CAVALLI,VERIFIED,WEB_VERIFIED_FRAGRANTICA,837,,,https://www.fragrantica.com/perfume/Roberto-Cavalli/Serpentine-837.html,WEB_VERIFIED_FRAGRANTICA,1.0000,0.0000,REVIEW,ID_ONLY_NEEDS_LOOKUP,,Roberto Cavalli
896-RCAV,2213,Splendid-vanilla,VERIFIED,WEB_VERIFIED_FRAGRANTICA,58538,,,https://www.fragrantica.com/perfume/Roberto-Cavalli/Splendid-Vanilla-58538.html,WEB_VERIFIED_FRAGRANTICA,1.0000,0.0000,REVIEW,ID_ONLY_NEEDS_LOOKUP,,Roberto Cavalli
897-RCAV,934,Tiger Oud,VERIFIED,WEB_VERIFIED_FRAGRANTICA,22194,,,https://www.fragrantica.com/perfume/Roberto-Cavalli/Roberto-Cavalli-Tiger-Oud-22194.html,WEB_VERIFIED_FRAGRANTICA,1.0000,0.0000,REVIEW,ID_ONLY_NEEDS_LOOKUP,,Roberto Cavalli
898-ROC,935,AQUA WOMAN - ROCHAS,VERIFIED,WEB_VERIFIED_FRAGRANTICA,1427,,,https://www.fragrantica.com/perfume/Rochas/Aquawoman-1427.html,WEB_VERIFIED_FRAGRANTICA,1.0000,0.0000,REVIEW,ID_ONLY_NEEDS_LOOKUP,,Rochas
899-ROC,936,MADEMOISSELE - ROCHAS,VERIFIED,WEB_VERIFIED_FRAGRANTICA,43205,,,https://www.fragrantica.com/perfume/Rochas/Mademoiselle-Rochas-43205.html,WEB_VERIFIED_FRAGRANTICA,1.0000,0.0000,REVIEW,ID_ONLY_NEEDS_LOOKUP,,Rochas
901-ROG,,ROSE,VERIFIED,WEB_VERIFIED_FRAGRANTICA,3482,,,https://www.fragrantica.com/perfume/Roger-Gallet/Rose-3482.html,WEB_VERIFIED_FRAGRANTICA,1.0000,0.0000,REVIEW,ID_ONLY_NEEDS_LOOKUP,,
902-SALV,940,Dalissime,VERIFIED,WEB_VERIFIED_FRAGRANTICA,970,,,https://www.fragrantica.com/perfume/Salvador-Dali/Dalissime-970.html,WEB_VERIFIED_FRAGRANTICA,1.0000,0.0000,REVIEW,ID_ONLY_NEEDS_LOOKUP,,Salvador Dali
904-SALV,939,SALVADOR DALI fragrances,VERIFIED,WEB_VERIFIED_FRAGRANTICA,765,,,https://www.fragrantica.com/perfume/Salvador-Dali/Salvador-Dali-765.html,WEB_VERIFIED_FRAGRANTICA,1.0000,0.0000,REVIEW,ID_ONLY_NEEDS_LOOKUP,,Salvador Dali
905-SFER,941,AMO - S.FERRAGAMO,VERIFIED,WEB_VERIFIED_FRAGRANTICA,46832,,,https://www.fragrantica.com/perfume/Salvatore-Ferragamo/Amo-Ferragamo-46832.html,WEB_VERIFIED_FRAGRANTICA,1.0000,0.0000,REVIEW,ID_ONLY_NEEDS_LOOKUP,,Salvatore Ferragamo
906-SFER,942,EMOZIONE - S.FERRAGAMO,VERIFIED,WEB_VERIFIED_FRAGRANTICA,28117,,,https://www.fragrantica.com/perfume/Salvatore-Ferragamo/Emozione-28117.html,WEB_VERIFIED_FRAGRANTICA,1.0000,0.0000,REVIEW,ID_ONLY_NEEDS_LOOKUP,,Salvatore Ferragamo
907-SFER,943,SIGNORINA - FERRAGAMO,VERIFIED,WEB_VERIFIED_FRAGRANTICA,13639,,,https://www.fragrantica.com/perfume/Salvatore-Ferragamo/Signorina-13639.html,WEB_VERIFIED_FRAGRANTICA,1.0000,0.0000,REVIEW,ID_ONLY_NEEDS_LOOKUP,,Salvatore Ferragamo
908-SFER,944,SIGNORINA MISTERIOSA - FERRAGAMO,VERIFIED,WEB_VERIFIED_FRAGRANTICA,32646,,,https://www.fragrantica.com/perfume/Salvatore-Ferragamo/Signorina-Misteriosa-32646.html,WEB_VERIFIED_FRAGRANTICA,1.0000,0.0000,REVIEW,ID_ONLY_NEEDS_LOOKUP,,Salvatore Ferragamo
909-SFER,945,TUSCAN SCENT WHITE MIMOSA - FERRAGAMO,VERIFIED,WEB_VERIFIED_FRAGRANTICA,26777,,,https://www.fragrantica.com/perfume/Salvatore-Ferragamo/White-Mimosa-26777.html,WEB_VERIFIED_FRAGRANTICA,1.0000,0.0000,REVIEW,ID_ONLY_NEEDS_LOOKUP,,Salvatore Ferragamo
910-SARJ,,LOVELY,VERIFIED,WEB_VERIFIED_FRAGRANTICA,993,,,https://www.fragrantica.com/perfume/Sarah-Jessica-Parker/Lovely-993.html,WEB_VERIFIED_FRAGRANTICA,1.0000,0.0000,REVIEW,ID_ONLY_NEEDS_LOOKUP,,
911-SEPH,947,Fleur de Coton / Cotton Flower,VERIFIED,WEB_VERIFIED_FRAGRANTICA,37955,,,https://www.fragrantica.com/perfume/Sephora/Fleur-de-Coton-Cotton-Flower-37955.html,WEB_VERIFIED_FRAGRANTICA,1.0000,0.0000,REVIEW,ID_ONLY_NEEDS_LOOKUP,,Sephora
912-SHIS,,ZEN,VERIFIED,WEB_VERIFIED_FRAGRANTICA,1499,,,https://www.fragrantica.com/perfume/Shiseido/Zen-1499.html,WEB_VERIFIED_FRAGRANTICA,1.0000,0.0000,REVIEW,ID_ONLY_NEEDS_LOOKUP,,
913-SIS,949,Eau du Soir,VERIFIED,WEB_VERIFIED_FRAGRANTICA,1002,,,https://www.fragrantica.com/perfume/Sisley/Eau-du-Soir-1002.html,WEB_VERIFIED_FRAGRANTICA,1.0000,0.0000,REVIEW,ID_ONLY_NEEDS_LOOKUP,,Sisley
914-SIS,950,Eau Tropicale,VERIFIED,WEB_VERIFIED_FRAGRANTICA,23324,,,https://www.fragrantica.com/perfume/Sisley/Eau-Tropicale-23324.html,WEB_VERIFIED_FRAGRANTICA,1.0000,0.0000,REVIEW,ID_ONLY_NEEDS_LOOKUP,,Sisley
915-SIS,951,Izia,VERIFIED,WEB_VERIFIED_FRAGRANTICA,42935,,,https://www.fragrantica.com/perfume/Sisley/Izia-42935.html,WEB_VERIFIED_FRAGRANTICA,1.0000,0.0000,REVIEW,ID_ONLY_NEEDS_LOOKUP,,Sisley
916-SOF,952,Love,VERIFIED,WEB_VERIFIED_FRAGRANTICA,31662,,,https://www.fragrantica.com/perfume/Sofia-Vergara/Love-31662.html,WEB_VERIFIED_FRAGRANTICA,1.0000,0.0000,REVIEW,ID_ONLY_NEEDS_LOOKUP,,Sofía Vergara
917-SWA,953,Aura,VERIFIED,WEB_VERIFIED_FRAGRANTICA,11258,,,https://www.fragrantica.com/perfume/Swarovski/Aura-11258.html,WEB_VERIFIED_FRAGRANTICA,1.0000,0.0000,REVIEW,ID_ONLY_NEEDS_LOOKUP,,Swarovski
923-TMU,957,notes AURA,VERIFIED,WEB_VERIFIED_FRAGRANTICA,45639,,,https://www.fragrantica.com/perfume/Mugler/Aura-Mugler-45639.html,WEB_VERIFIED_FRAGRANTICA,1.0000,0.0000,REVIEW,ID_ONLY_NEEDS_LOOKUP,,mugler
926-TOM,,Tommy Girl,VERIFIED,WEB_VERIFIED_FRAGRANTICA,3016,,,https://www.fragrantica.com/perfume/Tommy-Hilfiger/Tommy-Girl-3016.html,WEB_VERIFIED_FRAGRANTICA,1.0000,0.0000,REVIEW,ID_ONLY_NEEDS_LOOKUP,,
927-TOUZ,961,Rosa,VERIFIED,WEB_VERIFIED_FRAGRANTICA,17827,,,https://www.fragrantica.com/perfume/Tous/Rosa-17827.html,WEB_VERIFIED_FRAGRANTICA,1.0000,0.0000,REVIEW,ID_ONLY_NEEDS_LOOKUP,,Tous
929-TRU,963,Donna,VERIFIED,WEB_VERIFIED_FRAGRANTICA,13066,,,https://www.fragrantica.com/perfume/Trussardi/Donna-Trussardi-2011-13066.html,WEB_VERIFIED_FRAGRANTICA,1.0000,0.0000,REVIEW,ID_ONLY_NEEDS_LOOKUP,,Trussardi
931-TRU,965,INSIDE,VERIFIED,WEB_VERIFIED_FRAGRANTICA,883,,,https://www.fragrantica.com/perfume/Trussardi/Trussardi-Inside-for-women-883.html,WEB_VERIFIED_FRAGRANTICA,1.0000,0.0000,REVIEW,ID_ONLY_NEEDS_LOOKUP,,Trussardi
935-TRU,968,Skin,VERIFIED,WEB_VERIFIED_FRAGRANTICA,1038,,,https://www.fragrantica.com/perfume/Trussardi/Trussardi-Skin-1038.html,WEB_VERIFIED_FRAGRANTICA,1.0000,0.0000,REVIEW,ID_ONLY_NEEDS_LOOKUP,,Trussardi
942-VERW,973,Princess,VERIFIED,WEB_VERIFIED_FRAGRANTICA,1596,,,https://www.fragrantica.com/perfume/Vera-Wang/Princess-1596.html,WEB_VERIFIED_FRAGRANTICA,1.0000,0.0000,REVIEW,ID_ONLY_NEEDS_LOOKUP,,Vera Wang
946-VER,977,ORIENTAL OUD,VERIFIED,WEB_VERIFIED_FRAGRANTICA,22819,,,https://www.fragrantica.com/perfume/Versace/Versace-Pour-Femme-Oud-Oriental-22819.html,WEB_VERIFIED_FRAGRANTICA,1.0000,0.0000,REVIEW,ID_ONLY_NEEDS_LOOKUP,,Versace
950-VICT,981,Amber Romance,VERIFIED,WEB_VERIFIED_FRAGRANTICA,7990,,,https://www.fragrantica.com/perfume/Victoria-s-Secret/Amber-Romance-7990.html,WEB_VERIFIED_FRAGRANTICA,1.0000,0.0000,REVIEW,ID_ONLY_NEEDS_LOOKUP,,Victoria s Secret
955-VICT,985,Coconut Passion,VERIFIED,WEB_VERIFIED_FRAGRANTICA,7993,,,https://www.fragrantica.com/perfume/Victoria-s-Secret/Coconut-Passion-7993.html,WEB_VERIFIED_FRAGRANTICA,1.0000,0.0000,REVIEW,ID_ONLY_NEEDS_LOOKUP,,Victoria s Secret
958-VICT,988,Fabulous-eau-de-,VERIFIED,WEB_VERIFIED_FRAGRANTICA,17699,,,https://www.fragrantica.com/perfume/Victoria-s-Secret/Fabulous-17699.html,WEB_VERIFIED_FRAGRANTICA,1.0000,0.0000,REVIEW,ID_ONLY_NEEDS_LOOKUP,,Victoria s Secret
959-VICT,989,Forbidden,VERIFIED,WEB_VERIFIED_FRAGRANTICA,23244,,,https://www.fragrantica.com/perfume/Victoria-s-Secret/Victoria-s-Secret-Forbidden-23244.html,WEB_VERIFIED_FRAGRANTICA,1.0000,0.0000,REVIEW,ID_ONLY_NEEDS_LOOKUP,,Victoria s Secret
960-VICT,990,LOVE ME - VICTORIA'S SECRET,VERIFIED,WEB_VERIFIED_FRAGRANTICA,29526,,,https://www.fragrantica.com/perfume/Victoria-s-Secret/Love-Me-29526.html,WEB_VERIFIED_FRAGRANTICA,1.0000,0.0000,REVIEW,ID_ONLY_NEEDS_LOOKUP,,Victoria's Secret
964-VICT,994,Scandalous,VERIFIED,WEB_VERIFIED_FRAGRANTICA,28256,,,https://www.fragrantica.com/perfume/Victoria-s-Secret/Scandalous-28256.html,WEB_VERIFIED_FRAGRANTICA,1.0000,0.0000,REVIEW,ID_ONLY_NEEDS_LOOKUP,,Victoria s Secret
965-VICT,995,SEXY LITTLE THINGS-NOIR TEASE TEMPTATION - VICTORIA'S SECRET,VERIFIED,WEB_VERIFIED_FRAGRANTICA,13261,,,https://www.fragrantica.com/perfume/Victoria-s-Secret/Sexy-Little-Things-Noir-Tease-Temptation-13261.html,WEB_VERIFIED_FRAGRANTICA,1.0000,0.0000,REVIEW,ID_ONLY_NEEDS_LOOKUP,,Victoria's Secret
966-VICT,2148,TEASE - VICTORIA'S SECRET,VERIFIED,WEB_VERIFIED_FRAGRANTICA,9730,Victoria's Secret,Sexy Little Things Noir Tease,https://www.fragrantica.com/perfume/Victoria-s-Secret/Sexy-Little-Things-Noir-Tease-9730.html,WEB_VERIFIED_FRAGRANTICA,1.0000,0.1923,REVIEW,NAME_PRESENT_LOW_SCORE,,Victoria's Secret
986-YZLO,1009,OPIUM,VERIFIED,WEB_VERIFIED_FRAGRANTICA,93,,,https://www.fragrantica.com/perfume/Yves-Saint-Laurent/Opium-1977-93.html,WEB_VERIFIED_FRAGRANTICA,1.0000,0.0000,REVIEW,ID_ONLY_NEEDS_LOOKUP,,Yves Saint Laurent
992-ZAD,1014,Girls Can Do Anything,VERIFIED,WEB_VERIFIED_FRAGRANTICA,51198,,,https://www.fragrantica.com/perfume/Zadig-Voltaire/Girls-Can-Do-Anything-51198.html,WEB_VERIFIED_FRAGRANTICA,1.0000,0.0000,REVIEW,ID_ONLY_NEEDS_LOOKUP,,Zadig  Voltaire
993-ZAD,1931,JUST ROCK FOR HER - ZADIG & VOLTAIRE,VERIFIED,WEB_VERIFIED_FRAGRANTICA,45862,,,https://www.fragrantica.com/perfume/Zadig-Voltaire/Just-Rock-for-Her-45862.html,WEB_VERIFIED_FRAGRANTICA,1.0000,0.0000,REVIEW,ID_ONLY_NEEDS_LOOKUP,,Zadig & Voltaire
994-ZAD,1015,This Is Her,VERIFIED,WEB_VERIFIED_FRAGRANTICA,39358,,,https://www.fragrantica.com/perfume/Zadig-Voltaire/This-is-Her-39358.html,WEB_VERIFIED_FRAGRANTICA,1.0000,0.0000,REVIEW,ID_ONLY_NEEDS_LOOKUP,,Zadig  Voltaire
1006-ACQ,1894,COLONIA INTENSA OUD,VERIFIED,WEB_VERIFIED_FRAGRANTICA,15519,,,https://www.fragrantica.com/perfume/Acqua-di-Parma/Colonia-Intensa-Oud-Eau-de-Cologne-Concentree-15519.html,WEB_VERIFIED_FRAGRANTICA,1.0000,0.0000,REVIEW,ID_ONLY_NEEDS_LOOKUP,,Acqua di Parma
1008-ACQ,110,COLONIA PURA (U),VERIFIED,WEB_VERIFIED_FRAGRANTICA,45876,Acqua di Parma,Acqua di Parma Colonia Pura,https://www.fragrantica.com/perfume/Acqua-di-Parma/Acqua-di-Parma-Colonia-Pura-45876.html,WEB_VERIFIED_FRAGRANTICA,1.0000,0.5854,REVIEW,NAME_PRESENT_LOW_SCORE,,Acqua di Parma
1014-AZZ,116,CLASSIC,VERIFIED,WEB_VERIFIED_FRAGRANTICA,829,,,https://www.fragrantica.com/perfume/Azzaro/Azzaro-pour-Homme-829.html,WEB_VERIFIED_FRAGRANTICA,1.0000,0.0000,REVIEW,ID_ONLY_NEEDS_LOOKUP,,Azzaro
1016-AZZ,118,VISIT AZZARO,VERIFIED,WEB_VERIFIED_FRAGRANTICA,598,,,https://www.fragrantica.com/perfume/Azzaro/Visit-For-Men-598.html,WEB_VERIFIED_FRAGRANTICA,1.0000,0.0000,REVIEW,ID_ONLY_NEEDS_LOOKUP,,Azzaro
1021-BOG,122,One Man Show Eau de Toilette,VERIFIED,WEB_VERIFIED_FRAGRANTICA,7795,,,https://www.fragrantica.com/perfume/Jacques-Bogart/One-Man-Show-7795.html,WEB_VERIFIED_FRAGRANTICA,1.0000,0.0000,REVIEW,ID_ONLY_NEEDS_LOOKUP,,Jacques Bogart
1023-BOT,124,pour Homme Extrême,VERIFIED,SAFE_TOKEN_SAME_BRAND,29351,Bottega Veneta,Bottega Veneta Pour Homme Extreme,https://www.fragrantica.com/perfume/Bottega-Veneta/Bottega-Veneta-Pour-Homme-Extreme-29351.html,SAFE_TOKEN_SAME_BRAND,0.9860,0.4138,REVIEW,NAME_PRESENT_LOW_SCORE,,Bottega Veneta
1026-BRB,127,Brit,VERIFIED,WEB_VERIFIED_FRAGRANTICA,1115,,,https://www.fragrantica.com/perfume/Burberry/Burberry-Brit-for-Men-1115.html,WEB_VERIFIED_FRAGRANTICA,1.0000,0.0000,REVIEW,ID_ONLY_NEEDS_LOOKUP,,Burberry
1028-BRB,129,Sport For Men,VERIFIED,WEB_VERIFIED_FRAGRANTICA,7614,,,https://www.fragrantica.com/perfume/Burberry/Burberry-Sport-for-Men-7614.html,WEB_VERIFIED_FRAGRANTICA,1.0000,0.0000,REVIEW,ID_ONLY_NEEDS_LOOKUP,,Burberry
1031-BRB,132,RHYTHM BRIT - BURBERRY,VERIFIED,SAFE_TOKEN_SAME_BRAND,18903,Burberry,Burberry Brit Rhythm,https://www.fragrantica.com/perfume/Burberry/Burberry-Brit-Rhythm-18903.html,SAFE_TOKEN_SAME_BRAND,0.9860,0.7000,REVIEW,NAME_PRESENT_LOW_SCORE,,Burberry
1034-BLG,135,AQUA - BVLGARI,VERIFIED,WEB_VERIFIED_FRAGRANTICA,153,Bvlgari,Aqva Pour Homme,https://www.fragrantica.com/perfume/Bvlgari/Aqva-Pour-Homme-153.html,WEB_VERIFIED_FRAGRANTICA,1.0000,0.3750,REVIEW,NAME_PRESENT_LOW_SCORE,,Bvlgari
1037-BLG,1897,Bvl Man,VERIFIED,WEB_VERIFIED_FRAGRANTICA,148,,,https://www.fragrantica.com/perfume/Bvlgari/BLV-Pour-Homme-148.html,WEB_VERIFIED_FRAGRANTICA,1.0000,0.0000,REVIEW,ID_ONLY_NEEDS_LOOKUP,,Bvlgari
1041-BLG,141,POUR HOMME BLG,VERIFIED,WEB_VERIFIED_FRAGRANTICA,143,,,https://www.fragrantica.com/perfume/Bvlgari/Bvlgari-Pour-Homme-143.html,WEB_VERIFIED_FRAGRANTICA,1.0000,0.0000,REVIEW,ID_ONLY_NEEDS_LOOKUP,,Bvlgari
1042-CAC,142,POUR HOMME,VERIFIED,WEB_VERIFIED_FRAGRANTICA,2036,,,https://www.fragrantica.com/perfume/Cacharel/Cacharel-Pour-L-Homme-2036.html,WEB_VERIFIED_FRAGRANTICA,1.0000,0.0000,REVIEW,ID_ONLY_NEEDS_LOOKUP,,Cacharel
1043-CAL,143,Ck Be,VERIFIED,SAFE_TOKEN_SAME_BRAND,14606,Calvin Klein,Calvin Klein,https://www.fragrantica.com/perfume/Calvin-Klein/Calvin-Klein-14606.html,SAFE_TOKEN_SAME_BRAND,0.9560,0.3529,REVIEW,NAME_PRESENT_LOW_SCORE,,Calvin Klein
1046-CAL,,EVERYONE,VERIFIED,WEB_VERIFIED_FRAGRANTICA,59021,,,https://www.fragrantica.com/perfume/Calvin-Klein/CK-Everyone-Eau-de-Toilette-59021.html,WEB_VERIFIED_FRAGRANTICA,1.0000,0.0000,REVIEW,ID_ONLY_NEEDS_LOOKUP,,
1060-CRT,,L'ENVOL DE CARTIER,VERIFIED,WEB_VERIFIED_FRAGRANTICA,39885,,,https://www.fragrantica.com/perfume/Cartier/L-Envol-de-Cartier-39885.html,WEB_VERIFIED_FRAGRANTICA,1.0000,0.0000,REVIEW,ID_ONLY_NEEDS_LOOKUP,,
1063-CER,160,pour Homme Eau de Toilette (Eau de Toilette),VERIFIED,EXACT_BRAND_CLEAN_NAME,1441,Cerruti,Cerruti Pour Homme,https://www.fragrantica.com/perfume/Cerruti/Cerruti-Pour-Homme-1441.html,EXACT_BRAND_CLEAN_NAME,1.0000,0.0000,REVIEW,NAME_PRESENT_LOW_SCORE,,Cerruti
1080-DRC,176,HOMME,VERIFIED,WEB_VERIFIED_FRAGRANTICA,230,,,https://www.fragrantica.com/perfume/Dior/Dior-Homme-230.html,WEB_VERIFIED_FRAGRANTICA,1.0000,0.0000,REVIEW,ID_ONLY_NEEDS_LOOKUP,,Dior
1082-DRC,178,HOMME SPORT,VERIFIED,WEB_VERIFIED_FRAGRANTICA,4033,,,https://www.fragrantica.com/perfume/Dior/Dior-Homme-Sport-4033.html,WEB_VERIFIED_FRAGRANTICA,1.0000,0.0000,REVIEW,ID_ONLY_NEEDS_LOOKUP,,Dior
1090-COS,,COSTUME NATIONAL HOMME,VERIFIED,WEB_VERIFIED_FRAGRANTICA,7047,,,https://www.fragrantica.com/perfume/CoSTUME-NATIONAL/Costume-National-Homme-7047.html,WEB_VERIFIED_FRAGRANTICA,1.0000,0.0000,REVIEW,ID_ONLY_NEEDS_LOOKUP,,
1092-DOL,185,By Man Eau de Toilette,VERIFIED,WEB_VERIFIED_FRAGRANTICA,490,,,https://www.fragrantica.com/perfume/Dolce-Gabbana/By-490.html,WEB_VERIFIED_FRAGRANTICA,1.0000,0.0000,REVIEW,ID_ONLY_NEEDS_LOOKUP,,Dolce & Gabbana
1094-DOL,1817,K KING (2019),VERIFIED,WEB_VERIFIED_FRAGRANTICA,56358,,,https://www.fragrantica.com/perfume/Dolce-Gabbana/K-by-Dolce-Gabbana-56358.html,WEB_VERIFIED_FRAGRANTICA,1.0000,0.0000,REVIEW,ID_ONLY_NEEDS_LOOKUP,,Dolce & Gabbana
1102-DAV,,COOL WATER WOMAN,VERIFIED,WEB_VERIFIED_FRAGRANTICA,507,,,https://www.fragrantica.com/perfume/Davidoff/Cool-Water-507.html,WEB_VERIFIED_FRAGRANTICA,1.0000,0.0000,REVIEW,ID_ONLY_NEEDS_LOOKUP,,
1104-DAV,195,PURE PACIFIC - DAVIDOFF,VERIFIED,WEB_VERIFIED_FRAGRANTICA,14564,,,https://www.fragrantica.com/perfume/Davidoff/Cool-Water-Pure-Pacific-for-Him-14564.html,WEB_VERIFIED_FRAGRANTICA,1.0000,0.0000,REVIEW,ID_ONLY_NEEDS_LOOKUP,,Davidoff
1110-DSQ,201,BLACK POTION - DSQUARED,VERIFIED,WEB_VERIFIED_FRAGRANTICA,18592,,,https://www.fragrantica.com/perfume/DSQUARED2/Potion-Royal-Black-18592.html,WEB_VERIFIED_FRAGRANTICA,1.0000,0.0000,REVIEW,ID_ONLY_NEEDS_LOOKUP,,Dsquared2
1116-ZEG,209,UOMO ABSOLUT - ERMENEGILDO ZEGNA,VERIFIED,WEB_VERIFIED_FRAGRANTICA,28142,Ermenegildo Zegna,Uomo Absolute,https://www.fragrantica.com/perfume/Ermenegildo-Zegna/Uomo-Absolute-28142.html,WEB_VERIFIED_FRAGRANTICA,1.0000,0.6047,REVIEW,NAME_PRESENT_LOW_SCORE,,Ermenegildo Zegna
1118-FAB,,BRUT 1964,VERIFIED,WEB_VERIFIED_FRAGRANTICA,38206,,,https://www.fragrantica.com/perfume/Faberge/Brut-38206.html,WEB_VERIFIED_FRAGRANTICA,1.0000,0.0000,REVIEW,ID_ONLY_NEEDS_LOOKUP,,
1122-GFE,215,In the Mood for Love,VERIFIED,WEB_VERIFIED_FRAGRANTICA,6530,,,https://www.fragrantica.com/p/6530,WEB_VERIFIED_FRAGRANTICA,1.0000,0.0000,REVIEW,ID_ONLY_NEEDS_LOOKUP,,Gianfranco Ferré
1123-ARM,,ACQUA DI GIO,VERIFIED,WEB_VERIFIED_FRAGRANTICA,410,,,https://www.fragrantica.com/perfume/Giorgio-Armani/Acqua-di-Gio-410.html,WEB_VERIFIED_FRAGRANTICA,1.0000,0.0000,REVIEW,ID_ONLY_NEEDS_LOOKUP,,
1133-ARM,225,BLACK CODE,VERIFIED,WEB_VERIFIED_FRAGRANTICA,412,Giorgio Armani,Armani Code,https://www.fragrantica.com/p/412,WEB_VERIFIED_FRAGRANTICA,1.0000,0.5714,REVIEW,NAME_PRESENT_LOW_SCORE,,Giorgio Armani
1135-ARM,206,LUI/IL/HE/EL,VERIFIED,WEB_VERIFIED_FRAGRANTICA,416,Giorgio Armani,Emporio Armani Lui,https://www.fragrantica.com/p/416,WEB_VERIFIED_FRAGRANTICA,1.0000,0.2000,REVIEW,NAME_PRESENT_LOW_SCORE,,Giorgio Armani
1136-ARM,,STRONGER WITH YOU (EMPORIO),VERIFIED,WEB_VERIFIED_FRAGRANTICA,45258,,,https://www.fragrantica.com/perfume/Giorgio-Armani/Emporio-Armani-Stronger-With-You-45258.html,WEB_VERIFIED_FRAGRANTICA,1.0000,0.0000,REVIEW,ID_ONLY_NEEDS_LOOKUP,,
1137-ARM,207,WHITE,VERIFIED,WEB_VERIFIED_FRAGRANTICA,419,,,https://www.fragrantica.com/perfume/Giorgio-Armani/Emporio-Armani-White-For-Him-419.html,WEB_VERIFIED_FRAGRANTICA,1.0000,0.0000,REVIEW,ID_ONLY_NEEDS_LOOKUP,,Giorgio Armani
1141-GIV,,P,VERIFIED,WEB_VERIFIED_FRAGRANTICA,39,,,https://www.fragrantica.com/perfume/Givenchy/Pi-39.html,WEB_VERIFIED_FRAGRANTICA,1.0000,0.0000,REVIEW,ID_ONLY_NEEDS_LOOKUP,,
1146-GUC,236,Guilty Intense,VERIFIED,WEB_VERIFIED_FRAGRANTICA,13075,,,https://www.fragrantica.com/perfume/Gucci/Gucci-Guilty-Intense-Pour-Homme-13075.html,WEB_VERIFIED_FRAGRANTICA,1.0000,0.0000,REVIEW,ID_ONLY_NEEDS_LOOKUP,,Gucci
1151-HAL,241,Halston Z-14 Cologne,VERIFIED,WEB_VERIFIED_FRAGRANTICA,3697,Halston,Halston Z14,https://www.fragrantica.com/p/3697,WEB_VERIFIED_FRAGRANTICA,1.0000,0.7097,REVIEW,NAME_PRESENT_LOW_SCORE,,Halston
1164-HUG,252,ELEMENTS - HUGO BOSS,VERIFIED,SAFE_TOKEN_SAME_BRAND,571,Hugo Boss,Boss Elements,https://www.fragrantica.com/perfume/Hugo-Boss/Boss-Elements-571.html,SAFE_TOKEN_SAME_BRAND,0.9440,0.5914,REVIEW,NAME_PRESENT_LOW_SCORE,,Hugo Boss
1172-ISS,259,EAU D'ISSEY HOMME - ISSEY MIYAKE,VERIFIED,WEB_VERIFIED_FRAGRANTICA,79,Issey Miyake,L'Eau d'Issey Pour Homme,https://www.fragrantica.com/p/79,WEB_VERIFIED_FRAGRANTICA,1.0000,0.5116,REVIEW,NAME_PRESENT_LOW_SCORE,,Issey Miyake
1182-JIM,,JIMMY CHOO MAN,VERIFIED,WEB_VERIFIED_FRAGRANTICA,25977,,,https://www.fragrantica.com/perfume/Jimmy-Choo/Jimmy-Choo-Man-25977.html,WEB_VERIFIED_FRAGRANTICA,1.0000,0.0000,REVIEW,ID_ONLY_NEEDS_LOOKUP,,
1184-JOO,271,JOOP - JOOP,VERIFIED,WEB_VERIFIED_FRAGRANTICA,1251,Joop!,Joop! Homme,https://www.fragrantica.com/p/1251,WEB_VERIFIED_FRAGRANTICA,1.0000,0.6316,REVIEW,NAME_PRESENT_LOW_SCORE,,Joop!
1186-JOO,273,WOW - JOOP,VERIFIED,WEB_VERIFIED_FRAGRANTICA,42887,,,https://www.fragrantica.com/perfume/Joop-/Wow--42887.html,WEB_VERIFIED_FRAGRANTICA,1.0000,0.0000,REVIEW,ID_ONLY_NEEDS_LOOKUP,,Joop!
1187-JOV,1776,White Musk for Women,VERIFIED,WEB_VERIFIED_FRAGRANTICA,7524,,,https://www.fragrantica.com/perfume/Jovan/White-Musk-7524.html,WEB_VERIFIED_FRAGRANTICA,1.0000,0.0000,REVIEW,ID_ONLY_NEEDS_LOOKUP,,Jōvan
1197-LAC,282,LACOSTE HOMME,VERIFIED,WEB_VERIFIED_FRAGRANTICA,670,,,https://www.fragrantica.com/perfume/Lacoste-Fragrances/Lacoste-Pour-Homme-670.html,WEB_VERIFIED_FRAGRANTICA,1.0000,0.0000,REVIEW,ID_ONLY_NEEDS_LOOKUP,,Lacoste
1198-LAL,283,ENCRE NOIR - LALIQUE,VERIFIED,WEB_VERIFIED_FRAGRANTICA,1834,Lalique,Encre Noire,https://www.fragrantica.com/p/1834,WEB_VERIFIED_FRAGRANTICA,1.0000,0.7586,REVIEW,NAME_PRESENT_LOW_SCORE,,Lalique
1201-LBI,1914,Venezia Uomo,VERIFIED,WEB_VERIFIED_FRAGRANTICA,3002,,,https://www.fragrantica.com/perfume/Laura-Biagiotti/Venezia-Uomo-3002.html,WEB_VERIFIED_FRAGRANTICA,1.0000,0.0000,REVIEW,ID_ONLY_NEEDS_LOOKUP,,Laura Biagiotti
1204-LOE,288,Solo Cedro,VERIFIED,EXACT_BRAND_CLEAN_NAME,30321,Loewe,Solo Loewe Cedro,https://www.fragrantica.com/perfume/Loewe/Solo-Loewe-Cedro-30321.html,EXACT_BRAND_CLEAN_NAME,1.0000,0.7692,REVIEW,NAME_PRESENT_LOW_SCORE,,Loewe
1205-LOL,2099,Au Masculin,VERIFIED,WEB_VERIFIED_FRAGRANTICA,458,,,https://www.fragrantica.com/perfume/Lolita-Lempicka/Lolita-Lempicka-Au-Masculin-458.html,WEB_VERIFIED_FRAGRANTICA,1.0000,0.0000,REVIEW,ID_ONLY_NEEDS_LOOKUP,,Lolita Lempicka
1224-APO,,SCULPTURE,VERIFIED,WEB_VERIFIED_FRAGRANTICA,925,,,https://www.fragrantica.com/perfume/Nikos/Sculpture-Homme-925.html,WEB_VERIFIED_FRAGRANTICA,1.0000,0.0000,REVIEW,ID_ONLY_NEEDS_LOOKUP,,
1236-PAL,1918,Minotaure,VERIFIED,WEB_VERIFIED_FRAGRANTICA,1695,,,https://www.fragrantica.com/perfume/Paloma-Picasso/Minotaure-1695.html,WEB_VERIFIED_FRAGRANTICA,1.0000,0.0000,REVIEW,ID_ONLY_NEEDS_LOOKUP,,Paloma Picasso
1245-PRA,322,PRADA AMBER,VERIFIED,WEB_VERIFIED_FRAGRANTICA,1045,,,https://www.fragrantica.com/perfume/Prada/Prada-Amber-1045.html,WEB_VERIFIED_FRAGRANTICA,1.0000,0.0000,REVIEW,ID_ONLY_NEEDS_LOOKUP,,Prada
1251-ROM,,ROYAL BLUE,VERIFIED,WEB_VERIFIED_FRAGRANTICA,21103,,,https://www.fragrantica.com/perfume/Romane/Royal-Blue-21103.html,WEB_VERIFIED_FRAGRANTICA,1.0000,0.0000,REVIEW,ID_ONLY_NEEDS_LOOKUP,,
1254-RCAV,331,JUST HIM - ROBERTO CAVALLI,VERIFIED,WEB_VERIFIED_FRAGRANTICA,848,Roberto Cavalli,Just Cavalli Him,https://www.fragrantica.com/perfume/Roberto-Cavalli/Just-Cavalli-Him-848.html,WEB_VERIFIED_FRAGRANTICA,1.0000,0.6750,REVIEW,NAME_PRESENT_LOW_SCORE,,Roberto Cavalli
1259-SHU,,OLD SPICE,VERIFIED,WEB_VERIFIED_FRAGRANTICA,14746,,,https://www.fragrantica.com/perfume/Shulton-Company/Old-Spice-Original-14746.html,WEB_VERIFIED_FRAGRANTICA,1.0000,0.0000,REVIEW,ID_ONLY_NEEDS_LOOKUP,,
1483-DSQ,,POTION,VERIFIED,WEB_VERIFIED_FRAGRANTICA,12937,,,https://www.fragrantica.com/perfume/DSQUARED2/Potion-12937.html,WEB_VERIFIED_FRAGRANTICA,1.0000,0.0000,REVIEW,ID_ONLY_NEEDS_LOOKUP,,
1495-BRB,2275,Her-london-dream-eau-de-,VERIFIED,SAFE_TOKEN_SAME_BRAND,60795,Burberry,Burberry Her London Dream,https://www.fragrantica.com/perfume/Burberry/Burberry-Her-London-Dream-60795.html,SAFE_TOKEN_SAME_BRAND,0.9760,0.6667,REVIEW,NAME_PRESENT_LOW_SCORE,,Burberry
1496-BRB,538,BURBERRY WEEKEND,VERIFIED,WEB_VERIFIED_FRAGRANTICA,1000,,,https://www.fragrantica.com/perfume/Burberry/Weekend-for-Women-1000.html,WEB_VERIFIED_FRAGRANTICA,1.0000,0.0000,REVIEW,ID_ONLY_NEEDS_LOOKUP,,Burberry
1502-CHA,2276,the fragrance COCON MADEM L'EAU PRIVEE,VERIFIED,WEB_VERIFIED_FRAGRANTICA,62194,Chanel,Coco Mademoiselle L'Eau Privee,https://www.fragrantica.com/p/62194,WEB_VERIFIED_FRAGRANTICA,1.0000,0.6765,REVIEW,NAME_PRESENT_LOW_SCORE,,Chanel
1542-JOM,2740,English Oak & Redcurrant by Jo Malone London,VERIFIED,SAFE_TOKEN_SAME_BRAND,46186,Jo Malone London,English Oak Redcurrant,https://www.fragrantica.com/perfume/Jo-Malone-London/English-Oak-Redcurrant-46186.html,SAFE_TOKEN_SAME_BRAND,0.9440,0.6471,REVIEW,NAME_PRESENT_LOW_SCORE,,Jo Malone London
1551-VICT,2317,Tease-dreamer-eau-de-,VERIFIED,WEB_VERIFIED_FRAGRANTICA,54073,,,https://www.fragrantica.com/perfume/Victoria-s-Secret/Tease-Dreamer-54073.html,WEB_VERIFIED_FRAGRANTICA,1.0000,0.0000,REVIEW,ID_ONLY_NEEDS_LOOKUP,,Victoria s Secret
1627-CLIV,2348,VANILLA ORCHID XXI ART DECO - CLIVE CHRISTIAN,VERIFIED,WEB_VERIFIED_FRAGRANTICA,50752,,,https://www.fragrantica.com/perfume/Clive-Christian/XXI-Art-Deco-Vanilla-Orchid-50752.html,WEB_VERIFIED_FRAGRANTICA,1.0000,0.0000,REVIEW,ID_ONLY_NEEDS_LOOKUP,,Clive Christian
1641-KHAL,2376,Aloha Parfum,VERIFIED,WEB_VERIFIED_FRAGRANTICA,22911,,,https://www.fragrantica.com/perfume/Khaltat/Aloha-22911.html,WEB_VERIFIED_FRAGRANTICA,1.0000,0.0000,REVIEW,ID_ONLY_NEEDS_LOOKUP,,Khaltat
1654-ACQ,4623,Colonia 1916,VERIFIED,WEB_VERIFIED_FRAGRANTICA,1681,Acqua di Parma,Acqua di Parma Colonia,https://www.fragrantica.com/p/1681,WEB_VERIFIED_FRAGRANTICA,1.0000,0.4118,REVIEW,NAME_PRESENT_LOW_SCORE,,Acqua di Parma
1655-JOM,2400,Oat & Cornflower by Jo Malone London,VERIFIED,SAFE_TOKEN_SAME_BRAND,48318,Jo Malone London,Oat Cornflower,https://www.fragrantica.com/perfume/Jo-Malone-London/Oat-Cornflower-48318.html,SAFE_TOKEN_SAME_BRAND,0.9440,0.5385,REVIEW,NAME_PRESENT_LOW_SCORE,,Jo Malone London
1658-GUR,2399,La Petite Robe Noire,VERIFIED,WEB_VERIFIED_FRAGRANTICA,14681,,,https://www.fragrantica.com/perfume/Guerlain/La-Petite-Robe-Noir-14681.html,WEB_VERIFIED_FRAGRANTICA,1.0000,0.0000,REVIEW,ID_ONLY_NEEDS_LOOKUP,,Guerlain
1659-CHRA,,BY NIGHT,VERIFIED,WEB_VERIFIED_FRAGRANTICA,6714,,,https://www.fragrantica.com/perfume/Christina-Aguilera/Christina-Aguilera-by-Night-6714.html,WEB_VERIFIED_FRAGRANTICA,1.0000,0.0000,REVIEW,ID_ONLY_NEEDS_LOOKUP,,
1701-TOSC,,TOSCA,VERIFIED,WEB_VERIFIED_FRAGRANTICA,5796,,,https://www.fragrantica.com/perfume/Tosca/Tosca-5796.html,WEB_VERIFIED_FRAGRANTICA,1.0000,0.0000,REVIEW,ID_ONLY_NEEDS_LOOKUP,,
1731-VICT,2516,TEASE CREAM CLOUD - VICTORIA'S SECRET,VERIFIED,SAFE_FUZZY_SAME_BRAND,68550,Victoria s Secret,Tease Creme Cloud,https://www.fragrantica.com/perfume/Victoria-s-Secret/Tease-Creme-Cloud-68550.html,SAFE_FUZZY_SAME_BRAND,0.9412,0.6154,REVIEW,NAME_PRESENT_LOW_SCORE,,Victoria s Secret
1743-LBI,2825,Sotto Voce,VERIFIED,WEB_VERIFIED_FRAGRANTICA,1185,,,https://www.fragrantica.com/perfume/Laura-Biagiotti/Sotto-Voce-1185.html,WEB_VERIFIED_FRAGRANTICA,1.0000,0.0000,REVIEW,ID_ONLY_NEEDS_LOOKUP,,Laura Biagiotti
1753-TEDL,,TED,VERIFIED,WEB_VERIFIED_FRAGRANTICA,5942,,,https://www.fragrantica.com/perfume/Ted-Lapidus/Ted-5942.html,WEB_VERIFIED_FRAGRANTICA,1.0000,0.0000,REVIEW,ID_ONLY_NEEDS_LOOKUP,,
1754-HER,2609,VANILLE GALANTE HERMESSENCE - HERMES,VERIFIED,SAFE_TOKEN_SAME_BRAND,5213,Hermes,Hermessence Vanille Galante,https://www.fragrantica.com/perfume/Hermes/Hermessence-Vanille-Galante-5213.html,SAFE_TOKEN_SAME_BRAND,0.9860,0.6209,REVIEW,NAME_PRESENT_LOW_SCORE,,Hermes
1756-LBI,2826,ROMA - LAURA BIAGIOTTI,VERIFIED,WEB_VERIFIED_FRAGRANTICA,628,,,https://www.fragrantica.com/perfume/Laura-Biagiotti/Roma-628.html,WEB_VERIFIED_FRAGRANTICA,1.0000,0.0000,REVIEW,ID_ONLY_NEEDS_LOOKUP,,Laura Biagiotti
1763-JILS,,SUN,VERIFIED,WEB_VERIFIED_FRAGRANTICA,618,,,https://www.fragrantica.com/perfume/Jil-Sander/Sun-618.html,WEB_VERIFIED_FRAGRANTICA,1.0000,0.0000,REVIEW,ID_ONLY_NEEDS_LOOKUP,,
1769-LTN,2624,the fragrance notes Roses,VERIFIED,WEB_VERIFIED_FRAGRANTICA,40495,,,https://www.fragrantica.com/perfume/Louis-Vuitton/Rose-des-Vents-40495.html,WEB_VERIFIED_FRAGRANTICA,1.0000,0.0000,REVIEW,ID_ONLY_NEEDS_LOOKUP,,Louis Vuitton
1784-ESC,2645,Summer-festival-eau-de-toilette,VERIFIED,WEB_VERIFIED_FRAGRANTICA,64643,Escada,Escada Summer Festival,https://www.fragrantica.com/p/64643,WEB_VERIFIED_FRAGRANTICA,1.0000,0.5660,REVIEW,NAME_PRESENT_LOW_SCORE,,Escada
1802-JOM,2672,Midnight Musk & Amber by Jo Malone London,VERIFIED,SAFE_TOKEN_SAME_BRAND,63920,Jo Malone London,Midnight Musk Amber,https://www.fragrantica.com/perfume/Jo-Malone-London/Midnight-Musk-Amber-63920.html,SAFE_TOKEN_SAME_BRAND,0.9440,0.6129,REVIEW,NAME_PRESENT_LOW_SCORE,,Jo Malone London
1826-JOM,2703,Iris & White Musk by Jo Malone London,VERIFIED,SAFE_TOKEN_SAME_BRAND,12926,Jo Malone London,Iris White Musk,https://www.fragrantica.com/perfume/Jo-Malone-London/Iris-White-Musk-12926.html,SAFE_TOKEN_SAME_BRAND,0.9440,0.5556,REVIEW,NAME_PRESENT_LOW_SCORE,,Jo Malone London
1827-JOM,2706,Tropical Cherimoya by Jo Malone London,VERIFIED,SAFE_TOKEN_SAME_BRAND,49602,Jo Malone London,Tropical Cherimoya Cologne,https://www.fragrantica.com/perfume/Jo-Malone-London/Tropical-Cherimoya-Cologne-49602.html,SAFE_TOKEN_SAME_BRAND,0.9560,0.7500,REVIEW,NAME_PRESENT_LOW_SCORE,,Jo Malone London
1828-LAN,2803,O OUI!,VERIFIED,WEB_VERIFIED_FRAGRANTICA,186,,,https://www.fragrantica.com/perfume/Lancome/O-Oui-186.html,WEB_VERIFIED_FRAGRANTICA,1.0000,0.0000,REVIEW,ID_ONLY_NEEDS_LOOKUP,,Lancome
1860-NAS,2765,ABSINT - NASOMATTO,VERIFIED,WEB_VERIFIED_FRAGRANTICA,4293,Nasomatto,Absinth,https://www.fragrantica.com/p/4293,WEB_VERIFIED_FRAGRANTICA,1.0000,0.5217,REVIEW,NAME_PRESENT_LOW_SCORE,,Nasomatto
1874-LTN,2783,CALIFORNIA Citrus fragrance for women and men,VERIFIED,WEB_VERIFIED_FRAGRANTICA,60388,,,https://www.fragrantica.com/perfume/Louis-Vuitton/California-Dream-60388.html,WEB_VERIFIED_FRAGRANTICA,1.0000,0.0000,REVIEW,ID_ONLY_NEEDS_LOOKUP,,Louis Vuitton
1885-WID,,LONDON,VERIFIED,WEB_VERIFIED_FRAGRANTICA,47781,,,https://www.fragrantica.com/perfume/Widian/Widian-London-47781.html,WEB_VERIFIED_FRAGRANTICA,1.0000,0.0000,REVIEW,ID_ONLY_NEEDS_LOOKUP,,
1886-PARF,2797,DELINA LA ROSE - PDM,VERIFIED,WEB_VERIFIED_FRAGRANTICA,64667,,,https://www.fragrantica.com/perfume/Parfums-de-Marly/Delina-La-Ros-e-64667.html,WEB_VERIFIED_FRAGRANTICA,1.0000,0.0000,REVIEW,ID_ONLY_NEEDS_LOOKUP,,Parfums de Marly
1888-MOR,2794,Contessa,VERIFIED,WEB_VERIFIED_FRAGRANTICA,35669,,,https://www.fragrantica.com/perfume/Moresque/Contessa-35669.html,WEB_VERIFIED_FRAGRANTICA,1.0000,0.0000,REVIEW,ID_ONLY_NEEDS_LOOKUP,,Moresque
1893-CHA,2793,N-1-l-eau-rouge,VERIFIED,WEB_VERIFIED_FRAGRANTICA,71442,,,https://www.fragrantica.com/perfume/Chanel/N-1-de-Chanel-L-Eau-Rouge-71442.html,WEB_VERIFIED_FRAGRANTICA,1.0000,0.0000,REVIEW,ID_ONLY_NEEDS_LOOKUP,,Chanel
1896-ESC,2801,Cherry-in-japan,VERIFIED,WEB_VERIFIED_FRAGRANTICA,70279,,,https://www.fragrantica.com/perfume/Escada/Cherry-In-Japan-70279.html,WEB_VERIFIED_FRAGRANTICA,1.0000,0.0000,REVIEW,ID_ONLY_NEEDS_LOOKUP,,Escada
1899-ZARK,2878,The-muse,VERIFIED,WEB_VERIFIED_FRAGRANTICA,60665,,,https://www.fragrantica.com/perfume/ZARKOPERFUME/The-Muse-60665.html,WEB_VERIFIED_FRAGRANTICA,1.0000,0.0000,REVIEW,ID_ONLY_NEEDS_LOOKUP,,Zarko Perfume
1919-PRA,2857,Paradoxe-eau-de-,VERIFIED,SAFE_TOKEN_SAME_BRAND,75668,Prada,Prada Paradoxe,https://www.fragrantica.com/perfume/Prada/Prada-Paradoxe-75668.html,SAFE_TOKEN_SAME_BRAND,0.9860,0.5517,REVIEW,NAME_PRESENT_LOW_SCORE,,Prada
1921-VIV,2984,Boudoir-,VERIFIED,WEB_VERIFIED_FRAGRANTICA,1532,,,https://www.fragrantica.com/perfume/Vivienne-Westwood/Boudoir-1532.html,WEB_VERIFIED_FRAGRANTICA,1.0000,0.0000,REVIEW,ID_ONLY_NEEDS_LOOKUP,,Vivienne Westwood
1926-KOS,3372,No. 4 Après l’Amour Eau de Parfum,VERIFIED,WEB_VERIFIED_FRAGRANTICA,53742,,,https://www.fragrantica.com/perfume/Thomas-Kosmala/No-4-Apres-l-Amour-Eau-de-Parfum-53742.html,WEB_VERIFIED_FRAGRANTICA,1.0000,0.0000,REVIEW,ID_ONLY_NEEDS_LOOKUP,,Thomas Kosmala
1927-AMG,2933,HONOUR - AMOUAGE,VERIFIED,WEB_VERIFIED_FRAGRANTICA,12762,,,https://www.fragrantica.com/perfume/Amouage/Honour-Woman-12762.html,WEB_VERIFIED_FRAGRANTICA,1.0000,0.0000,REVIEW,ID_ONLY_NEEDS_LOOKUP,,Amouage
1929-BLG,3116,Le-gemme-tygar-eau-de-,VERIFIED,WEB_VERIFIED_FRAGRANTICA,41222,,,https://www.fragrantica.com/perfume/Bvlgari/Tygar-41222.html,WEB_VERIFIED_FRAGRANTICA,1.0000,0.0000,REVIEW,ID_ONLY_NEEDS_LOOKUP,,Bvlgari
1942-LAN,2948,Idole-l-eau-de-parfum-nectar,VERIFIED,EXACT_BRAND_CLEAN_NAME,74137,Lancome,Idole Nectar,https://www.fragrantica.com/perfume/Lancome/Idole-Nectar-74137.html,EXACT_BRAND_CLEAN_NAME,1.0000,0.7273,REVIEW,NAME_PRESENT_LOW_SCORE,,Lancome
1958-DRC,3336,Bois-d-argent-eau-de-,VERIFIED,WEB_VERIFIED_FRAGRANTICA,1377,,,https://www.fragrantica.com/perfume/Dior/Bois-D-argent-1377.html,WEB_VERIFIED_FRAGRANTICA,1.0000,0.0000,REVIEW,ID_ONLY_NEEDS_LOOKUP,,Dior
1968-DOL,2975,LIGHT BLUE ITALIAN LOVE W,VERIFIED,WEB_VERIFIED_FRAGRANTICA,72621,,,https://www.fragrantica.com/perfume/Dolce-Gabbana/Light-Blue-Italian-Love-72621.html,WEB_VERIFIED_FRAGRANTICA,1.0000,0.0000,REVIEW,ID_ONLY_NEEDS_LOOKUP,,Dolce & Gabbana
1975-ZARK,3357,PINK MOLéCULE 090.09 Eau de Parfum,VERIFIED,WEB_VERIFIED_FRAGRANTICA,25474,,,https://www.fragrantica.com/perfume/ZARKOPERFUME/PINK-MOL-CULE-090-09-25474.html,WEB_VERIFIED_FRAGRANTICA,1.0000,0.0000,REVIEW,ID_ONLY_NEEDS_LOOKUP,,ZARKOPERFUME
1977-SHIS,3358,Ginza (2021),VERIFIED,WEB_VERIFIED_FRAGRANTICA,65234,,,https://www.fragrantica.com/perfume/Shiseido/Ginza-65234.html,WEB_VERIFIED_FRAGRANTICA,1.0000,0.0000,REVIEW,ID_ONLY_NEEDS_LOOKUP,,Shiseido
1978-ARM,3359,STRONGER WITH YOU INTENSENLY,VERIFIED,SAFE_TOKEN_SAME_BRAND,52802,Giorgio Armani,Emporio Armani Stronger With You Intensely,https://www.fragrantica.com/perfume/Giorgio-Armani/Emporio-Armani-Stronger-With-You-Intensely-52802.html,SAFE_TOKEN_SAME_BRAND,0.9760,0.7714,REVIEW,NAME_PRESENT_LOW_SCORE,,Giorgio Armani
1980-HIND,3361,Emarati Musk Parfum,VERIFIED,WEB_VERIFIED_FRAGRANTICA,87692,,,https://www.fragrantica.com/perfume/Hind-Al-Oud/Emarati-Musk-87692.html,WEB_VERIFIED_FRAGRANTICA,1.0000,0.0000,REVIEW,ID_ONLY_NEEDS_LOOKUP,,Hind Al Oud
1981-KHAL,3362,Grá,VERIFIED,WEB_VERIFIED_FRAGRANTICA,22907,,,https://www.fragrantica.com/perfume/Khaltat/Gra-22907.html,WEB_VERIFIED_FRAGRANTICA,1.0000,0.0000,REVIEW,ID_ONLY_NEEDS_LOOKUP,,Khaltat
1984-ATTAR,3376,Musk Kashmir,VERIFIED,WEB_VERIFIED_FRAGRANTICA,38134,,,https://www.fragrantica.com/perfume/Attar-Collection/Musk-Kashmir-38134.html,WEB_VERIFIED_FRAGRANTICA,1.0000,0.0000,REVIEW,ID_ONLY_NEEDS_LOOKUP,,Attar Collection
1985-WID,3366,GOLD II SAHARA - WIDIAN,VERIFIED,WEB_VERIFIED_FRAGRANTICA,54883,,,https://www.fragrantica.com/perfume/WIDIAN/Gold-II-Sahara-54883.html,WEB_VERIFIED_FRAGRANTICA,1.0000,0.0000,REVIEW,ID_ONLY_NEEDS_LOOKUP,,Widian
1986-SOO,,NUR,VERIFIED,WEB_VERIFIED_FRAGRANTICA,10016,,,https://www.fragrantica.com/perfume/SoOud/Nur-10016.html,WEB_VERIFIED_FRAGRANTICA,1.0000,0.0000,REVIEW,ID_ONLY_NEEDS_LOOKUP,,
1987-SON,3368,Le Parfum,VERIFIED,WEB_VERIFIED_FRAGRANTICA,4655,,,https://www.fragrantica.com/perfume/Sonia-Rykiel/Le-Parfum-4655.html,WEB_VERIFIED_FRAGRANTICA,1.0000,0.0000,REVIEW,ID_ONLY_NEEDS_LOOKUP,,Sonia Rykiel
1988-THEVE,3369,Arabesque,VERIFIED,WEB_VERIFIED_FRAGRANTICA,32670,,,https://www.fragrantica.com/perfume/The-Merchant-of-Venice/Arabesque-32670.html,WEB_VERIFIED_FRAGRANTICA,1.0000,0.0000,REVIEW,ID_ONLY_NEEDS_LOOKUP,,The Merchant Of Venice
1989-VERT,,NARCOS'IS,VERIFIED,WEB_VERIFIED_FRAGRANTICA,47923,,,https://www.fragrantica.com/perfume/Vertus/Narcos-is-47923.html,WEB_VERIFIED_FRAGRANTICA,1.0000,0.0000,REVIEW,ID_ONLY_NEEDS_LOOKUP,,
1996-LTN,3118,Heures d’Absence (2020),VERIFIED,WEB_VERIFIED_FRAGRANTICA,59485,,,https://www.fragrantica.com/perfume/Louis-Vuitton/Heures-d-Absence-59485.html,WEB_VERIFIED_FRAGRANTICA,1.0000,0.0000,REVIEW,ID_ONLY_NEEDS_LOOKUP,,Louis Vuitton
1998-LTN,3117,Citrus fragrance for women and men,VERIFIED,WEB_VERIFIED_FRAGRANTICA,53947,,,https://www.fragrantica.com/perfume/Louis-Vuitton/Afternoon-Swim-53947.html,WEB_VERIFIED_FRAGRANTICA,1.0000,0.0000,REVIEW,ID_ONLY_NEEDS_LOOKUP,,Louis Vuitton
2012-DOL,3241,Q QUEEN,VERIFIED,WEB_VERIFIED_FRAGRANTICA,78873,,,https://www.fragrantica.com/perfume/Dolce-Gabbana/Q-by-Dolce-Gabbana-78873.html,WEB_VERIFIED_FRAGRANTICA,1.0000,0.0000,REVIEW,ID_ONLY_NEEDS_LOOKUP,,Dolce & Gabbana
2016-PARELM,3374,Elixir d'Amour,VERIFIED,WEB_VERIFIED_FRAGRANTICA,50275,,,https://www.fragrantica.com/perfume/Parfums-d-Elmar/Elixir-d-Amour-50275.html,WEB_VERIFIED_FRAGRANTICA,1.0000,0.0000,REVIEW,ID_ONLY_NEEDS_LOOKUP,,Parfums d'Elmar
2017-DIE,3215,D,VERIFIED,WEB_VERIFIED_FRAGRANTICA,74965,,,https://www.fragrantica.com/perfume/Diesel/D-by-Diesel-74965.html,WEB_VERIFIED_FRAGRANTICA,1.0000,0.0000,REVIEW,ID_ONLY_NEEDS_LOOKUP,,Diesel
2018-ARM,3214,the notes CODE PARFUM,VERIFIED,WEB_VERIFIED_FRAGRANTICA,75126,,,https://www.fragrantica.com/perfume/Giorgio-Armani/Armani-Code-Parfum-75126.html,WEB_VERIFIED_FRAGRANTICA,1.0000,0.0000,REVIEW,ID_ONLY_NEEDS_LOOKUP,,Giorgio Armani
2021-ROJ,3440,Apex Roja Dove,VERIFIED,WEB_VERIFIED_FRAGRANTICA,72723,,,https://www.fragrantica.com/perfume/Roja-Dove/Apex-72723.html,WEB_VERIFIED_FRAGRANTICA,1.0000,0.0000,REVIEW,ID_ONLY_NEEDS_LOOKUP,,Roja Parfums
2028-ZARK,3453,Youth,VERIFIED,WEB_VERIFIED_FRAGRANTICA,75594,,,https://www.fragrantica.com/perfume/ZARKOPERFUME/Youth-75594.html,WEB_VERIFIED_FRAGRANTICA,1.0000,0.0000,REVIEW,ID_ONLY_NEEDS_LOOKUP,,Zarko Perfume
2036-GIS,3505,Ambassador Men Eau de Parfum,VERIFIED,WEB_VERIFIED_FRAGRANTICA,58226,,,https://www.fragrantica.com/perfume/Gisada/Ambassador-Men-58226.html,WEB_VERIFIED_FRAGRANTICA,1.0000,0.0000,REVIEW,ID_ONLY_NEEDS_LOOKUP,,Gisada
2044-LORV,,TEINT DE NEIGE,VERIFIED,WEB_VERIFIED_FRAGRANTICA,5079,,,https://www.fragrantica.com/perfume/Lorenzo-Villoresi/Teint-de-Neige-5079.html,WEB_VERIFIED_FRAGRANTICA,1.0000,0.0000,REVIEW,ID_ONLY_NEEDS_LOOKUP,,
2051-PRFRO,3478,Acqua Di Sale,VERIFIED,WEB_VERIFIED_FRAGRANTICA,3886,,,https://www.fragrantica.com/perfume/Profumum-Roma/Acqua-di-Sale-3886.html,WEB_VERIFIED_FRAGRANTICA,1.0000,0.0000,REVIEW,ID_ONLY_NEEDS_LOOKUP,,Profumum Roma
2055-BAT,3533,Dream-bright-eau-de-,VERIFIED,WEB_VERIFIED_FRAGRANTICA,78849,,,https://www.fragrantica.com/p/78849,WEB_VERIFIED_FRAGRANTICA,1.0000,0.0000,REVIEW,ID_ONLY_NEEDS_LOOKUP,,Bath Body Works
2094-SHIS,3494,Ever Bloom,VERIFIED,WEB_VERIFIED_FRAGRANTICA,31202,,,https://www.fragrantica.com/perfume/Shiseido/Ever-Bloom-31202.html,WEB_VERIFIED_FRAGRANTICA,1.0000,0.0000,REVIEW,ID_ONLY_NEEDS_LOOKUP,,Shiseido
2095-VICT,3488,Strawberries-champagne-eau-de-toilette,VERIFIED,EXACT_PERFUME_BRAND_TEXT,8000,Victoria s Secret,Strawberries and Champagne,https://www.fragrantica.com/perfume/Victoria-s-Secret/Strawberries-and-Champagne-8000.html,EXACT_PERFUME_BRAND_TEXT,1.0000,0.6875,REVIEW,NAME_PRESENT_LOW_SCORE,,Victoria s Secret
2098-MIC,3493,Twilight Shimmer,VERIFIED,WEB_VERIFIED_FRAGRANTICA,50396,,,https://www.fragrantica.com/perfume/Michael-Kors/Twilight-Shimmer-50396.html,WEB_VERIFIED_FRAGRANTICA,1.0000,0.0000,REVIEW,ID_ONLY_NEEDS_LOOKUP,,Michael Kors
2122-GUR,3516,Aqua-allegoria-harvest-rosa-rossa,VERIFIED,EXACT_PERFUME_BRAND_TEXT,79472,Guerlain,Rosa Rossa Harvest,https://www.fragrantica.com/perfume/Guerlain/Rosa-Rossa-Harvest-79472.html,EXACT_PERFUME_BRAND_TEXT,1.0000,0.4961,REVIEW,NAME_PRESENT_LOW_SCORE,,Guerlain
2137-ROJ,3570,GREAT BRITAIN - ROJA DOVE,VERIFIED,WEB_VERIFIED_FRAGRANTICA,32537,,,https://www.fragrantica.com/perfume/Roja-Dove/Great-Britain-32537.html,WEB_VERIFIED_FRAGRANTICA,1.0000,0.0000,REVIEW,ID_ONLY_NEEDS_LOOKUP,,Roja Parfums
2142-PARF,3574,PEGASUS EXCLUSIVE - PARFUMS DE MARLY,VERIFIED,SAFE_FUZZY_SAME_BRAND,63100,Parfums de Marly,Pegasus Exclusif,https://www.fragrantica.com/perfume/Parfums-de-Marly/Pegasus-Exclusif-63100.html,SAFE_FUZZY_SAME_BRAND,0.9091,0.6400,REVIEW,NAME_PRESENT_LOW_SCORE,,Parfums de Marly
2148-BAT,3596,Pure-wonder-eau-de-,VERIFIED,WEB_VERIFIED_FRAGRANTICA,70500,,,https://www.fragrantica.com/perfume/Bath-Body-Works/Pure-Wonder-70500.html,WEB_VERIFIED_FRAGRANTICA,1.0000,0.0000,REVIEW,ID_ONLY_NEEDS_LOOKUP,,Bath Body Works
2178-MON,3672,pour Homme,VERIFIED,WEB_VERIFIED_FRAGRANTICA,69818,Moncler,Moncler pour Homme,https://www.fragrantica.com/p/69818,WEB_VERIFIED_FRAGRANTICA,1.0000,0.0000,REVIEW,NAME_PRESENT_LOW_SCORE,,Moncler
2185-DRC,3681,Eau Sauvage Extrme Intense,VERIFIED,EXACT_BRAND_CLEAN_NAME,72771,Dior,Eau Sauvage Extreme 2010,https://www.fragrantica.com/perfume/Dior/Eau-Sauvage-Extreme-2010-72771.html,EXACT_BRAND_CLEAN_NAME,1.0000,0.7600,REVIEW,NAME_PRESENT_LOW_SCORE,,Dior
2190-ROJ,,DIAGHILEV,VERIFIED,WEB_VERIFIED_FRAGRANTICA,10109,,,https://www.fragrantica.com/perfume/Roja-Dove/Diaghilev-10109.html,WEB_VERIFIED_FRAGRANTICA,1.0000,0.0000,REVIEW,ID_ONLY_NEEDS_LOOKUP,,
2193-LTN,,NOUVEAU MONDE,VERIFIED,WEB_VERIFIED_FRAGRANTICA,49753,,,https://www.fragrantica.com/perfume/Louis-Vuitton/Nouveau-Monde-49753.html,WEB_VERIFIED_FRAGRANTICA,1.0000,0.0000,REVIEW,ID_ONLY_NEEDS_LOOKUP,,
2194-ORT,3732,Cuoium,VERIFIED,EXACT_UNIQUE_NAME,119473,Al Qasim Oud,ORTO,https://www.fragrantica.com/perfume/Al-Qasim-Oud/ORTO-119473.html,EXACT_UNIQUE_NAME,1.0000,0.2000,REVIEW,NAME_PRESENT_LOW_SCORE,,Al Qasim Oud
2234-MON,3827,pour Femme,VERIFIED,WEB_VERIFIED_FRAGRANTICA,69819,Moncler,Moncler pour Femme,https://www.fragrantica.com/p/69819,WEB_VERIFIED_FRAGRANTICA,1.0000,0.0000,REVIEW,NAME_PRESENT_LOW_SCORE,,Moncler
2278-BLG,3928,Eau Parfumée au Thé Blanc Eau de Cologne,VERIFIED,SAFE_TOKEN_SAME_BRAND,145,Bvlgari,Eau Parfumee au The Blanc,https://www.fragrantica.com/perfume/Bvlgari/Eau-Parfumee-au-The-Blanc-145.html,SAFE_TOKEN_SAME_BRAND,0.9760,0.7188,REVIEW,NAME_PRESENT_LOW_SCORE,,Bvlgari
2284-HIS,3917,1889 - Moulin Rouge,VERIFIED,WEB_VERIFIED_FRAGRANTICA,7816,,,https://www.fragrantica.com/perfume/Histoires-de-Parfums/1889-Moulin-Rouge-7816.html,WEB_VERIFIED_FRAGRANTICA,1.0000,0.0000,REVIEW,ID_ONLY_NEEDS_LOOKUP,,Histoires de Parfums
2288-BAT,4117,BLACK RASBERRY VANILLA - BATH BODY WORKS,VERIFIED,WEB_VERIFIED_FRAGRANTICA,3512,,,https://www.fragrantica.com/perfume/Bath-and-Body-Works/Black-Raspberry-Vanilla-3512.html,WEB_VERIFIED_FRAGRANTICA,1.0000,0.0000,REVIEW,ID_ONLY_NEEDS_LOOKUP,,Bath Body Works
2310-CAR,3956,UNDER THE SEA MAN,VERIFIED,WEB_VERIFIED_FRAGRANTICA,65697,,,https://www.fragrantica.com/perfume/Carolina-Herrera/CH-Men-Under-The-Sea-65697.html,WEB_VERIFIED_FRAGRANTICA,1.0000,0.0000,REVIEW,ID_ONLY_NEEDS_LOOKUP,,Carolina Herrera
2311-YVRO,3962,PLAIN SOLEIL - YVES ROCHER,VERIFIED,WEB_VERIFIED_FRAGRANTICA,56457,Yves Rocher,Plein Soleil,https://www.fragrantica.com/p/56457,WEB_VERIFIED_FRAGRANTICA,1.0000,0.6111,REVIEW,NAME_PRESENT_LOW_SCORE,,Yves Rocher
2314-CAR,3957,UNDER THE SEA WOMAN,VERIFIED,WEB_VERIFIED_FRAGRANTICA,65696,,,https://www.fragrantica.com/perfume/Carolina-Herrera/CH-Under-The-Sea-65696.html,WEB_VERIFIED_FRAGRANTICA,1.0000,0.0000,REVIEW,ID_ONLY_NEEDS_LOOKUP,,Carolina Herrera
2344-LEL,4036,Mousse De Chne 30,VERIFIED,SAFE_TOKEN_SAME_BRAND,46295,Le Labo,Mousse de Chene 30 Amsterdam,https://www.fragrantica.com/perfume/Le-Labo/Mousse-de-Chene-30-Amsterdam-46295.html,SAFE_TOKEN_SAME_BRAND,0.9760,0.7556,REVIEW,NAME_PRESENT_LOW_SCORE,,Le Labo
2374-MICA,4108,GN TONIC - MICALLEF,VERIFIED,WEB_VERIFIED_FRAGRANTICA,80353,M. Micallef,GNTONIC,https://www.fragrantica.com/p/80353,WEB_VERIFIED_FRAGRANTICA,1.0000,0.5833,REVIEW,NAME_PRESENT_LOW_SCORE,,M. Micallef
2377-VICT,4111,Vanilla Lace,VERIFIED,WEB_VERIFIED_FRAGRANTICA,13033,,,https://www.fragrantica.com/perfume/Victoria-s-Secret/Vanilla-Lace-13033.html,WEB_VERIFIED_FRAGRANTICA,1.0000,0.0000,REVIEW,ID_ONLY_NEEDS_LOOKUP,,Victoria s Secret
2415-ESC,4159,SEXY GRAFFITY - ESCADA,VERIFIED,WEB_VERIFIED_FRAGRANTICA,1352,,,https://www.fragrantica.com/perfume/Escada/Sexy-Graffiti-1352.html,WEB_VERIFIED_FRAGRANTICA,1.0000,0.0000,REVIEW,ID_ONLY_NEEDS_LOOKUP,,Escada
2418-ACQ,4152,VANIGLIA SIGNATURE,VERIFIED,WEB_VERIFIED_FRAGRANTICA,56003,,,https://www.fragrantica.com/perfume/Acqua-di-Parma/Vaniglia-Eau-de-Parfum-56003.html,WEB_VERIFIED_FRAGRANTICA,1.0000,0.0000,REVIEW,ID_ONLY_NEEDS_LOOKUP,,Acqua di Parma
2439-ZEG,,INDONESIAN OUD,VERIFIED,WEB_VERIFIED_FRAGRANTICA,16188,,,https://www.fragrantica.com/perfume/Ermenegildo-Zegna/Indonesian-Oud-16188.html,WEB_VERIFIED_FRAGRANTICA,1.0000,0.0000,REVIEW,ID_ONLY_NEEDS_LOOKUP,,
2516-GUL,4326,Scandal-pour-homme-absolu,VERIFIED,EXACT_BRAND_CLEAN_NAME,91053,Jean Paul Gaultier,Scandal Pour Homme Absolu,https://www.fragrantica.com/perfume/Jean-Paul-Gaultier/Scandal-Pour-Homme-Absolu-91053.html,EXACT_BRAND_CLEAN_NAME,1.0000,0.7179,REVIEW,NAME_PRESENT_LOW_SCORE,,Jean Paul Gaultier
2543-HUG,4332,The-scent-magnetic-for-him,VERIFIED,SAFE_TOKEN_SAME_BRAND,78424,Hugo Boss,Boss The Scent For Him Magnetic,https://www.fragrantica.com/perfume/Hugo-Boss/Boss-The-Scent-For-Him-Magnetic-78424.html,SAFE_TOKEN_SAME_BRAND,0.9760,0.7325,REVIEW,NAME_PRESENT_LOW_SCORE,,Hugo Boss
2552-SOR,,NIGHT HORSE,VERIFIED,WEB_VERIFIED_FRAGRANTICA,75119,,,https://www.fragrantica.com/perfume/Siordia-Parfums/Night-Horse--75119.html,WEB_VERIFIED_FRAGRANTICA,1.0000,0.0000,REVIEW,ID_ONLY_NEEDS_LOOKUP,,
2584-GIV,4369,Eau de,VERIFIED,WEB_VERIFIED_FRAGRANTICA,1966,,,https://www.fragrantica.com/perfume/Givenchy/Eau-de-Givenchy-1966.html,WEB_VERIFIED_FRAGRANTICA,1.0000,0.0000,REVIEW,ID_ONLY_NEEDS_LOOKUP,,Givenchy
2600-TMU,4389,Angel Lily,VERIFIED,WEB_VERIFIED_FRAGRANTICA,714,Mugler,Angel Garden Of Stars - Le Lys,https://www.fragrantica.com/p/714,WEB_VERIFIED_FRAGRANTICA,1.0000,0.4737,REVIEW,NAME_PRESENT_LOW_SCORE,,Mugler
2604-JILS,4394,Sun Men Jil Sander,VERIFIED,WEB_VERIFIED_FRAGRANTICA,619,,,https://www.fragrantica.com/perfume/Jil-Sander/Sun-Men-619.html,WEB_VERIFIED_FRAGRANTICA,1.0000,0.0000,REVIEW,ID_ONLY_NEEDS_LOOKUP,,
2609-TMFO,4420,Opaline Hyacinth,VERIFIED,EXACT_BRAND_CLEAN_NAME,15916,Tom Ford,Ombre de Hyacinth,https://www.fragrantica.com/perfume/Tom-Ford/Ombre-de-Hyacinth-15916.html,EXACT_BRAND_CLEAN_NAME,1.0000,0.6667,REVIEW,NAME_PRESENT_LOW_SCORE,,Tom Ford
2627-LTN,4422,Météore,VERIFIED,CONFIRMED_IDENTITY_EXACT_CORPUS,62251,Louis Vuitton,Meteore,https://www.fragrantica.com/perfume/Louis-Vuitton/Meteore-62251.html,CONFIRMED_IDENTITY_EXACT_CORPUS,1.0000,0.7143,REVIEW,NAME_PRESENT_LOW_SCORE,,Louis Vuitton
2692-SOL,4653,Cheirosa-87-rio-radiance-tan-lines,VERIFIED,WEB_VERIFIED_FRAGRANTICA,82595,Sol de Janeiro,Rio Radiance / Cheirosa 87,https://www.fragrantica.com/p/82595,WEB_VERIFIED_FRAGRANTICA,1.0000,0.5920,REVIEW,NAME_PRESENT_LOW_SCORE,,Sol de Janeiro
2697-RIT,4645,Karma Rituals,VERIFIED,WEB_VERIFIED_FRAGRANTICA,46391,Rituals,The Ritual of Karma Body Mist,https://www.fragrantica.com/p/46391,WEB_VERIFIED_FRAGRANTICA,1.0000,0.3810,REVIEW,NAME_PRESENT_LOW_SCORE,,Rituals
2699-RIT,4646,Ayurveda Rituals,VERIFIED,WEB_VERIFIED_FRAGRANTICA,52638,Rituals,The Ritual of Ayurveda,https://www.fragrantica.com/p/52638,WEB_VERIFIED_FRAGRANTICA,1.0000,0.4211,REVIEW,NAME_PRESENT_LOW_SCORE,,Rituals
2773-RIT,5014,The Rituals of Mehr,VERIFIED,WEB_VERIFIED_FRAGRANTICA,83081,,,https://www.fragrantica.com/perfume/Rituals/The-Rituals-of-Mehr-Body-Mist-83081.html,WEB_VERIFIED_FRAGRANTICA,1.0000,0.0000,REVIEW,ID_ONLY_NEEDS_LOOKUP,,
2783-LTN,5051,Ink Mark Louis Vuitton,VERIFIED,WEB_VERIFIED_FRAGRANTICA,115407,,,https://www.fragrantica.com/perfume/Louis-Vuitton/Ink-Mark-115407.html,WEB_VERIFIED_FRAGRANTICA,1.0000,0.0000,REVIEW,ID_ONLY_NEEDS_LOOKUP,,
2785-VAL,5053,Valentino-donna-born-in-roma-extradose,VERIFIED,CONFIRMED_ID_IN_CORPUS,101384,Valentino,Born in Roma Extradose Donna,https://www.fragrantica.com/perfume/Valentino/Born-in-Roma-Extradose-Donna-101384.html,CONFIRMED_ID_IN_CORPUS,1.0000,0.7500,REVIEW,NAME_PRESENT_LOW_SCORE,,Valentino
2786-LTN,5054,Rain Tea Louis Vuitton,VERIFIED,WEB_VERIFIED_FRAGRANTICA,115406,,,https://www.fragrantica.com/perfume/Louis-Vuitton/Rain-Tea-115406.html,WEB_VERIFIED_FRAGRANTICA,1.0000,0.0000,REVIEW,ID_ONLY_NEEDS_LOOKUP,,
2791-LTN,5060,Moon Tale Louis Vuitton,VERIFIED,WEB_VERIFIED_FRAGRANTICA,115408,,,https://www.fragrantica.com/perfume/Louis-Vuitton/Moon-Tale-115408.html,WEB_VERIFIED_FRAGRANTICA,1.0000,0.0000,REVIEW,ID_ONLY_NEEDS_LOOKUP,,
2802-HER,5069,Terre Intense for men,VERIFIED,CONFIRMED_ID_IN_CORPUS,102772,Hermes,Terre d Hermes Intense,https://www.fragrantica.com/perfume/Hermes/Terre-d-Hermes-Intense-102772.html,CONFIRMED_ID_IN_CORPUS,1.0000,0.7429,REVIEW,NAME_PRESENT_LOW_SCORE,,Hermes
2829-PARF,5096,Athénaïs,VERIFIED,CONFIRMED_ID_IN_CORPUS,123716,Parfums de Marly,Athenais,https://www.fragrantica.com/perfume/Parfums-de-Marly/Athenais-123716.html,CONFIRMED_ID_IN_CORPUS,1.0000,0.7500,REVIEW,NAME_PRESENT_LOW_SCORE,,Parfums de Marly
2837-GUL,5105,Scandal-pour-homme-elixir,VERIFIED,CONFIRMED_ID_IN_CORPUS,121453,Jean Paul Gaultier,Scandal Pour Homme Elixir,https://www.fragrantica.com/perfume/Jean-Paul-Gaultier/Scandal-Pour-Homme-Elixir-121453.html,CONFIRMED_ID_IN_CORPUS,1.0000,0.7179,REVIEW,NAME_PRESENT_LOW_SCORE,,Jean Paul Gaultier
