prestashop_product_id,shobi_code,fragrantica_id,gender,gender_source,gender_ocr_text,winter,spring,summer,fall,main_season,season_confidence,season_margin,local_path
5069,2802-HER,102772,,OCR_UNRESOLVED,el et eae le terre d hermes intense ee hermes ao formen main accords ry oy it lerre d hermes intense hermes formen main accords,0.3370,0.3653,0.1111,0.3875,fall,MEDIUM,0.0221,fragrantica-scraper-archive/social-cards/images/5069_2802-HER_102772.jpeg
5011,2772-DOL,62311,,OCR_UNRESOLVED,k dy d olce g dolce appan j fornien gabbana a hau ae partum wat oy et eae yao oat accords eee k dy voice gabbdana kau de paritum dolce gabbana ae formen visor main accords ff ps ee hie ene ls hy ee,0.1259,0.3432,0.3481,0.3616,TIE,TIE,0.0135,fragrantica-scraper-archive/social-cards/images/5011_2772-DOL_62311.jpeg
4823,199-CARO,3166,,OCR_UNRESOLVED,bp clea tay pour un homme de caron caron see formen main accords ee batt pour un homme de caron ea nh caron ier per nr formen main accords ce,0.1963,0.3432,0.2741,0.3063,spring,MEDIUM,0.0369,fragrantica-scraper-archive/social-cards/images/4823_199-CARO_3166.jpeg
4745,2662-LAT,101124,,OCR_UNRESOLVED,asad bourbon lattafa perfumes ai eieae formen main accords vanilla a acts asad bourbon lattafa perfumes io formen main accords vanilla a,0.4778,0.1550,0.1074,0.3985,winter,MEDIUM,0.0793,fragrantica-scraper-archive/social-cards/images/4745_2662-LAT_101124.jpeg
4526,2673-ARB,69012,,OCR_UNRESOLVED,al fareed arabian oud eines formen s main accords a aye al fareed arabian oud formen main accords musky a,0.3815,0.2546,0.1370,0.2989,winter,MEDIUM,0.0826,fragrantica-scraper-archive/social-cards/images/4526_2673-ARB_69012.jpeg
4486,2458-LTN,93785,,OCR_UNRESOLVED,hoare wh a pega ers lv lovers oe ee pala pose ae j j teat parad louis vuitton se formen main accords woody a ar lv lovers tes ae louis vuitton formen main accords ee,0.2444,0.3653,0.3481,0.2878,TIE,TIE,0.0172,fragrantica-scraper-archive/social-cards/images/4486_2458-LTN_93785.jpeg
4422,2627-LTN,62251,,OCR_UNRESOLVED,ratan ear ane ee meteore louis vuitton pie formen main accords citrus aa pp is meteore louis vuitton formen main accords citrus oy,0.1259,0.3542,0.3741,0.2214,TIE,TIE,0.0198,fragrantica-scraper-archive/social-cards/images/4422_2627-LTN_62251.jpeg
4363,2529-VER,647,,OCR_UNRESOLVED,gab teenes versace l homme versace ae formen main accords citrus b a ee rite versace l homme at versace a formen main accords citrus a,0.3370,0.3653,0.1370,0.3875,fall,MEDIUM,0.0221,fragrantica-scraper-archive/social-cards/images/4363_2529-VER_647.jpeg
4339,2566-VER,92647,,OCR_UNRESOLVED,eros energy versace een formen main accords citrus ar eee eros knergy versace formen main accords citrus,0.1259,0.3875,0.5407,0.1439,summer,HIGH,0.1533,fragrantica-scraper-archive/social-cards/images/4339_2566-VER_92647.jpeg
4256,2538-GUL,89720,,OCR_UNRESOLVED,le male lover jean paul gaultier seat formen i main accords vanilla le male lover jean paul gaultier formen main accords vanilla,0.2444,0.2989,0.3481,0.2878,summer,MEDIUM,0.0493,fragrantica-scraper-archive/social-cards/images/4256_2538-GUL_89720.jpeg
4243,2517-MNTB,90137,,OCR_UNRESOLVED,shae legend blue oe aes montblanc seen formen bs main accords ee legend blue montblanc pos formen main accords a,0.1259,0.3653,0.4037,0.2103,summer,MEDIUM,0.0384,fragrantica-scraper-archive/social-cards/images/4243_2517-MNTB_90137.jpeg
4180,2432-ROJ,17934,,OCR_UNRESOLVED,danger pour homme roja dove ra cated formen main accords danger pour homme roja dove ole formen main accords oy,0.3370,0.2989,0.2741,0.3616,fall,MEDIUM,0.0246,fragrantica-scraper-archive/social-cards/images/4180_2432-ROJ_17934.jpeg
4140,2410-GUL,88836,,OCR_UNRESOLVED,ceaces eten le beau paradise garden jean paul gaultier et formen main accords pay re le beau paradise garden jean paul gaultier mae formen oa main accords a i rapa pay,0.1259,0.4133,0.5407,0.1255,summer,HIGH,0.1275,fragrantica-scraper-archive/social-cards/images/4140_2410-GUL_88836.jpeg
4123,2388-PARF,90199,,OCR_UNRESOLVED,perseus parfums de marly eas formen ts main accords citrus a perseus parfums de marly gs formen ret erte main accords citrus a,0.1259,0.4133,0.4852,0.1550,summer,MEDIUM,0.0719,fragrantica-scraper-archive/social-cards/images/4123_2388-PARF_90199.jpeg
4106,2333-XER,6310,,OCR_UNRESOLVED,metisto casamorati veal formen om main accords citrus ea a metisto oe casamorati ee formen main accords citrus,0.1259,0.4170,0.4704,0.1550,summer,MEDIUM,0.0534,fragrantica-scraper-archive/social-cards/images/4106_2333-XER_6310.jpeg
4102,2347-AMG,54460,,OCR_UNRESOLVED,portrayal man oe ortray amouage pues formen ww main accords eames a portrayal man if amouage oye formen main accords a ee,0.1519,0.3542,0.2741,0.3063,spring,MEDIUM,0.0480,fragrantica-scraper-archive/social-cards/images/4102_2347-AMG_54460.jpeg
4090,1481-EON,15944,,OCR_UNRESOLVED,james bond eon productions cerele formen main accords a fs james bond eon productions formen main accords a,0.3370,0.3653,0.1704,0.3875,fall,MEDIUM,0.0221,fragrantica-scraper-archive/social-cards/images/4090_1481-EON_15944.jpeg
4013,2320-LTN,67370,,OCR_UNRESOLVED,imagination eluate louis vuitton ee formen main accords r citrus ip ad imagination louis vuitton formen main accords citrus a,0.1259,0.3653,0.4704,0.1771,summer,HIGH,0.1051,fragrantica-scraper-archive/social-cards/images/4013_2320-LTN_67370.jpeg
3958,,56324,,OCR_UNRESOLVED,y feige co sauvage partum dior heer res formen main accords citrus fs sauvage partum dior ier formen main accords citrus fs,0.3074,0.2768,0.1704,0.3247,TIE,TIE,0.0173,fragrantica-scraper-archive/social-cards/images/3958_unknown_56324.jpeg
3952,2302-CARO,4024,,OCR_UNRESOLVED,alts oe caron aeeenc clan formen main accords ia eoe ee yatagan caron formen main accords,0.3556,0.2362,0.1370,0.3875,fall,MEDIUM,0.0319,fragrantica-scraper-archive/social-cards/images/3952_2302-CARO_4024.jpeg
3926,2274-XER,6309,,OCR_UNRESOLVED,kobe ee eee a xerjoff horan formen main accords i citrus dy kope xerjoft ny ee le formen main accords citrus dy,0.1259,0.4244,0.3926,0.2103,spring,MEDIUM,0.0318,fragrantica-scraper-archive/social-cards/images/3926_2274-XER_6309.jpeg
3899,2258-DRC,6555,,OCR_UNRESOLVED,fahrenheit absolute main accords fahrenheit absolute pee hes dior ee formen main accords amber ee,0.4778,0.1328,0.1074,0.4133,winter,MEDIUM,0.0645,fragrantica-scraper-archive/social-cards/images/3899_2258-DRC_6555.jpeg
3825,2240-PAC,71708,,OCR_UNRESOLVED,million kwxir peteaniacn rabanne besa cose formen main accords d vanilla fe a miliion khxir eet rabanne os formen main accords vanilla a,0.4593,0.1771,0.1074,0.3764,winter,MEDIUM,0.0829,fragrantica-scraper-archive/social-cards/images/3825_2240-PAC_71708.jpeg
3821,2226-BON,20551,,OCR_UNRESOLVED,the scent of peace tor him bond no see formen ps main accords lhe scent of peace tor him bond no eae ee formen main accords a,0.1259,0.3875,0.3704,0.2214,TIE,TIE,0.0171,fragrantica-scraper-archive/social-cards/images/3821_2226-BON_20551.jpeg
3805,2230-VAR,31760,,OCR_UNRESOLVED,dark rebel john varvatos leas formen a main accords a dark rebel john varvatos oe formen main accords ad dm dark sebel a,0.4778,0.1218,0.1074,0.4649,TIE,TIE,0.0128,fragrantica-scraper-archive/social-cards/images/3805_2230-VAR_31760.jpeg
3786,2167-GUL,81642,,OCR_UNRESOLVED,le male enxx r jean paul gaultier ae formen j main accords vanilla pay le male eknx r jean paul gaultier ope ory formen main accords vanilla,0.5074,0.1218,0.1074,0.3875,winter,HIGH,0.1200,fragrantica-scraper-archive/social-cards/images/3786_2167-GUL_81642.jpeg
3667,1868-VER,2318,,OCR_UNRESOLVED,versace pour homme ee versace capriies formen main accords te citrus we as versace pour homme versace serpe formen main accords citrus i es,0.1259,0.3985,0.5185,0.1587,summer,HIGH,0.1200,fragrantica-scraper-archive/social-cards/images/3667_1868-VER_2318.jpeg
3603,2060-BAT,76785,,OCR_UNRESOLVED,whiskey reserve ae bath body works cieeed formen main accords sn ike whiskey reserve pad sah bath body works orme ee a formen main accords,0.3741,0.1661,0.1222,0.3985,fall,MEDIUM,0.0244,fragrantica-scraper-archive/social-cards/images/3603_2060-BAT_76785.jpeg
3602,2151-GIV,78639,,OCR_UNRESOLVED,esaeear sie gentleman society givenchy ane formen main accords al gentleman society givenchy ic poco formen main accords a,0.3593,0.3653,0.1074,0.3875,fall,MEDIUM,0.0221,fragrantica-scraper-archive/social-cards/images/3602_2151-GIV_78639.jpeg
3574,2142-PARF,63100,,OCR_UNRESOLVED,pegasus exclusii parfums de marly ze ones formen main accords pegasus exclusit parfums de marly formen main accords,0.4037,0.2103,0.1074,0.3875,TIE,TIE,0.0162,fragrantica-scraper-archive/social-cards/images/3574_2142-PARF_63100.jpeg
3564,2130-AMG,920,,OCR_UNRESOLVED,retlection man amouage ee ei formen main accords ie pene retliection man ines amouage oe rele formen main accords,0.1519,0.3432,0.2926,0.2878,spring,MEDIUM,0.0506,fragrantica-scraper-archive/social-cards/images/3564_2130-AMG_920.jpeg
3538,2128-BEN,77611,,OCR_UNRESOLVED,fae yer we are ripe benetton ieee ae formen main accords a i ae fy cech rg we are ribe benetton feta formen main accords citrus fy,0.1259,0.3875,0.4296,0.1771,summer,MEDIUM,0.0422,fragrantica-scraper-archive/social-cards/images/3538_2128-BEN_77611.jpeg
3537,2127-HUG,79762,,OCR_UNRESOLVED,boss bottled pacihc hugo boss ea formen a main accords coconut boss bottled pacific ae hugo boss car ae tore formen es main accords coconut ll a,0.1259,0.3875,0.6074,0.1439,summer,HIGH,0.2200,fragrantica-scraper-archive/social-cards/images/3537_2127-HUG_79762.jpeg
3510,2112-GUC,693,,OCR_UNRESOLVED,guccl rush tor men gucci ee formen a main accords oy guccl rush tor men aed gucci io be steet teed formen main accords oy,0.2444,0.3653,0.2741,0.3616,TIE,TIE,0.0037,fragrantica-scraper-archive/social-cards/images/3510_2112-GUC_693.jpeg
3505,2036-GIS,58226,,OCR_UNRESOLVED,ieee ambassador men gisada aan formen main accords ambassador men gisada formen se main accords,0.3370,0.3653,0.1704,0.3616,TIE,TIE,0.0037,fragrantica-scraper-archive/social-cards/images/3505_2036-GIS_58226.jpeg
3498,2101-KUR,26252,,OCR_UNRESOLVED,masculin plurtel maison francis kurkdjian eee formen main accords os mascuiin pluriel maison francis kurkdjian formen main accords os,0.1963,0.3210,0.2741,0.3616,fall,MEDIUM,0.0406,fragrantica-scraper-archive/social-cards/images/3498_2101-KUR_26252.jpeg
3485,,46802,,OCR_UNRESOLVED,rab sereds tea b oe marc antoine barrois bide asta formen main accords warm spicy a oo ed oo atts marc antoine barrois formen main accords tn a,0.3370,0.3653,0.1074,0.3764,TIE,TIE,0.0111,fragrantica-scraper-archive/social-cards/images/3485_unknown_46802.jpeg
3440,2021-ROJ,72723,,OCR_UNRESOLVED,apex eee roja dove eieaerenes formen main accords oy a bh apex or roja dove el formen main accords,0.3370,0.2989,0.2741,0.3616,fall,MEDIUM,0.0246,fragrantica-scraper-archive/social-cards/images/3440_2021-ROJ_72723.jpeg
3312,1156-HER,17,,OCR_UNRESOLVED,mi r arn eed terre d hermes herme s seen formen main accords citrus oj a fs ke lerre d hermes pe hermes rees formen main accords citrus a,0.1963,0.3210,0.2741,0.3616,fall,MEDIUM,0.0406,fragrantica-scraper-archive/social-cards/images/3312_1156-HER_17.jpeg
3281,1065-CHA,607,,OCR_UNRESOLVED,pial re allure homme sport pear eee chanel sae formen main accords ie citrus fy ete the allure homme sport chanel oop dose formen main accords in citrus fy,0.1259,0.3875,0.4704,0.1771,summer,MEDIUM,0.0829,fragrantica-scraper-archive/social-cards/images/3281_1065-CHA_607.jpeg
3214,2018-ARM,75126,,OCR_UNRESOLVED,armani code parfum giorgio armani ena formen main accords fy el arman code partum h giorgio armani formen main accords,0.3074,0.2878,0.1704,0.3100,TIE,TIE,0.0026,fragrantica-scraper-archive/social-cards/images/3214_2018-ARM_75126.jpeg
3175,1167-HUG,570,,OCR_UNRESOLVED,ago b eee for s ls mi main accords ret o hugo hugo boss ba le tete fe formen main accords th,0.1259,0.4170,0.3815,0.1882,spring,MEDIUM,0.0355,fragrantica-scraper-archive/social-cards/images/3175_1167-HUG_570.jpeg
3115,2000-BLG,59754,,OCR_UNRESOLVED,kobraa bvlgari bie ey formen a main accords ee e e e e e eeee n rg kopraa pe bh ers bvlgari ae om formen a main accords a,0.3370,0.3653,0.1704,0.3616,TIE,TIE,0.0037,fragrantica-scraper-archive/social-cards/images/3115_2000-BLG_59754.jpeg
2967,1935-PARF,70776,,OCR_UNRESOLVED,ae eoeina th haltane parfums de marly egaeas formen main accords haltane e parfums de marly er formen la main accords dy,0.4037,0.2214,0.1074,0.3764,winter,MEDIUM,0.0273,fragrantica-scraper-archive/social-cards/images/2967_1935-PARF_70776.jpeg
2823,998-ABE,38014,,OCR_UNRESOLVED,fierce icon abercrombie fitch buea formen i main accords flerce icon abercrombie fitch formen main accords fresh spey,0.2444,0.3653,0.2741,0.2878,spring,MEDIUM,0.0775,fragrantica-scraper-archive/social-cards/images/2823_998-ABE_38014.jpeg
2820,1917-MNTB,71652,,OCR_UNRESOLVED,legend hed montblanc saree formen main accords montean citrus legend red montblanc nt formen a main accords monta a a citrus fs,0.1259,0.3542,0.3259,0.2768,spring,MEDIUM,0.0283,fragrantica-scraper-archive/social-cards/images/2820_1917-MNTB_71652.jpeg
2770,1862-PRA,39029,,OCR_UNRESOLVED,een prada lhomme ae prada ees formen main accords powdery prada l homme prada formen main accords powdery a,0.1519,0.3432,0.3481,0.3616,TIE,TIE,0.0135,fragrantica-scraper-archive/social-cards/images/2770_1862-PRA_39029.jpeg
2760,1867-VER,52180,,OCR_UNRESOLVED,am sire versace paani formen main accords citrus a a eros flame versace formen ct main accords citrus a,0.3148,0.2620,0.1704,0.3247,TIE,TIE,0.0099,fragrantica-scraper-archive/social-cards/images/2760_1867-VER_52180.jpeg
2756,1855-LTN,49751,,OCR_UNRESOLVED,i ite ee eed limmensite louis vuitton ee formen main accords limmensite mu fil louis vuitton ee ee formen main accords,0.1259,0.3432,0.3593,0.2878,TIE,TIE,0.0161,fragrantica-scraper-archive/social-cards/images/2756_1855-LTN_49751.jpeg
2734,997-ABE,3508,,OCR_UNRESOLVED,fierce abercrombie fitch ee formen main accords ny fierce abercrombie fitch formen main accords a,0.1370,0.3432,0.3778,0.2878,summer,MEDIUM,0.0346,fragrantica-scraper-archive/social-cards/images/2734_997-ABE_3508.jpeg
2660,1798-AMG,25251,,OCR_UNRESOLVED,journey man amouage eee formen main accords journey man amouage ae formen main accords fs fresh spicy,0.3593,0.2546,0.1074,0.3764,TIE,TIE,0.0171,fragrantica-scraper-archive/social-cards/images/2660_1798-AMG_25251.jpeg
2605,1773-PRA,68753,,OCR_UNRESOLVED,luna rossa ocean prada es formen main accords luna rossa ocean he prada em formen main accords ss,0.1259,0.3653,0.3926,0.2214,summer,MEDIUM,0.0273,fragrantica-scraper-archive/social-cards/images/2605_1773-PRA_68753.jpeg
2553,1736-PRFRO,11700,,OCR_UNRESOLVED,profumum roma daleks formen main accords ae cc arso profumum roma io formen main accords ee a a,0.4407,0.1218,0.1074,0.4649,fall,MEDIUM,0.0242,fragrantica-scraper-archive/social-cards/images/2553_1736-PRFRO_11700.jpeg
2439,1704-CAR,65988,,OCR_UNRESOLVED,heroes carolina herrera ie cna formen main accords sn heroes carolina herrera formen main accords,0.1259,0.3985,0.3926,0.1882,TIE,TIE,0.0059,fragrantica-scraper-archive/social-cards/images/2439_1704-CAR_65988.jpeg
2366,1616-MDI,5937,,OCR_UNRESOLVED,invasion barbare mdci parfums ae on formen main accords sone invasion barbare mdci parfums formen main accords ay,0.2037,0.3210,0.2741,0.3616,fall,MEDIUM,0.0406,fragrantica-scraper-archive/social-cards/images/2366_1616-MDI_5937.jpeg
2341,1630-GUL,68074,,OCR_UNRESOLVED,scandal pour homme jean paul gaultier bolte formen gill main accords a eie x scandal pour homme jean paul gaultier formen ail hi main accords,0.4185,0.1993,0.1074,0.3838,winter,MEDIUM,0.0348,fragrantica-scraper-archive/social-cards/images/2341_1630-GUL_68074.jpeg
2311,1477-HER,65147,,OCR_UNRESOLVED,ack ws cerca at ee a fete coe tare hermes gareeeree formen ht main accords y z hi hermes bae a formen main accords a,0.1259,0.3985,0.3815,0.2103,TIE,TIE,0.0170,fragrantica-scraper-archive/social-cards/images/2311_1477-HER_65147.jpeg
2287,1484-VAL,55963,,OCR_UNRESOLVED,valentino uomo born in koma valentine a een main accords valentino uomo born in roma re ea valentino formen main accords ss,0.1370,0.3432,0.3481,0.2878,TIE,TIE,0.0050,fragrantica-scraper-archive/social-cards/images/2287_1484-VAL_55963.jpeg
2285,1488-LBI,629,,OCR_UNRESOLVED,roma uomo laura biagiotti eee formen main accords citrus fy homa uomo laura biagiotti ce formen main accords citrus,0.2000,0.3653,0.2741,0.3616,TIE,TIE,0.0037,fragrantica-scraper-archive/social-cards/images/2285_1488-LBI_629.jpeg
2283,1483-DSQ,12937,,OCR_UNRESOLVED,tart serie atle potion dsquared ay formen main accords es potion dsquared formen main accords la ts,0.4407,0.1328,0.1074,0.4686,fall,MEDIUM,0.0279,fragrantica-scraper-archive/social-cards/images/2283_1483-DSQ_12937.jpeg
2090,347-TMFO,6697,,OCR_UNRESOLVED,pebeeie ca grey vetiver tom ford ree formen main accords grey vetiver tom ford es ali formen main accords es,0.1259,0.3875,0.3481,0.2657,spring,MEDIUM,0.0393,fragrantica-scraper-archive/social-cards/images/2090_347-TMFO_6697.jpeg
1948,102-AMG,15294,,OCR_UNRESOLVED,pis seely interlude man amouage eee formen p main accords go lbs on interlude man amouage mare formen main accords fy,0.5074,0.1218,0.1074,0.3875,winter,HIGH,0.1200,fragrantica-scraper-archive/social-cards/images/1948_102-AMG_15294.jpeg
1926,1482-VIC,1461,,OCR_UNRESOLVED,antidote viktor rolf es formen main accords dy aon rat antidote viktor rolf eee gers formen main accords,0.3370,0.3653,0.1074,0.3875,fall,MEDIUM,0.0221,fragrantica-scraper-archive/social-cards/images/1926_1482-VIC_1461.jpeg
1914,1201-LBI,3002,,OCR_UNRESOLVED,venezia uomo laura biagiotti seen formen main accords a venezia uomo ee ret laura biagiotti mea formen main accords es ci ee,0.3370,0.2435,0.1370,0.3875,fall,MEDIUM,0.0504,fragrantica-scraper-archive/social-cards/images/1914_1201-LBI_3002.jpeg
1821,339-TMFO,52790,,OCR_UNRESOLVED,mae caer beau de jour tom ford ae formen main accords wy fy beau de jour tom ford iow ae formen main accords,0.3370,0.3653,0.2741,0.3616,TIE,TIE,0.0037,fragrantica-scraper-archive/social-cards/images/1821_339-TMFO_52790.jpeg
1762,1188-KAR,45857,,OCR_UNRESOLVED,bois de vetiver karl lagerfeld peeks formen main accords citrus fy ral bois de vetiver karl lagerfeld formen main accords citrus fy,0.1259,0.3985,0.3815,0.2214,TIE,TIE,0.0170,fragrantica-scraper-archive/social-cards/images/1762_1188-KAR_45857.jpeg
1414,167-RAS,19688,,OCR_UNRESOLVED,daare pour homme rasasi aeaannee formen main accords vanilla oo att daare pour homme rasasi be a formen main accords vanilla l fs,0.3593,0.3653,0.1111,0.3875,fall,MEDIUM,0.0221,fragrantica-scraper-archive/social-cards/images/1414_167-RAS_19688.jpeg
1406,106-ARB,21560,,OCR_UNRESOLVED,sultan blend arabian oud anes formen main accords white floral ft sultan blend arabian oud a formen main accords white floral ft,0.2704,0.2620,0.2704,0.2768,TIE,TIE,0.0064,fragrantica-scraper-archive/social-cards/images/1406_106-ARB_21560.jpeg
1246,360-TMFO,30957,,OCR_UNRESOLVED,noir pour femme fom fo fe ee atta main accords nolr pour kemme fens aare ee tom ford f ae main accords ih,0.4963,0.1218,0.1074,0.4649,winter,MEDIUM,0.0314,fragrantica-scraper-archive/social-cards/images/1246_360-TMFO_30957.jpeg
1245,359-TMFO,29675,,OCR_UNRESOLVED,faerie st noir extreme tom ford reece formen main accords fy ses noir extreme tom ford formen main accords fy,0.4778,0.1328,0.1074,0.4649,TIE,TIE,0.0128,fragrantica-scraper-archive/social-cards/images/1245_359-TMFO_29675.jpeg
1122,219-CRD,41698,,OCR_UNRESOLVED,lil pig etm seer creed areas formen main accords oy viiking ee creed anes formen main accords,0.3370,0.3653,0.2741,0.3616,TIE,TIE,0.0037,fragrantica-scraper-archive/social-cards/images/1122_219-CRD_41698.jpeg
1121,218-CRD,7515,,OCR_UNRESOLVED,peart vetiver creed ee ts formen main accords citrus a vetiver creed oes formen main accords citrus,0.1259,0.3875,0.3741,0.2878,TIE,TIE,0.0134,fragrantica-scraper-archive/social-cards/images/1121_218-CRD_7515.jpeg
1114,210-CRD,474,,OCR_UNRESOLVED,green irish weed creed es formen main accords ozonic fy care green irish weed creed op fe formen main accords ozonic fy,0.1259,0.3985,0.3778,0.2878,spring,MEDIUM,0.0207,fragrantica-scraper-archive/social-cards/images/1114_210-CRD_474.jpeg
1110,204-CRD,9828,,OCR_UNRESOLVED,eee aeatale teh ems hy aventus creed aig eaees formen main accords aaa aventus creed formen main accords om,0.1519,0.3653,0.3741,0.2878,TIE,TIE,0.0088,fragrantica-scraper-archive/social-cards/images/1110_204-CRD_9828.jpeg
365,1290-ZAD,39359,,OCR_UNRESOLVED,this is him zadig voltaire aoe formen main accords fy this s him zadig voltaire formen main accords,0.4111,0.1882,0.1074,0.4244,TIE,TIE,0.0132,fragrantica-scraper-archive/social-cards/images/365_1290-ZAD_39359.jpeg
362,1286-YZLO,562,,OCR_UNRESOLVED,oplum pour homme yves saint laurent eee ee formen ss main accords e oplum pour homme yves saint laurent oe formen main accords,0.4333,0.1771,0.1074,0.3985,winter,MEDIUM,0.0348,fragrantica-scraper-archive/social-cards/images/362_1286-YZLO_562.jpeg
360,1284-YZLO,1031,,OCR_UNRESOLVED,m eecie ce aoa fare ie ra yves saint laurent i ee fo rmen main accords es ee ee m ines fc an yves saint laurent formen main accords ee,0.4963,0.1328,0.1074,0.3875,winter,HIGH,0.1088,fragrantica-scraper-archive/social-cards/images/360_1284-YZLO_1031.jpeg
359,1283-YZLO,24473,,OCR_UNRESOLVED,l homme sport a yves saint laurent esko area formen main accords a citrus a rope tee l homme sport yves saint laurent presah formen main accords citrus,0.1259,0.4391,0.4741,0.1587,summer,MEDIUM,0.0350,fragrantica-scraper-archive/social-cards/images/359_1283-YZLO_24473.jpeg
354,1278-YZLO,735,,OCR_UNRESOLVED,pease cat koulros ae yves saint laurent seeree formen a main accords musky ee ee ite cba el kouros itt or ey yves saint laurent dia rkalel formen main accords musky ee,0.4000,0.2362,0.1370,0.3616,winter,MEDIUM,0.0384,fragrantica-scraper-archive/social-cards/images/354_1278-YZLO_735.jpeg
352,1276-VIC,13857,,OCR_UNRESOLVED,bl fares see splcebdompd viktor rolf skeet formen main accords ee arveg spicebomb viktor rolf opr formen main accords,0.4630,0.1439,0.1074,0.4133,winter,MEDIUM,0.0497,fragrantica-scraper-archive/social-cards/images/352_1276-VIC_13857.jpeg
351,1275-VER,16657,,OCR_UNRESOLVED,eros es versace ie ee formen p main accords vanilla fs eros a eh versace aa ba a formen main accords vanilla fs,0.3370,0.3653,0.2741,0.2878,spring,MEDIUM,0.0283,fragrantica-scraper-archive/social-cards/images/351_1275-VER_16657.jpeg
348,1272-VER,637,,OCR_UNRESOLVED,bl are sime minnalt versace oe formen g main accords a arad blue jeans versace formen main accords es,0.1259,0.3875,0.3778,0.2878,TIE,TIE,0.0097,fragrantica-scraper-archive/social-cards/images/348_1272-VER_637.jpeg
344,1268-VAL,19558,,OCR_UNRESOLVED,sas valentino uomo valentino pie a formen main accords valentino uomo valentino formen main accords,0.4185,0.1771,0.1074,0.4244,TIE,TIE,0.0058,fragrantica-scraper-archive/social-cards/images/344_1268-VAL_19558.jpeg
342,1266-TRU,46287,,OCR_UNRESOLVED,ritlesso see ahees ponies trussardi hes formen ss main accords hhhhebs a so xan she waa aa r tlesso le wae ie trussardi opt io formen ea main accords hebe lia bo nant fa aaa awa,0.3370,0.3432,0.1222,0.3875,fall,MEDIUM,0.0443,fragrantica-scraper-archive/social-cards/images/342_1266-TRU_46287.jpeg
341,1265-TRU,16027,,OCR_UNRESOLVED,my land ae paar nt trussardi rs formen main accords li citrus a ote a a my land trussardi cape formen main accords citrus a,0.1963,0.3542,0.2741,0.3616,TIE,TIE,0.0074,fragrantica-scraper-archive/social-cards/images/341_1265-TRU_16027.jpeg
333,1256-ROC,1426,,OCR_UNRESOLVED,opener rochas man os rochas buns formen main accords rochas man rochas formen main accords,0.4111,0.2362,0.1074,0.3875,winter,MEDIUM,0.0237,fragrantica-scraper-archive/social-cards/images/333_1256-ROC_1426.jpeg
324,1247-RAL,18598,,OCR_UNRESOLVED,polo ked eta me kaa raloh lauren ee formen main accords citrus a ee ay polo red raloh lauren ae formen main accords citrus a,0.3370,0.2989,0.1815,0.3875,fall,MEDIUM,0.0504,fragrantica-scraper-archive/social-cards/images/324_1247-RAL_18598.jpeg
323,1246-RAL,1198,,OCR_UNRESOLVED,polo blue pelea apeen ralph lauren ee formen main accords ozonic fy toe polo blue a be ralph lauren so formen main accords ozonic,0.1259,0.3985,0.4963,0.1550,summer,MEDIUM,0.0978,fragrantica-scraper-archive/social-cards/images/323_1246-RAL_1198.jpeg
320,1243-PRA,31116,,OCR_UNRESOLVED,luna rossa sport prada ee formen i main accords vanilla fs luna rossa sport prada ay formen main accords vanilla fs,0.1741,0.3432,0.2704,0.2878,spring,MEDIUM,0.0554,fragrantica-scraper-archive/social-cards/images/320_1243-PRA_31116.jpeg
317,1240-PRA,15754,,OCR_UNRESOLVED,pane kee ie luna rossa prada eee formen main accords f oy ee luna rossa a prada mee err formen main accords jl ss,0.1259,0.4133,0.4037,0.2066,TIE,TIE,0.0096,fragrantica-scraper-archive/social-cards/images/317_1240-PRA_15754.jpeg
315,1238-PRA,3794,,OCR_UNRESOLVED,eaieeee infusion d homme prada ae formen main accords j powdery poh a ce eae i intusion d homme prada eras iar formen s main accords powdery ee,0.1259,0.3985,0.3148,0.2325,spring,MEDIUM,0.0837,fragrantica-scraper-archive/social-cards/images/315_1238-PRA_3794.jpeg
311,1232-PAC,526,,OCR_UNRESOLVED,paco rabanne pour homme i in ae main accords paco rabanne pour homme rabanne bx a ae aco formen main accords a es,0.3370,0.3210,0.2741,0.3616,fall,MEDIUM,0.0246,fragrantica-scraper-archive/social-cards/images/311_1232-PAC_526.jpeg
310,1231-PAC,37698,,OCR_UNRESOLVED,mulhion prive rabanne eee ae formen main accords nn mullion prive rabanne es oe formen main accords nn,0.4741,0.1181,0.1074,0.4465,winter,MEDIUM,0.0276,fragrantica-scraper-archive/social-cards/images/310_1231-PAC_37698.jpeg
307,1226-PAC,18471,,OCR_UNRESOLVED,pe a er invictus rabanne eee formen ry y main accords citrus cf a eee ts ths arad a invictus rabanne be at formen main accords i z ss citrus a,0.1259,0.3875,0.4704,0.1771,summer,MEDIUM,0.0829,fragrantica-scraper-archive/social-cards/images/307_1226-PAC_18471.jpeg
298,1216-MNTB,4023,,OCR_UNRESOLVED,starwalker montblanc ee formen main accords wu pe starwalker montblanc ee formen main accords i a,0.1259,0.3985,0.4296,0.1771,summer,MEDIUM,0.0311,fragrantica-scraper-archive/social-cards/images/298_1216-MNTB_4023.jpeg
296,1214-MNTB,33443,,OCR_UNRESOLVED,ber at say eet peden ear rante legend spirit montblanc formen ss main accords sg ey z citrus fs legend spirit montblanc mee formen a tte main accords citrus,0.1259,0.4244,0.4741,0.1328,summer,MEDIUM,0.0497,fragrantica-scraper-archive/social-cards/images/296_1214-MNTB_33443.jpeg
294,1212-MNTB,18861,,OCR_UNRESOLVED,pere aa legend intense montblanc ge formen main accords kd fs pen ar legend intense montblanc else formen main accords,0.2444,0.3653,0.2741,0.3616,TIE,TIE,0.0037,fragrantica-scraper-archive/social-cards/images/294_1212-MNTB_18861.jpeg
293,1211-MNTB,11784,,OCR_UNRESOLVED,legend ene montblanc eats formen gs main accords ct ee i eo ae ag be a legend sa montblanc bhd formen main accords e s,0.1926,0.3432,0.2926,0.2878,spring,MEDIUM,0.0506,fragrantica-scraper-archive/social-cards/images/293_1211-MNTB_11784.jpeg
292,1210-MNTB,4193,,OCR_UNRESOLVED,indtividuel montblanc se rae formen iq i main accords ana fy individuel montblanc op formen main accords fy,0.3370,0.3653,0.1704,0.3616,TIE,TIE,0.0037,fragrantica-scraper-archive/social-cards/images/292_1210-MNTB_4193.jpeg
288,1204-LOE,30321,,OCR_UNRESOLVED,solo loewe cedro loewe sata formen main accords solo loewe cedro loewe rie formen main accords,0.1963,0.3432,0.2741,0.3616,TIE,TIE,0.0185,fragrantica-scraper-archive/social-cards/images/288_1204-LOE_30321.jpeg
286,1202-LOE,6291,,OCR_UNRESOLVED,east sate ape k sencia pour homme loewe aoe formen i main accords ee ksencia pour homme loewe baa formen main accords,0.3370,0.3210,0.1481,0.3875,fall,MEDIUM,0.0504,fragrantica-scraper-archive/social-cards/images/286_1202-LOE_6291.jpeg
277,1192-KEN,1673,,OCR_UNRESOLVED,tokyo dy kenzo ae kenzo bees formen main accords citrus oy tokyo dy kenzo ath kenzo formen main accords citrus oy,0.1370,0.3764,0.2593,0.2989,spring,MEDIUM,0.0775,fragrantica-scraper-archive/social-cards/images/277_1192-KEN_1673.jpeg
271,1184-JOO,1251,,OCR_UNRESOLVED,joop homme joop iene formen main accords vanilla a joop homme joop elistr formen main accords vanilla,0.4963,0.1550,0.1074,0.3875,winter,HIGH,0.1088,fragrantica-scraper-archive/social-cards/images/271_1184-JOO_1251.jpeg
268,1181-GUL,30947,,OCR_UNRESOLVED,eee ae rate ran jean paul gaultier ae formen lu main accords lal vanilla ee wah nes ultra male vos jean paul gaultier formen main accords vanilla ee,0.4111,0.2362,0.1074,0.3875,winter,MEDIUM,0.0237,fragrantica-scraper-archive/social-cards/images/268_1181-GUL_30947.jpeg
267,1180-GUL,9502,,OCR_UNRESOLVED,ea eis a le male lerrible jean paul gaultier aeaee formen main accords le male lerriple jean paul gaultier formen main accords es fq eens,0.3370,0.2989,0.1704,0.3616,fall,MEDIUM,0.0246,fragrantica-scraper-archive/social-cards/images/267_1180-GUL_9502.jpeg
266,1179-GUL,430,,OCR_UNRESOLVED,le male ae jean paul gaultier este formen fe l main accords lant er a ira eee le male ca ce jean paul gaultier a formen main accords,0.3370,0.3653,0.1815,0.3063,spring,MEDIUM,0.0283,fragrantica-scraper-archive/social-cards/images/266_1179-GUL_430.jpeg
263,1175-JAC,1454,,OCR_UNRESOLVED,bl capri ae paradox tor men ed iia jacomo le aeiaa formen main accords paradox tor men jacomo formen main accords nee oe ee,0.1296,0.3432,0.3741,0.2878,summer,MEDIUM,0.0309,fragrantica-scraper-archive/social-cards/images/263_1175-JAC_1454.jpeg
256,1169-HUG,31445,,OCR_UNRESOLVED,peete aati boss he scent hugo boss sees formen main accords freshspicy ce boss the scent pe formen hugo boss oe main accords,0.3370,0.2435,0.1074,0.4133,fall,MEDIUM,0.0762,fragrantica-scraper-archive/social-cards/images/256_1169-HUG_31445.jpeg
255,1168-HUG,42484,,OCR_UNRESOLVED,papen es eon be hugo iced hugo boss meetin formen main accords p oy hugo iced hugo boss formen main accords oy,0.1259,0.4354,0.4963,0.1439,summer,MEDIUM,0.0609,fragrantica-scraper-archive/social-cards/images/255_1168-HUG_42484.jpeg
252,1164-HUG,571,,OCR_UNRESOLVED,gaberatea ree boss elements hugo boss leen formen main accords dy eter boss elements i hugo boss ones ea formen main accords a,0.2000,0.3210,0.2741,0.3875,fall,MEDIUM,0.0664,fragrantica-scraper-archive/social-cards/images/252_1164-HUG_571.jpeg
246,1156-HER,17,,OCR_UNRESOLVED,mi r arn eed terre d hermes herme s seen formen main accords citrus oj a fs ke lerre d hermes pe hermes rees formen main accords citrus a,0.1963,0.3210,0.2741,0.3616,fall,MEDIUM,0.0406,fragrantica-scraper-archive/social-cards/images/246_1156-HER_17.jpeg
240,1150-GLA,2069,,OCR_UNRESOLVED,eee dra nooir guy laroche re aaeees formen y main accords ts drakkar noir guy laroche formen main accords ee,0.3370,0.3653,0.1815,0.3616,TIE,TIE,0.0037,fragrantica-scraper-archive/social-cards/images/240_1150-GLA_2069.jpeg
230,1140-GIV,858,,OCR_UNRESOLVED,insense ultramarine givenchy ee formen a main accords ps oe fey bat insense ultramarine uy givenchy capes formen main accords oe,0.1259,0.3875,0.4963,0.1439,summer,HIGH,0.1088,fragrantica-scraper-archive/social-cards/images/230_1140-GIV_858.jpeg
225,1133-ARM,412,,OCR_UNRESOLVED,armani code ag giorgio armani peta formen main accords citrus a armani code apfiaeie eee giorgio armani formen main accords citrus,0.3815,0.1993,0.1111,0.3764,TIE,TIE,0.0051,fragrantica-scraper-archive/social-cards/images/225_1133-ARM_412.jpeg
224,1132-ARM,1067,,OCR_UNRESOLVED,armani attitude giorgio armani eran ect formen main accords ry fs armani athitude giorgio armani formen main accords,0.4185,0.1882,0.1074,0.3875,winter,MEDIUM,0.0311,fragrantica-scraper-archive/social-cards/images/224_1132-ARM_1067.jpeg
221,1129-ARM,24601,,OCR_UNRESOLVED,armani code ice a giorgio armani acsenn formen lf main accords i fs armani code ice giorgio armani formen main accords,0.1296,0.3653,0.3815,0.2878,TIE,TIE,0.0162,fragrantica-scraper-archive/social-cards/images/221_1129-ARM_24601.jpeg
220,1128-ARM,42895,,OCR_UNRESOLVED,armani code colonia sabet atebe bene fae giorgio armani ere formen main accords citrus fy oe armani code colonia ii giorgio armani formen main accords citrus fy,0.1259,0.3764,0.3593,0.2325,TIE,TIE,0.0171,fragrantica-scraper-archive/social-cards/images/220_1128-ARM_42895.jpeg
216,1123-ARM,410,,OCR_UNRESOLVED,acqua dl glo oe ee giorgio armani once formen main accords citrus es aie acqua dl g o fe res giorgio armani bart formen main accords citrus es,0.1259,0.3875,0.5630,0.1439,summer,HIGH,0.1755,fragrantica-scraper-archive/social-cards/images/216_1123-ARM_410.jpeg
213,1120-FER,24450,,OCR_UNRESOLVED,cedar essence ee ae ferrari senne formen main accords a ree nr cedar essence ferrari opt gl formen main accords,0.1259,0.3875,0.4296,0.1882,summer,MEDIUM,0.0422,fragrantica-scraper-archive/social-cards/images/213_1120-FER_24450.jpeg
211,1118-FAB,38206,,OCR_UNRESOLVED,eae erul faberge seca formen main accords yt ee alba tas brut faberge formen main accords eee,0.2444,0.3210,0.2741,0.2878,spring,MEDIUM,0.0332,fragrantica-scraper-archive/social-cards/images/211_1118-FAB_38206.jpeg
210,1117-EST,533,,OCR_UNRESOLVED,ener ea intuition tor men est e lauder aeons formen main accords gu l a er intuition tor men estee lauder foopeenti a ha formen main accords,0.1963,0.3875,0.2741,0.3063,spring,MEDIUM,0.0812,fragrantica-scraper-archive/social-cards/images/210_1117-EST_533.jpeg
209,1116-ZEG,28142,,OCR_UNRESOLVED,baumert tga uomo absolute ermenegildo zegna ee formen main accords ee uomo absolute ermenegildo zegna formen main accords eee,0.2444,0.3210,0.1370,0.3875,fall,MEDIUM,0.0664,fragrantica-scraper-archive/social-cards/images/209_1116-ZEG_28142.jpeg
204,1113-DSQ,27438,,OCR_UNRESOLVED,n ly gates dsquared see formen ii main accords cy ny a fs wud dsquared oun formen main accords qp,0.1370,0.3321,0.2815,0.3100,spring,MEDIUM,0.0221,fragrantica-scraper-archive/social-cards/images/204_1113-DSQ_27438.jpeg
202,1111-DSQ,1936,,OCR_UNRESOLVED,he wood dsquared ree formen main accords he wood rance mien ea dsquared formen main accords,0.1370,0.3653,0.2741,0.3616,TIE,TIE,0.0037,fragrantica-scraper-archive/social-cards/images/202_1111-DSQ_1936.jpeg
198,1107-DIE,39383,,OCR_UNRESOLVED,iets es peat bad aoe diesel tome ee formen or x main accords s romie a fue a diesel gees formen r by main accords yy xt,0.3370,0.2435,0.1481,0.3875,fall,MEDIUM,0.0504,fragrantica-scraper-archive/social-cards/images/198_1107-DIE_39383.jpeg
197,1106-DAV,590,,OCR_UNRESOLVED,zino davidolt a davidoff aorta formen main accords x yt zino davidot cn davidoff oitire i formen main accords yt,0.4000,0.2362,0.1074,0.3875,TIE,TIE,0.0125,fragrantica-scraper-archive/social-cards/images/197_1106-DAV_590.jpeg
196,1105-DAV,28801,,OCR_UNRESOLVED,the brilliant game davidoff sega formen main accords l wut the brilliant game davidoff formen timi ul main accords winn all u wu tr fy,0.3963,0.1993,0.1074,0.3764,TIE,TIE,0.0199,fragrantica-scraper-archive/social-cards/images/196_1105-DAV_28801.jpeg
184,1089-COM,8991,,OCR_UNRESOLVED,onderwood oe fee comme des garcons seas formen main accords fy i to a aie wonderwood rt aa rah comme des garcons formen main accords,0.3556,0.2362,0.1074,0.4649,fall,HIGH,0.1094,fragrantica-scraper-archive/social-cards/images/184_1089-COM_8991.jpeg
181,1085-DRC,31861,,OCR_UNRESOLVED,sauvage dior ae formen fi main accords fy sauvage dior see formen main accords ess,0.2037,0.2989,0.3481,0.2878,summer,MEDIUM,0.0493,fragrantica-scraper-archive/social-cards/images/181_1085-DRC_31861.jpeg
179,1083-DRC,86301,,OCR_UNRESOLVED,intense homme the dua brand ees formen uy main accords tol intense homme the dua brand oes pine formen main accords,0.4185,0.2362,0.1074,0.3875,winter,MEDIUM,0.0311,fragrantica-scraper-archive/social-cards/images/179_1083-DRC_86301.jpeg
178,1082-DRC,4033,,OCR_UNRESOLVED,dior homme sport dior eae formen main accords sb ee ta dior homme sport dior fet formen main accords citrus i dy,0.1259,0.3653,0.4963,0.1771,summer,HIGH,0.1310,fragrantica-scraper-archive/social-cards/images/178_1082-DRC_4033.jpeg
176,1080-DRC,230,,OCR_UNRESOLVED,dior homme dior rte formen main accords po s fs ta et dior homme dior oye formen main accords po,0.3741,0.2435,0.1074,0.3875,TIE,TIE,0.0134,fragrantica-scraper-archive/social-cards/images/176_1080-DRC_230.jpeg
172,,228,,OCR_UNRESOLVED,fanrenheit dior sae formen main accords a kahrennelit ae ar car fi dior formen main accords leather,0.4000,0.2362,0.1074,0.3764,winter,MEDIUM,0.0236,fragrantica-scraper-archive/social-cards/images/172_unknown_228.jpeg
162,1065-CHA,607,,OCR_UNRESOLVED,pial re allure homme sport pear eee chanel sae formen main accords ie citrus fy ete the allure homme sport chanel oop dose formen main accords in citrus fy,0.1259,0.3875,0.4704,0.1771,summer,MEDIUM,0.0829,fragrantica-scraper-archive/social-cards/images/162_1065-CHA_607.jpeg
156,1059-CRT,307,,OCR_UNRESOLVED,baayen en declaration cartier saati formen fey main accords d sox a j a declaration cartier aie formen main accords a,0.1926,0.3875,0.2741,0.3616,spring,MEDIUM,0.0258,fragrantica-scraper-archive/social-cards/images/156_1059-CRT_307.jpeg
152,1054-CAR,1054,,OCR_UNRESOLVED,sexy men carolina herrera pepeeeey ee formen main accords vanilla a sexy men carolina herrera formen main accords vanilla a,0.4185,0.1771,0.1074,0.3875,winter,MEDIUM,0.0311,fragrantica-scraper-archive/social-cards/images/152_1054-CAR_1054.jpeg
141,1041-BLG,143,,OCR_UNRESOLVED,bvigar pour homme bvlgari cheater sd formen main accords oy er aun oe ab bvigari pour homme bvlgari pa eee as formen main accords,0.1259,0.3985,0.3593,0.2214,spring,MEDIUM,0.0393,fragrantica-scraper-archive/social-cards/images/141_1041-BLG_143.jpeg
135,1034-BLG,153,,OCR_UNRESOLVED,aqva pour homme bvlgari oe formen main accords lar citrus a oe aqva pour homme bvlgari tee reat formen main accords citrus a,0.1259,0.3542,0.5630,0.1587,summer,HIGH,0.2087,fragrantica-scraper-archive/social-cards/images/135_1034-BLG_153.jpeg
134,1033-BRB,815,,OCR_UNRESOLVED,touch tor men burberry cea formen w main accords louch tor men burberry formen main accords oo,0.1963,0.3542,0.2741,0.3063,spring,MEDIUM,0.0480,fragrantica-scraper-archive/social-cards/images/134_1033-BRB_815.jpeg
121,1020-AZZ,38686,,OCR_UNRESOLVED,wanted azzaro eee formen c main accords ss dr ee e a de e wanted azzaro gat fa formen e main accords f sy oo u,0.2222,0.3210,0.2741,0.3616,fall,MEDIUM,0.0406,fragrantica-scraper-archive/social-cards/images/121_1020-AZZ_38686.jpeg
120,1019-AZZ,43131,,OCR_UNRESOLVED,aces chrome pure es azzaro eeaee ray formen main accords nn citrus fs chrome pure azzaro oye formen main accords citrus in fs,0.1259,0.3875,0.3926,0.2140,TIE,TIE,0.0051,fragrantica-scraper-archive/social-cards/images/120_1019-AZZ_43131.jpeg
119,1018-AZZ,2959,,OCR_UNRESOLVED,pata tts chrome legend pe el azzaro eee formen main accords crt ll chrome legend azzaro formen main accords,0.1259,0.4133,0.4963,0.1255,summer,MEDIUM,0.0830,fragrantica-scraper-archive/social-cards/images/119_1018-AZZ_2959.jpeg
117,1015-AZZ,13965,,OCR_UNRESOLVED,azzaro pour homme night lime main accords shed me azzaro pour homme night lime azzaro bia sage ane ae formen main accords,0.3370,0.3653,0.1222,0.3875,fall,MEDIUM,0.0221,fragrantica-scraper-archive/social-cards/images/117_1015-AZZ_13965.jpeg
113,1011-ARA,27572,,OCR_UNRESOLVED,adventurer aramis be ae formen i main accords rl yt adventurer aramis formen main accords yt es,0.1259,0.3875,0.4037,0.2103,TIE,TIE,0.0162,fragrantica-scraper-archive/social-cards/images/113_1011-ARA_27572.jpeg
112,1010-ACQ,9829,,OCR_UNRESOLVED,ekssenza di colonia acqua di parma es formen main accords citrus ee ae ae h ssenza di colonia oh acqua di parma oe a formen main accords citrus ee,0.1259,0.3875,0.4704,0.1771,summer,MEDIUM,0.0829,fragrantica-scraper-archive/social-cards/images/112_1010-ACQ_9829.jpeg
108,1005-ACQ,1684,,OCR_UNRESOLVED,colonia intensa acqua di parma sae formen main accords citrus yt erik colonia intensa acqua di parma es formen main accords citrus yt,0.1259,0.3875,0.3926,0.2214,TIE,TIE,0.0051,fragrantica-scraper-archive/social-cards/images/108_1005-ACQ_1684.jpeg
